"Lat_M","Lon_M","Date_M","Time_M","LAYER","TRANSECT","FishDensity","Targets_Binned","BottomDepth","N_YAOSized","YAO_FishDens","Stratum"
42.15953475,-80.2062565,20190708,06:22:49,"LO","T1A",62.308907649099,1,13.800254,0,0,1
42.16644546,-80.20875808,20190708,06:18:20,"LO","T1A",72.7910978041931,1,15.591315,0,0,1
42.17334086,-80.21133029,20190708,06:13:45,"LO","T1A",43.2914975792386,10,17.410671,0,0,1
42.18020251,-80.21400639,20190708,06:09:06,"LO","T1A",109.4953205697,14,18.643813,1,7.82109432640712,1
42.18704698,-80.21686466,20190708,06:04:25,"LO","T1A",287.633990766676,20,19.824765,1,14.3816995383338,1
42.19106829,-80.06491667,20190708,07:23:49,"LO","T1B",212.191096546929,4,13.304079,1,53.0477741367322,1
42.19385,-80.21978333,20190708,05:59:44,"LO","T1A",5163.44690428109,12,19.927282,0,0,1
42.19799708,-80.06772583,20190708,07:28:53,"LO","T1B",10.0783098308863,3,14.527568,1,3.35943661029545,1
42.20068962,-80.2224653,20190708,05:55:03,"LO","T1A",4567.21805394464,20,21.0644,1,228.360902697232,1
42.20480749,-80.07117472,20190708,07:33:21,"LO","T1B",185.211703422118,3,15.479898,1,61.7372344740394,1
42.20763743,-80.22496803,20190708,05:50:22,"LO","T1A",1817.50645427483,16,22.70312,1,113.594153392177,1
42.21174958,-80.07374986,20190708,07:37:52,"LO","T1B",3.14968303101379,2,16.317573,2,3.14968303101379,1
42.21455206,-80.22745624,20190708,05:45:40,"LO","T1A",1282.08582918176,17,23.560701,0,0,1
42.21871202,-80.07621512,20190708,07:42:26,"LO","T1B",106.268241852477,2,17.132841,1,53.1341209262387,1
42.22151544,-80.23007181,20190708,05:40:56,"LO","T1A",150.294012615022,21,23.324597,1,7.15685774357245,1
42.22836056,-80.23274241,20190708,05:36:11,"LO","T1A",131.611325212227,6,22.12709,0,0,1
42.2322,-80.08263333,20190708,07:51:26,"LO","T1B",4.57342433932109,6,18.304936,5,3.81118694943424,1
42.23519149,-80.23545272,20190708,05:31:28,"LO","T1A",407.93952718621,20,21.608763,1,20.3969763593105,1
42.23885205,-80.08606769,20190708,07:55:56,"LO","T1B",113.954499268918,3,19.165539,1,37.9848330896394,1
42.24205507,-80.23826836,20190708,05:26:44,"LO","T1A",58.4784574709235,17,22.020978,2,6.879818525991,1
42.24575916,-80.08866417,20190708,08:00:30,"LO","T1B",19.6788796285658,5,20.555876,3,11.8073277771395,1
42.24891279,-80.24098139,20190708,05:22:01,"LO","T1A",175.220028303901,13,22.365895,0,0,1
42.25270654,-80.09089107,20190708,08:05:05,"LO","T1B",38.8737793341616,5,21.702928,2,15.5495117336646,1
42.25581667,-80.24375,20190708,05:17:18,"LO","T1A",137.760457356903,21,21.408998,4,26.2400871156005,1
42.25971896,-80.09302299,20190708,08:09:41,"LO","T1B",357.012971949917,14,22.315353,1,25.5009265678512,1
42.26267647,-80.24651993,20190708,05:12:36,"LO","T1A",150.71662420137,26,21.335542,5,28.9839661925711,1
42.26665023,-80.09521119,20190708,08:14:17,"LO","T1B",364.603157349534,12,23.161786,1,30.3835964457945,1
42.26951218,-80.24930609,20190708,05:07:54,"LO","T1A",174.655597343312,30,21.265324,5,29.1092662238853,1
42.27362886,-80.09757629,20190708,08:18:51,"LO","T1B",138.74589599548,15,23.490265,6,55.498358398192,1
42.27636529,-80.25224353,20190708,05:03:12,"LO","T1A",422.545885004515,44,21.154474,13,124.843102387698,1
42.28034082,-80.10079944,20190708,08:23:19,"LO","T1B",1390.55806284015,13,23.147161,0,0,1
42.28200921,-79.80308947,20190716,06:43:10,"LO","T21a",143.16103626771,1,17.388163,0,0,2.1
42.28319361,-80.25510129,20190708,04:58:29,"LO","T1A",290.711875384323,17,21.509764,1,17.100698552019,1
42.28710023,-80.10403904,20190708,08:27:43,"LO","T1B",2000.44087687409,19,22.772544,4,421.145447762967,1
42.28883889,-79.80590139,20190716,06:47:34,"LO","T21a",97.9578024821589,2,16.374207,0,0,2.1
42.29005923,-80.25773641,20190708,04:53:48,"LO","T1A",180.086240212877,15,20.994342,4,48.0229973901006,1
42.29382725,-80.10734594,20190708,08:32:08,"LO","T1B",2633.36976999971,23,22.993002,7,801.460364782519,1
42.29576278,-79.80855426,20190716,06:51:56,"LO","T21a",152.264277192382,27,16.632916,1,5.63941767379194,2.1
42.29706667,-80.25983333,20190708,04:49:09,"LO","T1A",592.42294995351,12,21.076511,1,49.3685791627925,1
42.30065588,-80.11031307,20190708,08:36:36,"LO","T1B",2028.74276347854,31,23.818012,13,850.763094361968,1
42.30260732,-79.81136911,20190716,06:56:20,"LO","T21a",428.476246141831,24,20.891327,5,89.2658846128815,2.1
42.30406912,-80.26190637,20190708,04:44:30,"LO","T1A",939.211651270464,36,21.208321,8,208.713700282325,1
42.30756576,-80.11281637,20190708,08:41:04,"LO","T1B",1598.5793920414,29,24.976713,8,440.987418494179,1
42.30953458,-79.81390597,20190716,07:00:46,"LO","T21a",219.762302076811,41,29.249528,15,80.4008422232234,2.1
42.31094781,-80.26452149,20190708,04:39:48,"LO","T1A",289.350079121296,21,21.783504,5,68.892875981261,1
42.31454551,-80.11513333,20190708,08:45:31,"LO","T1B",3221.6721767546,35,26.036955,7,644.33443535092,1
42.31639561,-79.81664152,20190716,07:05:12,"LO","T21a",637.094337651193,47,32.979281,8,108.441589387437,2.1
42.31774174,-80.26768754,20190708,04:35:04,"LO","T1A",333.038530376047,26,22.489726,10,128.091742452326,1
42.32154104,-80.11740813,20190708,08:49:59,"LO","T1B",4651.65507417481,41,27.000449,11,1248.00501990056,1
42.32388333,-79.81943333,20190716,07:10:00,"LO","T21a",396.213288358838,46,35.06932,11,94.7466559118959,2.1
42.32442845,-80.27086961,20190708,04:30:22,"LO","T1A",1044.92536927887,23,23.152915,3,136.2946133842,1
42.32794778,-79.82073333,20190716,07:16:08,"LO","T21a",180.128480328901,37,35.874424,10,48.6833730618652,2.1
42.32849691,-80.11963256,20190708,08:54:24,"LO","T1B",2866.80151759597,56,27.959916,8,409.543073942281,1
42.33130237,-80.2735619,20190708,04:25:43,"LO","T1A",489.232322229511,16,23.591006,5,152.885100696722,1
42.33546667,-80.12183333,20190708,08:58:44,"LO","T1B",311.656539228598,56,28.774441,8,44.5223627469426,1
42.3370992,-79.82337169,20190716,07:22:01,"LO","T21a",154.129305163909,30,36.259929,5,25.6882175273181,2.1
42.33823463,-80.27598377,20190708,04:21:06,"LO","T1A",3776.65780985083,14,23.988533,3,809.283816396607,1
42.34235576,-80.12440192,20190708,09:03:03,"LO","T1B",269.546079442776,64,29.597277,11,46.3282324042272,1
42.34312788,-79.63206303,20190716,05:06:54,"LO","T21b",679.233899938297,1,16.759156,0,0,2.1
42.34376166,-79.82682611,20190716,07:26:37,"LO","T21a",747.668983801624,22,36.704914,0,0,2.1
42.34521056,-80.27815908,20190708,04:16:29,"LO","T1A",6497.76748737255,18,24.448912,0,0,1
42.34845,-80.2969,20190708,03:55:48,"LO","T1A",1996.06181253511,21,22.936452,5,475.252812508359,1
42.34924313,-80.12729656,20190708,09:07:18,"LO","T1B",217.342242793514,60,30.365706,17,61.5803021248291,1
42.34985943,-79.63557296,20190716,05:02:17,"LO","T21b",97.2335220297503,19,17.218384,1,5.11755379103949,2.1
42.35047219,-79.83019629,20190716,07:31:13,"LO","T21a",502.303871568941,26,36.982843,5,96.5968983786424,2.1
42.35215502,-80.28075723,20190708,04:11:52,"LO","T1A",2721.29024820935,9,24.902415,1,302.365583134373,1
42.35336393,-80.2916888,20190708,04:02:33,"LO","T1A",1464.05165583476,12,23.85722,5,610.021523264483,1
42.35369967,-80.29230033,20190708,03:45:59,"LO","T1A",1373.33091880988,12,23.946735,2,228.888486468314,1
42.35601667,-80.1303,20190708,09:11:32,"LO","T1B",310.072285397724,47,31.151823,11,72.5701093484035,1
42.356489,-79.63905378,20190716,04:57:39,"LO","T21b",390.805599665374,26,19.743991,3,45.0929538075431,2.1
42.35720142,-79.83341158,20190716,07:35:49,"LO","T21a",207.677492341505,12,37.220215,2,34.6129153902509,2.1
42.3582,-80.28371213,20190708,04:07:02,"LO","T1A",3941.51634030536,9,24.984745,3,1313.83878010179,1
42.35854245,-80.28826509,20190708,03:36:29,"LO","T1A",2068.87593278592,7,24.968478,1,295.553704683702,1
42.36281959,-80.13328528,20190708,09:15:50,"LO","T1B",130.699101785236,68,31.832679,15,28.8306842173314,1
42.36315067,-79.64260033,20190716,04:53:02,"LO","T21b",306.005014918177,34,23.234448,3,27.0004424927804,2.1
42.36423507,-79.83500058,20190716,07:40:24,"LO","T21a",894.842690437093,11,37.512107,1,81.3493354942812,2.1
42.36513316,-80.28612766,20190708,03:29:52,"LO","T1A",2709.11180127097,12,25.963556,1,225.759316772581,1
42.36970958,-80.13594764,20190708,09:20:14,"LO","T1B",904.258061793696,76,32.69901,7,83.2869267441562,1
42.36972815,-79.64643543,20190716,04:48:29,"LO","T21b",186.961754220115,20,28.447729,3,28.0442631330173,2.1
42.37089104,-79.96783333,20190709,06:26:11,"LO","T22a",73.990634443274,12,37.79042,4,24.6635448144247,2.2
42.37127772,-79.83667035,20190716,07:44:58,"LO","T21a",981.836870172372,30,37.939923,1,32.7278956724124,2.1
42.37206667,-80.28871667,20190708,03:25:32,"LO","T1A",5807.68196544235,12,26.867086,0,0,1
42.37383674,-80.13734337,20190708,09:22:51,"LO","T1B",2143.65726480388,15,33.46819,2,285.820968640517,1
42.37633914,-79.65012247,20190716,04:43:59,"LO","T21b",446.197653529466,26,31.978542,0,0,2.1
42.37828333,-79.96998333,20190709,06:31:05,"LO","T22a",1246.48030104313,11,38.323616,0,0,2.2
42.37828724,-79.8389415,20190716,07:49:31,"LO","T21a",1143.38501806164,29,38.611415,4,157.70827835333,2.1
42.37894359,-80.29131923,20190708,03:21:14,"LO","T1A",3706.68340300188,14,27.849867,0,0,1
42.37905,-80.13798333,20190709,03:23:35,"LO","T1b",447.537121258043,6,34.188855,2,149.179040419348,1
42.38289875,-79.65404875,20190716,04:39:30,"LO","T21b",457.838463032495,8,34.151348,0,0,2.1
42.38496664,-79.8423611,20190716,07:54:03,"LO","T21a",213.060253180054,26,39.352609,1,8.19462512230976,2.1
42.38524755,-79.97230474,20190709,06:35:34,"LO","T22a",99.9983107627929,11,39.067994,3,27.2722665716708,2.2
42.3857877,-80.139,20190709,03:19:12,"LO","T1b",120.016411738629,12,35.094026,4,40.005470579543,1
42.38587308,-80.29384327,20190708,03:16:55,"LO","T1A",2643.0514341512,3,28.9945,0,0,1
42.38948076,-79.65784273,20190716,04:35:01,"LO","T21b",130.061935856794,10,36.251789,2,26.0123871713588,2.1
42.39176667,-79.84536667,20190716,07:58:34,"LO","T21a",370.937278464506,27,40.334828,1,13.7384177209076,2.1
42.39222345,-79.97444115,20190709,06:40:02,"LO","T22a",62.1387585298618,1,40.180454,1,62.1387585298618,2.2
42.39281667,-80.2963,20190708,03:12:36,"LO","T1A",0.854318446136637,4,29.859973,0,0,1
42.39289852,-80.14004951,20190709,03:14:33,"LO","T1b",158.275351516944,6,35.744728,3,79.1376757584718,1
42.39602503,-79.66183891,20190716,04:30:31,"LO","T21b",329.414661019058,21,37.999753,1,15.686412429479,2.1
42.39875862,-79.84760287,20190716,08:03:04,"LO","T21a",885.943349373493,28,41.350168,3,94.9225017185885,2.1
42.3991538,-79.97691793,20190709,06:44:31,"LO","T22a",33.9915252391718,6,41.488921,2,11.3305084130573,2.2
42.39978266,-80.29872177,20190708,03:08:17,"LO","T1A",4.44690872791769,6,30.250179,1,0.741151454652949,1
42.40001243,-80.14106667,20190709,03:09:54,"LO","T1b",855.334469907854,6,36.120445,0,0,1
42.40240144,-79.66585652,20190716,04:26:04,"LO","T21b",238.720542587801,24,38.496372,4,39.7867570979668,2.1
42.40579958,-79.84954986,20190716,08:07:33,"LO","T21a",858.173331224019,14,42.842249,2,122.59619017486,2.1
42.40601667,-79.97968333,20190709,06:49:01,"LO","T22a",109.366753384679,6,42.1342,1,18.2277922307798,2.2
42.40673029,-80.30114343,20190708,03:03:57,"LO","T1A",48.2412765241679,6,30.674437,1,8.04021275402799,1
42.40705664,-80.1427911,20190709,03:05:14,"LO","T1b",17.956134283141,7,36.415458,5,12.8258102022436,1
42.40748333,-79.66898514,20190716,04:17:39,"LO","T21b",720.330261255721,44,39.006292,1,16.3711423012664,2.1
42.40991525,-79.49834953,20190710,05:27:54,"LO","T3a",58.0408184202061,2,14.814171,2,58.0408184202061,3
42.41264417,-79.66430583,20190716,04:05:21,"LO","T21b",86.5864463987078,44,39.207814,7,13.7751164725217,2.1
42.41292545,-79.98237252,20190709,06:53:31,"LO","T22a",518.674571865781,7,42.741215,1,74.0963674093972,2.2
42.41297598,-79.85385932,20190716,08:14:11,"LO","T21a",772.264435118483,24,44.074722,0,0,2.1
42.41367391,-80.30352464,20190708,02:59:38,"LO","T1A",92.6880669527513,5,30.721035,2,37.0752267811005,1
42.41408963,-80.14481877,20190709,03:00:35,"LO","T1b",969.344065094409,2,36.794823,0,0,1
42.41669634,-79.50052656,20190710,05:32:24,"LO","T3a",172.357851017989,13,18.32913,10,132.58296232153,3
42.41711434,-79.857081,20190716,08:22:11,"LO","T21a",1310.11978926497,35,44.745286,3,112.295981936997,2.1
42.4181911,-79.66059223,20190716,03:56:17,"LO","T21b",628.866185831314,15,39.562057,3,125.773237166263,2.1
42.41985394,-79.98496798,20190709,06:58:01,"LO","T22a",193.184608562343,3,43.840192,0,0,2.2
42.42060232,-80.305973,20190708,02:55:18,"LO","T1A",232.024014560678,22,30.425785,4,42.1861844655778,1
42.42108085,-80.14694917,20190709,02:55:55,"LO","T1b",90.1309214097267,1,37.648193,0,0,1
42.42372536,-79.50273068,20190710,05:37:02,"LO","T3a",95.5490407392194,11,19.870039,8,69.490211446705,3
42.42593106,-79.6619411,20190716,03:51:01,"LO","T21b",366.134409702577,16,40.09534,3,68.6502018192332,2.1
42.4267355,-79.98760471,20190709,07:02:30,"LO","T22a",138.154627458093,14,44.317363,7,69.0773137290464,2.2
42.42756187,-80.30842618,20190708,02:50:57,"LO","T1A",74.6505615816864,7,30.175039,2,21.3287318804818,1
42.42810907,-80.14889747,20190709,02:51:16,"LO","T1b",4118.96606902864,5,39.214512,0,0,1
42.43066667,-79.50486667,20190710,05:41:42,"LO","T3a",138.735925727198,24,19.963226,18,104.051944295398,3
42.43288793,-79.66423487,20190716,03:46:28,"LO","T21b",126.294731879751,26,41.092992,2,9.71497937536547,2.1
42.43364495,-79.99022054,20190709,07:06:57,"LO","T22a",160.308175051631,14,44.536205,6,68.7035035935563,2.2
42.43450627,-80.31083542,20190708,02:46:36,"LO","T1A",177.819966070989,18,29.658561,6,59.2733220236631,1
42.43512366,-80.15091344,20190709,02:46:36,"LO","T1b",2596.1991709259,5,41.510665,0,0,1
42.43766667,-79.50723333,20190710,05:46:22,"LO","T3a",1783.57645928795,35,19.955949,23,1172.06453038922,3
42.43968333,-79.66181667,20190716,03:41:58,"LO","T21b",1195.30644041268,23,40.784074,1,51.9698452353341,2.1
42.44056667,-79.99283333,20190709,07:11:25,"LO","T22a",101.147030967604,9,44.557673,3,33.7156769892015,2.2
42.44144867,-80.31328245,20190708,02:42:13,"LO","T1A",490.28173913087,97,28.669281,38,192.069134917248,1
42.44215,-80.15283333,20190709,02:41:55,"LO","T1b",657.449750943032,23,44.778605,3,85.7543153403955,1
42.44458127,-79.50957709,20190710,05:51:02,"LO","T3a",476.363298454418,57,21.266572,48,401.14804080372,3
42.4468,-79.66129167,20190716,03:37:19,"LO","T21b",478.906833212508,26,41.273507,7,128.936455095675,2.1
42.44747797,-79.99544821,20190709,07:15:53,"LO","T22a",62.0596004975244,8,44.55443,1,7.75745006219055,2.2
42.4483813,-80.31567033,20190708,02:37:48,"LO","T1A",115.922410536588,72,27.500262,18,28.980602634147,1
42.44918141,-80.1546938,20190709,02:37:16,"LO","T1b",200.003378206899,23,46.279453,1,8.69579905247389,1
42.45156084,-79.51195917,20190710,05:55:42,"LO","T3a",422.766413788451,37,20.136407,27,308.505220872654,3
42.45439495,-79.99802054,20190709,07:20:21,"LO","T22a",989.850016296703,2,44.268809,0,0,2.2
42.45516973,-80.31864093,20190708,02:33:21,"LO","T1A",669.587831869481,91,25.967408,21,154.520268892957,1
42.45622754,-80.15647585,20190709,02:32:36,"LO","T1b",1085.4635087931,35,45.4842,1,31.0132431083743,1
42.4576,-79.6481,20190716,03:20:26,"LO","T22b",658.870787130073,18,41.979611,1,36.6039326183374,2.2
42.45850538,-79.51439624,20190710,06:00:20,"LO","T3a",439.897909661842,45,26.45518,33,322.591800418684,3
42.46125477,-80.00078096,20190709,07:24:50,"LO","T22a",18.1564877791149,6,44.959324,2,6.05216259303828,2.2
42.46204962,-80.32152209,20190708,02:28:54,"LO","T1A",938.581520932449,60,24.002907,8,125.144202790993,1
42.46323333,-79.65021667,20190716,03:16:42,"LO","T22b",300.04964168131,34,42.261878,4,35.29995784486,2.2
42.46326191,-80.15835397,20190709,02:27:55,"LO","T1b",602.026196845006,40,46.059313,2,30.1013098422503,1
42.46551996,-79.51677332,20190710,06:05:01,"LO","T3a",326.69806021704,33,30.535753,27,267.298412904851,3
42.46816769,-80.00343367,20190709,07:29:19,"LO","T22a",559.077853947924,15,48.811719,6,223.63114157917,2.2
42.46889302,-80.32437545,20190708,02:24:25,"LO","T1A",1066.1033107947,93,21.730386,3,34.3904293804742,1
42.47016632,-79.65278877,20190716,03:12:07,"LO","T22b",552.336643836545,44,42.371319,5,62.7655277086983,2.2
42.47028546,-80.16016182,20190709,02:23:14,"LO","T1b",219.609842666525,20,48.540068,0,0,1
42.47246302,-79.51901545,20190710,06:09:44,"LO","T3a",264.923385235972,9,34.283304,7,206.0515218502,3
42.47504387,-80.00617573,20190709,07:33:48,"LO","T22a",125.689528834538,11,61.446951,4,45.7052832125592,2.2
42.47568333,-80.32748333,20190708,02:19:57,"LO","T1A",3269.92673060154,182,19.886589,8,143.733043103364,1
42.47706164,-79.65540388,20190716,03:07:33,"LO","T22b",174.627290543435,24,42.046478,6,43.6568226358586,2.2
42.47731503,-80.16197723,20190709,02:18:34,"LO","T1b",143.41879525176,34,48.097298,6,25.3091991620753,1
42.47944303,-79.52111434,20190710,06:14:26,"LO","T3a",278.133631871677,9,37.49848,2,61.8074737492614,3
42.48191974,-80.00889094,20190709,07:38:16,"LO","T22a",1739.3793643575,8,61.020477,6,1304.53452326812,2.2
42.48256792,-80.33019486,20190708,02:15:27,"LO","T1A",7339.30872808457,190,18.447131,8,309.023525393035,1
42.48400972,-79.6578191,20190716,03:03:01,"LO","T22b",1446.34566621956,6,41.677516,0,0,2.2
42.48434697,-80.1638601,20190709,02:13:56,"LO","T1b",213.47592862727,32,46.4415,6,40.0267366176131,1
42.48645641,-79.52326325,20190710,06:19:06,"LO","T3a",219.549682967451,8,38.990179,2,54.8874207418628,3
42.48881379,-80.01161475,20190709,07:42:45,"LO","T22a",136.635718126422,15,59.958815,5,45.545239375474,2.2
42.48934507,-80.3332928,20190708,02:10:57,"LO","T1A",11034.9006863407,140,17.608273,24,1891.69726051554,1
42.49095013,-79.66033897,20190716,02:58:31,"LO","T22b",126.595347514939,20,41.581003,5,31.6488368787348,2.2
42.49141667,-80.16566667,20190709,02:09:21,"LO","T1b",1629.40298391676,29,44.462603,1,56.1863097902332,1
42.49348538,-79.52532846,20190710,06:23:44,"LO","T3a",3866.4948300503,1,39.739143,0,0,3
42.49579104,-80.01379701,20190709,07:47:12,"LO","T22a",110.892519521831,16,58.742697,8,55.4462597609154,2.2
42.49611052,-80.33635351,20190708,02:06:26,"LO","T1A",13764.0266666374,94,16.059241,18,2635.66468084545,1
42.49771667,-79.66345,20190716,02:53:58,"LO","T22b",295.620074469816,21,42.19146,4,56.3085856132983,2.2
42.49841542,-80.16744959,20190709,02:04:47,"LO","T1b",424.942416454949,28,40.331633,3,45.5295446201731,1
42.50051616,-79.52731667,20190710,06:28:21,"LO","T3a",167.580068573139,5,40.783148,2,67.0320274292556,3
42.5028,-80.01595,20190709,07:51:41,"LO","T22a",169.360771854255,19,57.613824,11,98.0509731787791,2.2
42.50318253,-80.33792751,20190708,02:01:57,"LO","T1A",3046.54192925012,116,14.387476,35,919.215237273744,1
42.50359462,-79.36372782,20190710,03:46:35,"LO","T3b",66.6957939112138,10,18.670637,4,26.6783175644855,3
42.50473855,-79.66546285,20190716,02:49:24,"LO","T22b",509.235005189297,32,43.144866,8,127.308751297324,2.2
42.50552048,-80.16905,20190709,02:00:11,"LO","T1b",575.813307843884,91,32.53853,67,423.950457423519,1
42.50752861,-79.52920398,20190710,06:32:59,"LO","T3a",71.979857976416,12,41.235735,4,23.9932859921387,3
42.50983221,-80.01796074,20190709,07:56:10,"LO","T22a",63.4488818077524,7,56.422185,3,27.1923779176082,2.2
42.51025963,-80.33933099,20190708,01:57:29,"LO","T1A",5132.0468378525,238,14.639277,31,668.459882241292,1
42.51066463,-79.36552154,20190710,03:42:02,"LO","T3b",158.509277564844,31,18.865802,10,51.1320250209175,3
42.51173333,-79.66753333,20190716,02:44:54,"LO","T22b",218.601968513049,17,45.121017,4,51.4357572971881,2.2
42.51185965,-80.17044211,20190709,01:56:02,"LO","T1b",694.762492592447,67,22.391738,40,414.783577667132,1
42.51455772,-79.53110257,20190710,06:37:35,"LO","T3a",1973.21475369364,7,41.32611,0,0,3
42.51686667,-80.01986667,20190709,08:00:39,"LO","T22a",1636.30217973829,6,54.03166,0,0,2.2
42.51730493,-80.34131275,20190708,01:52:57,"LO","T1A",5281.68893166235,119,14.680984,9,399.455465419841,1
42.51768333,-79.36738333,20190710,03:37:29,"LO","T3b",178.231718750077,18,19.30942,3,29.7052864583462,3
42.51876156,-79.66951497,20190716,02:40:24,"LO","T22b",505.707894665746,29,47.593083,5,87.1910163216804,2.2
42.52157062,-79.53305132,20190710,06:42:09,"LO","T3a",673.816693785272,9,41.472016,2,149.737043063394,3
42.5239,-80.02163333,20190709,08:05:05,"LO","T22a",178.548780572456,25,49.995461,8,57.1356097831859,2.2
42.52470408,-79.36927358,20190710,03:32:58,"LO","T3b",233.070204262092,23,21.090985,7,70.9344099928105,3
42.52578428,-79.67142524,20190716,02:35:55,"LO","T22b",333.593326847054,20,48.952295,6,100.077998054116,2.2
42.52866274,-79.53481667,20190710,06:46:44,"LO","T3a",490.539845698783,12,41.460461,1,40.8783204748986,3
42.53094995,-80.02347776,20190709,08:09:30,"LO","T22a",642.176623751912,156,44.630021,103,424.001232349019,2.2
42.53177857,-79.37106508,20190710,03:28:31,"LO","T3b",405.74948509442,28,22.984582,8,115.928424312691,3
42.53281667,-79.67351667,20190716,02:31:26,"LO","T22b",105.788328832807,15,50.264996,4,28.2102210220819,2.2
42.53568333,-79.53666667,20190710,06:51:20,"LO","T3a",31.5574472592508,5,41.373138,0,0,3
42.53796667,-80.02546667,20190709,08:13:49,"LO","T22a",3714.99261690295,451,36.188425,340,2800.6596224989,2.2
42.5388,-79.37275,20190710,03:24:05,"LO","T3b",1115.00290005771,32,25.06275,5,174.219203134017,3
42.53975183,-79.67598394,20190716,02:26:58,"LO","T22b",148.00676696408,16,55.311446,6,55.50253761153,2.2
42.54268964,-79.53853543,20190710,06:55:57,"LO","T3a",207.311680246861,4,40.928778,2,103.65584012343,3
42.5450036,-80.02757898,20190709,08:18:10,"LO","T22a",4182.20769153226,240,24.567762,202,3520.02480703965,2.2
42.54585442,-79.37450703,20190710,03:19:40,"LO","T3b",146.325263427646,24,27.52312,4,24.3875439046077,3
42.5466448,-79.67867431,20190716,02:22:29,"LO","T22b",304.632658299863,23,57.935779,7,92.7142873086539,2.2
42.54922315,-79.24342438,20190712,04:52:02,"LO","T4a",2720.78355317892,158,15.343711,134,2307.49997548086,4
42.54937222,-80.02889074,20190709,08:20:58,"LO","T22a",5595.48344748872,11,15.400196,9,4578.12282067259,2.2
42.54971713,-79.54060571,20190710,07:00:33,"LO","T3a",204.255552787568,6,40.863061,5,170.212960656307,3
42.55289524,-79.37628175,20190710,03:15:13,"LO","T3b",152.673425001084,35,29.677272,3,13.0862935715215,3
42.55351972,-79.68142879,20190716,02:18:03,"LO","T22b",252.482577706279,19,56.946123,4,53.1542268855324,2.2
42.55653333,-79.24713333,20190712,04:57:11,"LO","T4a",325.994416919741,33,17.383199,28,276.601323447053,4
42.55672685,-79.54276451,20190710,07:05:08,"LO","T3a",74.5095526308857,7,40.973086,2,21.2884436088245,3
42.56,-79.3781,20190710,03:10:43,"LO","T3b",190.361713175494,25,30.544317,4,30.4578741080791,3
42.56056372,-79.68341568,20190716,02:13:34,"LO","T22b",74.0101886126236,18,55.993935,5,20.5583857257288,2.2
42.56121667,-80.04673333,20190718,03:19:17,"LO","T23a",579.500025269977,53,16.785937,12,131.207552891315,2.3
42.56328459,-79.25022306,20190712,05:01:50,"LO","T4a",25.2235007483129,2,17.838043,1,12.6117503741564,4
42.56372373,-79.54494124,20190710,07:09:43,"LO","T3a",172.47641534669,10,43.399473,4,68.9905661386762,3
42.567,-79.3801,20190710,03:06:09,"LO","T3b",218.926480563563,30,30.568704,5,36.4877467605939,3
42.56756667,-79.68533333,20190716,02:09:02,"LO","T22b",96.7341045784502,21,55.812709,7,32.2447015261501,2.2
42.56817158,-80.04873873,20190718,03:23:54,"LO","T23a",165.953064959666,38,19.92483,5,21.835929599956,2.3
42.5703312,-79.2515,20190712,05:06:28,"LO","T4a",117.986091865952,20,18.719861,17,100.28817808606,4
42.57070414,-79.5471354,20190710,07:14:19,"LO","T3a",82.4876707209802,7,45.284703,2,23.5679059202801,3
42.5740814,-79.38166602,20190710,03:01:33,"LO","T3b",253.81583950102,18,30.148117,3,42.3026399168367,3
42.57451667,-79.68781667,20190716,02:04:28,"LO","T22b",87.3990332162436,26,55.295026,8,26.8920102203826,2.2
42.57516531,-80.05097049,20190718,03:28:21,"LO","T23a",592.896761997516,63,23.721532,29,272.920731713142,2.3
42.57737533,-79.253214,20190712,05:11:02,"LO","T4a",489.480378973837,62,19.436923,40,315.793792886346,4
42.57761481,-79.54930987,20190710,07:18:53,"LO","T3a",58.3823106013132,6,45.698764,1,9.73038510021887,3
42.58113333,-79.38331667,20190710,02:56:57,"LO","T3b",504.695522201375,21,29.674618,3,72.0993603144821,3
42.58141667,-79.69041667,20190716,01:59:54,"LO","T22b",336.66236330408,28,54.024286,3,36.0709674968657,2.2
42.58217033,-80.05329567,20190718,03:32:50,"LO","T23a",779.879967734331,53,27.578024,6,88.2882982340752,2.3
42.58361698,-79.57748302,20190710,07:56:46,"LO","T3a",11.1244141532181,4,49.288988,3,8.3433106149136,3
42.58411706,-79.55346706,20190710,07:23:25,"LO","T3a",950.12679695464,9,47.640089,0,0,3
42.58440484,-79.2554905,20190712,05:15:36,"LO","T4a",425.447566420908,84,21.307623,59,298.826266890876,4
42.58527031,-79.57769271,20190710,08:06:44,"LO","T3a",7175.5011595045,4,49.125808,0,0,3
42.58817431,-79.38497477,20190710,02:52:18,"LO","T3b",246.930720897592,39,29.019418,4,25.3262277843685,3
42.58819862,-79.69315463,20190716,01:55:21,"LO","T22b",283.977897176426,40,52.347731,2,14.1988948588213,2.2
42.58916523,-80.05551063,20190718,03:37:20,"LO","T23a",4767.19171701418,70,30.698202,18,1225.84929866079,2.3
42.58944386,-79.57049562,20190710,07:43:13,"LO","T3a",146.253813608854,4,48.58721,3,109.690360206641,3
42.5897035,-79.56927867,20190710,08:10:07,"LO","T3a",179.76563687717,3,48.356839,1,59.9218789590565,3
42.59058836,-79.55758669,20190710,07:27:55,"LO","T3a",435.880656918891,7,47.478131,2,124.537330548254,3
42.59138632,-79.25751766,20190712,05:20:09,"LO","T4a",263.976252413721,48,22.926106,23,126.488620948241,4
42.59388333,-79.56323333,20190710,07:33:58,"LO","T3a",228.679917043928,3,47.485613,3,228.679917043928,3
42.59516667,-79.69523333,20190716,01:50:48,"LO","T22b",1497.76948067128,39,50.369999,3,115.213036974714,2.2
42.5952,-79.38671667,20190710,02:47:39,"LO","T3b",216.212014675706,16,28.504305,5,67.566254586158,3
42.59529436,-79.5634,20190710,08:13:53,"LO","T3a",9.78413708260608,4,47.160328,2,4.89206854130304,3
42.59611299,-80.05778766,20190718,03:41:51,"LO","T23a",713.632818648461,61,33.256251,6,70.1933919982093,2.3
42.59829669,-79.26023779,20190712,05:24:43,"LO","T4a",164.202903325877,30,24.613996,13,71.1545914412134,4
42.60193333,-79.56485,20190710,08:18:26,"LO","T3a",10.4926768068418,9,45.851291,1,1.16585297853798,3
42.60225096,-79.38846699,20190710,02:43:00,"LO","T3b",186.445631135909,17,28.043657,3,32.9021702004545,3
42.60227328,-79.69682443,20190716,01:46:15,"LO","T22b",571.361421967145,45,48.221862,5,63.4846024407938,2.2
42.60312085,-80.0600625,20190718,03:46:22,"LO","T23a",402.030769917721,38,34.990003,6,63.4785426185876,2.3
42.60530912,-79.26178637,20190712,05:29:17,"LO","T4a",315.782070080099,46,25.750952,7,48.0537932730585,4
42.60879721,-79.56773147,20190710,08:23:04,"LO","T3a",5589.89620547464,8,44.014423,0,0,3
42.60927008,-79.69855114,20190716,01:41:40,"LO","T22b",602.683981150701,56,46.098959,3,32.286641847359,2.2
42.60927893,-79.39023742,20190710,02:38:22,"LO","T3b",252.578562075244,25,27.753632,7,70.7219973810684,3
42.6111,-80.06236667,20190718,03:54:00,"LO","T23a",2944.02038316355,57,35.889353,5,258.24740203189,2.3
42.6123033,-79.26421331,20190712,05:33:47,"LO","T4a",194.150133505007,63,26.10322,5,15.4087407543656,4
42.61574399,-79.57015911,20190710,08:27:35,"LO","T3a",98.9199286673293,6,41.225632,1,16.4866547778882,3
42.61630642,-79.39227436,20190710,02:33:44,"LO","T3b",179.499894786439,20,27.51774,2,17.9499894786439,3
42.61633049,-79.7004935,20190716,01:37:03,"LO","T22b",45.3882387667171,23,43.572594,1,1.97340168550944,2.2
42.61681565,-80.06344966,20190718,04:01:33,"LO","T23a",621.679355330763,48,36.064064,6,77.7099194163454,2.3
42.61929493,-79.26626498,20190712,05:38:14,"LO","T4a",707.037493817157,39,25.82679,4,72.516666032529,4
42.62273982,-79.57228549,20190710,08:32:03,"LO","T3a",1630.48874968979,9,38.04215,2,362.330833264397,3
42.62333599,-79.39420644,20190710,02:29:06,"LO","T3b",21.8189345780368,12,27.318923,2,3.63648909633947,3
42.62335607,-79.70236402,20190716,01:32:26,"LO","T22b",132.838607822476,26,41.443009,3,15.3275316718242,2.2
42.62378333,-80.06575,20190718,04:05:51,"LO","T23a",322.818053585363,54,35.373707,7,41.8467847240285,2.3
42.62630961,-79.26836987,20190712,05:42:39,"LO","T4a",921.949984899235,20,25.396602,2,92.1949984899235,4
42.62968662,-79.57473415,20190710,08:36:29,"LO","T3a",279.738402879015,11,35.286607,3,76.2922916942768,3
42.63033382,-79.39635016,20190710,02:24:24,"LO","T3b",83.7236586803782,19,27.106561,10,44.0650835159885,3
42.63068333,-79.70363333,20190716,01:27:42,"LO","T22b",251.904814805966,12,39.623347,1,20.9920679004972,2.2
42.63077112,-80.06805,20190718,04:10:08,"LO","T23a",854.889486617415,73,34.578589,4,46.8432595406803,2.3
42.63333251,-79.27043333,20190712,05:47:02,"LO","T4a",84.9494473180766,27,24.887253,6,18.8776549595726,4
42.6364563,-79.4000563,20190710,02:15:54,"LO","T3b",1837.88485407639,34,27.007055,0,0,3
42.63665,-79.5771,20190710,08:40:52,"LO","T3a",455.194122394771,13,33.015722,2,70.0298649838109,3
42.6377384,-80.0702096,20190718,04:14:24,"LO","T23a",1329.27579790208,103,33.179832,2,25.8111805417879,2.3
42.64030898,-79.27238077,20190712,05:51:24,"LO","T4a",635.157956205123,53,24.410595,31,371.507483818091,4
42.6407929,-79.63503097,20190711,03:43:09,"LO","T23b",153.233701600649,15,33.677877,1,10.21558010671,2.3
42.64137029,-79.40590362,20190710,02:03:54,"LO","T3b",763.663673315047,93,26.992774,6,49.2686240848417,3
42.64374035,-79.57845,20190710,08:45:15,"LO","T3a",615.362346885419,10,31.408587,0,0,3
42.64476009,-80.07233586,20190718,04:18:41,"LO","T23a",1614.05637406724,74,31.469182,1,21.8115726225303,2.3
42.64735812,-79.27446937,20190712,05:55:47,"LO","T4a",412.538766180592,67,23.997978,37,227.819915651969,4
42.6477,-79.63728333,20190711,03:38:39,"LO","T23b",70.8826412763554,11,32.338408,2,12.8877529593373,2.3
42.64779307,-79.4121382,20190710,01:52:42,"LO","T3b",1035.65086374269,77,26.905222,4,53.8000448697504,3
42.64811697,-79.41571667,20190715,07:00:23,"LO","T3b",1495.89262373851,167,26.824311,109,976.361053817354,3
42.65078241,-79.58022716,20190710,08:49:35,"LO","T3a",476.806094457839,17,30.443077,0,0,3
42.65178668,-80.07441778,20190718,04:22:59,"LO","T23a",455.596320504657,78,29.581959,10,58.4097846800843,2.3
42.65438201,-79.27648289,20190712,06:00:12,"LO","T4a",207.905288286612,82,23.630012,40,101.417213798347,4
42.65471531,-79.63929966,20190711,03:34:05,"LO","T23b",521.835465595699,14,31.523375,0,0,2.3
42.65588377,-79.4177557,20190715,07:05:39,"LO","T3b",1362.12291330993,150,26.431004,104,944.405219894883,3
42.65774156,-79.58267496,20190710,08:53:53,"LO","T3a",485.690586602565,15,29.842368,1,32.379372440171,3
42.65882389,-80.07636431,20190718,04:27:18,"LO","T23a",923.382837783966,27,27.71816,1,34.1993643623691,2.3
42.66038797,-79.10031266,20190712,03:46:13,"LO","T4b",277.21359950748,11,13.966598,4,100.804945275447,4
42.66136667,-79.27856667,20190712,06:04:39,"LO","T4a",52.4421295705858,72,23.346683,31,22.57925023178,4
42.66176269,-79.64086667,20190711,03:29:31,"LO","T23b",338.256371336437,17,31.141326,0,0,2.3
42.66289352,-79.41966451,20190715,07:10:18,"LO","T3b",978.166598002997,183,26.085996,144,769.704864002359,3
42.66467284,-79.58513488,20190710,08:58:11,"LO","T3a",519.448583377271,21,29.476661,1,24.7356468274891,3
42.66575463,-80.07879753,20190718,04:31:38,"LO","T23a",160.251617924332,18,25.610404,4,35.6114706498516,2.3
42.66720054,-79.10222796,20190712,03:41:45,"LO","T4b",52.7311613149014,21,14.955315,12,30.1320921799437,4
42.66838333,-79.2806,20190712,06:09:07,"LO","T4a",223.854236043211,59,23.118894,21,79.6769314730075,4
42.66883333,-79.64236667,20190711,03:24:59,"LO","T23b",231.960537631684,25,30.887653,2,18.5568430105347,2.3
42.6699074,-79.42164136,20190715,07:14:55,"LO","T3b",965.645388630587,128,25.889219,99,746.86635526897,3
42.67163794,-79.58751897,20190710,09:02:27,"LO","T3a",731.52848794095,24,29.21631,0,0,3
42.67273351,-80.08117228,20190718,04:35:58,"LO","T23a",123.449319534512,12,20.898323,3,30.862329883628,2.3
42.67391177,-79.42286667,20190715,07:20:43,"LO","T3b",489.072800256465,47,25.83656,22,228.927693737069,3
42.67416667,-79.10455,20190712,03:37:11,"LO","T4b",207.777318072737,37,15.846012,27,151.621286161186,4
42.6754338,-79.28262238,20190712,06:13:35,"LO","T4a",494.557712854414,67,22.839514,26,191.917918421116,4
42.67587303,-79.64423545,20190711,03:20:26,"LO","T23b",571.473404168535,26,30.75007,0,0,2.3
42.67863333,-79.58986667,20190710,09:06:46,"LO","T3a",855.7707278576,28,29.063255,0,0,3
42.67970678,-80.0834967,20190718,04:40:16,"LO","T23a",335.358530710132,27,18.437182,2,24.841372645195,2.3
42.68120885,-79.10623333,20190712,03:32:36,"LO","T4b",158.280354402371,25,16.204939,8,50.6497134087588,4
42.68241322,-79.28460441,20190712,06:18:03,"LO","T4a",261.676570352411,74,22.521067,24,84.8680768710521,4
42.68274775,-79.64690406,20190711,03:15:54,"LO","T23b",215.395586734412,24,30.702545,0,0,2.3
42.68294702,-79.42527123,20190715,07:26:27,"LO","T3b",628.163073315533,45,25.981761,9,125.632614663107,3
42.68571222,-79.59148222,20190710,09:11:06,"LO","T3a",759.015469308301,32,28.997968,1,23.7192334158844,3
42.68671667,-80.0857,20190718,04:44:35,"LO","T23a",241.230048909637,5,17.507552,0,0,2.3
42.68830396,-79.10770688,20190712,03:28:00,"LO","T4b",286.829286720459,35,15.220187,1,8.19512247772741,4
42.68943787,-79.28647929,20190712,06:22:30,"LO","T4a",953.571771573014,59,22.178044,28,452.542535661769,4
42.68951207,-79.65018736,20190711,03:11:20,"LO","T23b",288.719249845132,25,30.720156,0,0,2.3
42.68995938,-79.42741979,20190715,07:30:55,"LO","T3b",364.125483096111,61,26.235951,19,113.416134079117,3
42.69274175,-79.59313058,20190710,09:15:24,"LO","T3a",1058.53897393764,31,28.991503,0,0,3
42.69368333,-80.08805,20190718,04:48:53,"LO","T23a",55.0214721832213,8,16.645072,3,20.633052068708,2.3
42.69530116,-79.10987261,20190712,03:23:22,"LO","T4b",1558.02709397495,80,15.131699,3,58.4260160240605,4
42.69648381,-79.28837794,20190712,06:26:56,"LO","T4a",82.2594868614948,28,21.966526,10,29.3783881648196,4
42.69651667,-79.65218333,20190711,03:06:47,"LO","T23b",328.922785122184,23,30.705101,0,0,2.3
42.69702094,-79.42916809,20190715,07:35:25,"LO","T3b",103.308217171282,52,26.418071,21,41.7206261653254,3
42.69972019,-79.59535673,20190710,09:19:41,"LO","T3a",1343.75248541868,31,28.980758,0,0,3
42.70141667,-80.09046667,20190718,04:53:43,"LO","T23a",362.527041768198,20,15.929236,1,18.1263520884099,2.3
42.70225,-79.11218333,20190712,03:18:43,"LO","T4b",499.149101293932,60,15.979592,7,58.2340618176255,4
42.70352811,-79.29017604,20190712,06:31:20,"LO","T4a",123.169471900828,27,21.977825,7,31.9328260483629,4
42.70355286,-79.65398429,20190711,03:02:12,"LO","T23b",480.91456070526,35,30.58795,2,27.4808320403005,2.3
42.70389688,-79.43177674,20190715,07:39:57,"LO","T3b",509.41224561174,43,26.381243,25,296.169910239383,3
42.70473033,-79.59695758,20190710,09:22:45,"LO","T3a",1314.60095213304,12,28.948042,0,0,3
42.7070421,-80.08709124,20190718,05:01:34,"LO","T23a",720.579251486088,19,15.560271,3,113.775671287277,2.3
42.70785,-79.59611667,20190711,08:18:08,"LO","T3a",1932.82804533453,16,28.746734,0,0,3
42.70883333,-79.65496667,20190711,04:20:57,"LO","T23b",466.427081139914,31,30.409227,1,15.0460348754811,2.3
42.70917707,-79.11450347,20190712,03:14:04,"LO","T4b",431.051269423599,23,15.006075,4,74.9654381606259,4
42.71058853,-79.29210729,20190712,06:35:42,"LO","T4a",622.58792624116,43,22.304736,23,333.012146594109,4
42.71085,-79.43423333,20190715,07:44:30,"LO","T3b",345.150518824033,43,26.381673,17,136.454856279269,3
42.71225225,-80.08315,20190718,05:11:33,"LO","T23a",5706.57805755428,56,15.307077,4,407.612718396734,2.3
42.71565932,-79.65762966,20190711,04:25:34,"LO","T23b",606.510028723557,27,30.054916,0,0,2.3
42.71617825,-79.59927053,20190711,08:10:50,"LO","T3a",122.55305653466,12,28.320262,2,20.4255094224434,3
42.71625236,-79.11607856,20190712,03:09:27,"LO","T4b",723.571153911758,77,17.175426,7,65.7791958101598,4
42.71763121,-79.2939604,20190712,06:40:02,"LO","T4a",428.22128978648,84,22.979989,52,265.089369867821,4
42.7178043,-79.43672366,20190715,07:49:03,"LO","T3b",400.747101553104,36,26.401447,9,100.186775388276,3
42.71896335,-80.08769889,20190718,05:18:32,"LO","T23a",1464.96933172914,48,14.576747,9,274.681749699214,2.3
42.72181667,-79.29513333,20190712,06:47:15,"LO","T4a",821.428299119301,107,23.419016,58,445.260199522611,4
42.7226049,-79.65998497,20190711,04:30:15,"LO","T23b",523.322849703378,24,29.186634,0,0,2.3
42.72308845,-79.60177948,20190711,08:06:07,"LO","T3a",1337.82032180735,8,27.850876,0,0,3
42.72333473,-79.1177838,20190712,03:04:49,"LO","T4b",324.57915795983,70,18.105028,18,83.4632120468135,4
42.72473047,-79.43928142,20190715,07:53:34,"LO","T3b",146.905082611215,39,26.516118,15,56.5019548504672,3
42.72537438,-80.09214403,20190718,05:22:52,"LO","T23a",2498.52258937716,28,13.657619,1,89.2329496206129,2.3
42.72691667,-79.29748333,20190712,06:54:37,"LO","T4a",958.632832313449,117,23.809252,56,458.832808628659,4
42.72969677,-79.66129892,20190711,04:34:58,"LO","T23b",853.438665230605,38,28.231091,11,247.048034672017,2.3
42.73005239,-79.60413969,20190711,08:01:24,"LO","T3a",99.2390127308193,12,27.105434,3,24.8097531827048,3
42.73018333,-79.12016667,20190712,03:00:07,"LO","T4b",776.430989331552,82,18.735862,10,94.6867060160429,4
42.73159186,-79.44202791,20190715,07:58:04,"LO","T3b",786.850598963809,36,25.338084,8,174.855688658624,3
42.73178903,-80.0964538,20190718,05:27:11,"LO","T23a",610.801856547638,9,12.968445,1,67.8668729497375,2.3
42.73406918,-79.29823333,20190712,06:59:08,"LO","T4a",1263.16226962389,186,24.112908,106,719.866669785658,4
42.73671667,-79.6633,20190711,04:39:43,"LO","T23b",275.745742941578,27,27.386361,3,30.6384158823975,2.3
42.73705,-79.60628333,20190711,07:56:40,"LO","T3a",79.6853360328657,12,26.56506,3,19.9213340082164,3
42.73730915,-79.12125,20190712,02:55:24,"LO","T4b",637.307675024484,109,18.934605,5,29.2342970194717,4
42.73801054,-80.10082925,20190718,05:31:24,"LO","T23a",895.196179901202,6,12.393821,0,0,2.3
42.73848919,-79.44463168,20190715,08:02:35,"LO","T3b",212.134727655785,22,18.129872,6,57.8549257243051,3
42.74108306,-79.29972213,20190712,07:03:35,"LO","T4a",1465.60651191345,161,24.604136,109,992.242918003515,4
42.7437,-79.66555,20190711,04:44:29,"LO","T23b",967.338145974484,43,26.608401,7,157.473651670265,2.3
42.74406667,-79.60846667,20190711,07:51:56,"LO","T3a",99.427192151792,16,26.081769,2,12.428399018974,3
42.74437027,-79.12268333,20190712,02:50:43,"LO","T4b",1287.34881313993,164,18.998922,6,47.0981273099975,4
42.74541782,-79.44725594,20190715,08:07:07,"LO","T3b",1973.69176117703,21,15.035577,4,375.941287843243,3
42.74805786,-79.3020304,20190712,07:08:06,"LO","T4a",988.495368188396,190,24.763266,139,723.162400937827,4
42.75070583,-79.6675575,20190711,04:49:14,"LO","T23b",592.427258542723,47,25.438143,7,88.2338470170012,2.3
42.75078396,-79.66666667,20190711,05:12:50,"LO","T23b",4614.54233357721,32,25.52542,2,288.408895848576,2.3
42.75109336,-79.61013668,20190711,07:47:10,"LO","T3a",130.771512431848,24,25.507141,8,43.5905041439495,3
42.75144718,-79.12443239,20190712,02:46:03,"LO","T4b",663.746216395141,160,19.054698,10,41.4841385246963,4
42.75229439,-79.44990924,20190715,08:11:37,"LO","T3b",1196.5562053591,28,15.056336,2,85.4683003827926,3
42.75498333,-79.30455,20190712,07:12:36,"LO","T4a",929.271714997928,148,24.302244,102,640.444019795869,4
42.75728282,-79.66893333,20190711,05:01:43,"LO","T23b",498.256998073017,58,24.476821,9,77.3157410802957,2.3
42.75806915,-79.61237388,20190711,07:42:25,"LO","T3a",1094.53382157178,24,24.745364,2,91.2111517976483,3
42.7581162,-79.66966651,20190711,04:54:14,"LO","T23b",2109.74927372502,62,24.382288,6,204.169284554034,2.3
42.7587687,-79.12668333,20190712,02:40:00,"LO","T4b",1781.16061635221,70,19.073968,4,101.780606648698,4
42.759275,-79.45226944,20190715,08:16:07,"LO","T3b",109.946597000127,43,16.906483,9,23.0120784418869,3
42.7619686,-79.30690064,20190712,07:17:07,"LO","T4a",556.920014927185,86,23.164239,58,375.597219369497,4
42.76313333,-79.67103333,20190711,05:30:39,"LO","T23b",942.862694529687,6,23.725292,1,157.143782421614,2.3
42.76498058,-79.61494908,20190711,07:37:41,"LO","T3a",462.163514691406,30,23.850059,3,46.2163514691406,3
42.76532492,-79.12785831,20190712,02:34:02,"LO","T4b",427.976181852158,72,18.894028,0,0,4
42.76628542,-79.45443959,20190715,08:20:35,"LO","T3b",126.937911176456,38,15.43745,11,36.7451848142372,3
42.76892702,-79.30915901,20190712,07:21:36,"LO","T4a",320.721607630131,45,21.956842,18,128.288643052053,4
42.77022397,-79.67245243,20190711,05:34:43,"LO","T23b",288.713481277177,23,22.9325,4,50.2110402221177,2.3
42.77201667,-79.61658333,20190711,07:32:56,"LO","T3a",371.357639642838,29,22.955305,7,89.6380509482712,3
42.77237233,-79.12970189,20190712,02:29:26,"LO","T4b",400.859429777565,77,18.853883,5,26.0298331024393,4
42.77328333,-79.45655,20190715,08:25:00,"LO","T3b",337.555145934999,91,17.561406,28,103.863121826153,3
42.7760388,-79.31012404,20190712,07:26:01,"LO","T4a",504.524961251091,66,21.156775,17,129.95339911013,4
42.77706679,-79.67399449,20190711,05:39:18,"LO","T23b",156.276281126866,42,21.838861,17,63.2546852180172,2.3
42.77915996,-79.61729221,20190711,07:28:11,"LO","T3a",237.880361540408,27,22.169188,10,88.1038376075585,3
42.77936853,-79.13180062,20190712,02:24:51,"LO","T4b",141.368675373985,67,18.735478,9,18.9898220651621,4
42.78027724,-79.45876931,20190715,08:29:23,"LO","T3b",400.912547828593,77,16.872454,27,140.579724563273,3
42.78314897,-79.3113,20190712,07:30:26,"LO","T4a",344.736933605934,46,20.462549,10,74.942811653464,4
42.78376673,-79.67721669,20190711,05:44:07,"LO","T23b",853.389768299952,53,20.390826,28,450.847424762239,2.3
42.78625,-79.61808333,20190711,07:23:29,"LO","T3a",389.712155733657,37,21.4172,23,242.253502212814,3
42.78638333,-79.13393333,20190712,02:20:15,"LO","T4b",400.950350348283,73,18.806715,12,65.9096466325944,4
42.78730115,-79.46080594,20190715,08:33:43,"LO","T3b",950.266145418865,87,19.117265,47,513.36217051364,3
42.79027632,-79.31266667,20190712,07:34:52,"LO","T4a",197.032677089458,31,19.931467,15,95.3383921400603,4
42.7905,-79.67795,20190711,05:52:30,"LO","T23b",3192.38219517453,104,19.702954,77,2363.59066373499,2.3
42.79251751,-79.62270338,20190711,07:18:52,"LO","T3a",592.902964963132,47,20.595391,42,529.828181456416,3
42.7934,-79.13585,20190712,02:15:37,"LO","T4b",49.8483193649968,61,18.668982,9,7.35467007024543,4
42.79437623,-79.46252541,20190715,08:38:01,"LO","T3b",1051.32175623173,86,19.881894,37,452.312848611326,3
42.7957,-79.62686667,20190711,07:09:35,"LO","T3a",441.899214846773,48,20.058004,35,322.218177492439,3
42.79727162,-79.31478498,20190712,07:39:19,"LO","T4a",52.3228341632212,14,18.990418,10,37.3734529737294,4
42.79816203,-79.68005,20190711,06:06:22,"LO","T23b",2484.75488455344,116,17.871303,99,2120.60977216199,2.3
42.80049988,-79.13701667,20190712,02:10:57,"LO","T4b",332.306067481323,57,18.520858,8,46.6394480675541,4
42.80147223,-79.46388519,20190715,08:42:19,"LO","T3b",1457.06166058108,110,19.838362,62,821.252935963882,3
42.80233062,-79.62585,20190711,06:57:53,"LO","T3a",1343.25013696477,75,19.466936,56,1002.96010226703,3
42.80322201,-79.68325535,20190711,06:16:34,"LO","T23b",1036.11955146041,57,15.990224,36,654.391295659205,2.3
42.80424873,-79.31702736,20190712,07:43:46,"LO","T4a",81.7231506343831,11,18.136718,3,22.2881319911954,4
42.80756936,-79.13825,20190712,02:06:19,"LO","T4b",346.098895247348,37,18.363272,2,18.7080483917485,4
42.80857837,-79.46501667,20190715,08:46:38,"LO","T3b",2944.69052247201,162,19.040755,98,1781.35599507566,3
42.80904305,-79.68408333,20190711,06:20:23,"LO","T23b",282.449632940664,16,13.376056,11,194.184122646707,2.3
42.81007819,-79.62650384,20190711,06:50:50,"LO","T3a",2581.2426973278,175,18.427982,110,1622.4954097489,3
42.81126184,-79.31923728,20190712,07:48:11,"LO","T4a",138.743003868755,9,16.722544,2,30.831778637501,4
42.81461313,-79.14015438,20190712,02:01:42,"LO","T4b",161.504388841426,46,17.905483,7,24.5767548236952,4
42.81568333,-79.4659,20190715,08:50:56,"LO","T3b",1647.48203691695,68,17.59342,24,581.46424832363,3
42.81750642,-79.62795,20190711,06:45:55,"LO","T3a",534.063680350637,47,16.166226,29,329.528653833372,3
42.81826667,-79.3214,20190712,07:52:36,"LO","T4a",382.322622933379,2,14.158075,0,0,4
42.82162371,-79.1422079,20190712,01:57:06,"LO","T4b",98.5641571202304,25,17.760663,3,11.8276988544277,4
42.82284751,-79.46648333,20190715,08:55:11,"LO","T3b",7119.54977828709,138,15.388267,5,257.954702111851,3
42.82514811,-79.32389811,20190712,07:57:02,"LO","T4a",994.513381202646,13,13.071776,0,0,4
42.82873387,-79.14339462,20190712,01:52:28,"LO","T4b",37.0639450000667,26,17.346393,7,9.97875442309488,4
42.82882042,-79.46528333,20190715,08:58:48,"LO","T3b",9483.9057268676,113,13.259761,3,251.785107792945,3
42.83201576,-79.32682061,20190712,08:01:29,"LO","T4a",2606.31512508277,40,12.831758,3,195.473634381207,4
42.83583333,-79.14496667,20190712,01:47:49,"LO","T4b",547.398732068606,39,15.667158,1,14.035864924836,4
42.83883886,-79.3297574,20190712,08:05:57,"LO","T4a",789.760801804101,37,13.174578,7,149.414205746722,4
42.84256667,-79.14653333,20190712,01:43:23,"LO","T4b",1596.68895901426,24,13.338136,0,0,4
