"","X","Basin","Year","Type","Transect","Interval","Lat_M","Lon_M","NperHa"
"1",1,"EB",2020,"T","1a",1,42.36149454,-80.31040929,191.809295089329
"2",2,"EB",2020,"T","1a",2,42.36861171,-80.31279279,658.707880024981
"3",3,"EB",2020,"T","1a",3,42.3755705,-80.31506794,574.289954204019
"4",4,"EB",2020,"T","1a",4,42.38259351,-80.31702561,647.25871453249
"5",5,"EB",2020,"T","1a",5,42.3895259,-80.31919197,529.489183901528
"6",6,"EB",2020,"T","1a",6,42.39644651,-80.32183773,661.610774172029
"7",7,"EB",2020,"T","1a",7,42.40338378,-80.32428348,550.674247375642
"8",8,"EB",2020,"T","1a",8,42.41031534,-80.32669133,675.409532578118
"9",9,"EB",2020,"T","1a",9,42.41727746,-80.32907027,318.743505249281
"10",10,"EB",2020,"T","1a",10,42.42424319,-80.33138662,249.899659094028
"11",11,"EB",2020,"T","1a",11,42.43118296,-80.33379432,298.87367644618
"12",12,"EB",2020,"T","1a",12,42.43814132,-80.33620266,230.608078935877
"13",13,"EB",2020,"T","1a",13,42.44509335,-80.33861917,1365.10745297558
"14",14,"EB",2020,"T","1a",14,42.45205657,-80.34096886,5810.68581920506
"15",15,"EB",2020,"T","1a",15,42.45905564,-80.34328333,5445.03692323485
"16",16,"EB",2020,"T","1a",16,42.46601647,-80.34557216,2750.20411667012
"17",17,"EB",2020,"T","1a",17,42.47298333,-80.34783333,1470.76073804381
"18",18,"EB",2020,"T","1a",18,42.47995,-80.3503,1167.77169261684
"19",19,"EB",2020,"T","1a",19,42.48683861,-80.35282954,1078.03289513213
"20",20,"EB",2020,"T","1a",20,42.49374256,-80.35554196,571.035870823275
"21",21,"EB",2020,"T","1a",21,42.49926667,-80.35716667,383.624962002237
"22",22,"EB",2020,"T","1a",22,42.50745924,-80.36044197,1083.35084990481
"23",23,"EB",2020,"T","1a",23,42.51438279,-80.36299982,1197.08412967182
"24",24,"EB",2020,"T","1a",24,42.52131712,-80.36538348,2046.93552415507
"25",25,"EB",2020,"T","1a",25,42.52828183,-80.3677995,1295.98538149344
"26",26,"EB",2020,"T","1a",26,42.53534557,-80.37038741,1869.57782364244
"27",27,"EB",2020,"T","1a",27,42.54142077,-80.37286384,3839.32336793303
"28",28,"EB",2020,"T","1b",1,42.52968333,-80.31048333,11344.809033598
"29",29,"EB",2020,"T","1b",2,42.52276199,-80.30848178,1581.39873637428
"30",30,"EB",2020,"T","1b",3,42.51576667,-80.30626667,2173.15400109193
"31",31,"EB",2020,"T","1b",4,42.50883333,-80.30381667,1375.42895418562
"32",32,"EB",2020,"T","1b",5,42.50184377,-80.30142014,837.833693088376
"33",33,"EB",2020,"T","1b",6,42.49490162,-80.29906165,693.552671736279
"34",34,"EB",2020,"T","1b",7,42.48792316,-80.29672439,1970.18539357734
"35",35,"EB",2020,"T","1b",8,42.48095304,-80.29434546,4603.32395722427
"36",36,"EB",2020,"T","1b",9,42.47398148,-80.29204954,1448.73036918391
"37",37,"EB",2020,"T","1b",10,42.46696769,-80.28991701,217.459680101291
"38",38,"EB",2020,"T","1b",11,42.46000148,-80.28765,371.956408155744
"39",39,"EB",2020,"T","1b",12,42.45306863,-80.28531732,507.268835670084
"40",40,"EB",2020,"T","1b",13,42.44533852,-80.28273333,559.392807480044
"41",41,"EB",2020,"T","1b",14,42.43943333,-80.28008333,407.078406072837
"42",42,"EB",2020,"T","1b",15,42.43253333,-80.27766667,459.645762538198
"43",43,"EB",2020,"T","1b",16,42.42555,-80.27526667,235.182831920884
"44",44,"EB",2020,"T","1b",17,42.41857881,-80.27292627,177.23201628448
"45",45,"EB",2020,"T","1b",18,42.41159198,-80.27063066,236.125475656238
"46",46,"EB",2020,"T","1b",19,42.40465,-80.26815,309.429882931964
"47",47,"EB",2020,"T","1b",20,42.39776543,-80.2655607,125.967617050669
"48",48,"EB",2020,"T","1b",21,42.39082033,-80.26299688,268.327790539751
"49",49,"EB",2020,"T","1b",22,42.38391639,-80.26049435,377.073870383455
"50",50,"EB",2020,"T","1b",23,42.37698333,-80.2579,234.797360301526
"51",51,"EB",2020,"T","1b",24,42.37004671,-80.25538224,522.643871116472
"52",52,"EB",2020,"R","22a",1,42.52008206,-80.0035949,270.262936221086
"53",53,"EB",2020,"R","22a",2,42.5141265,-80.00123006,912.548167273889
"54",54,"EB",2020,"R","22a",3,42.50705,-80.00266667,1439.58794669892
"55",55,"EB",2020,"R","22a",4,42.4999579,-80.00422515,1917.03986994988
"56",56,"EB",2020,"R","22a",5,42.49295108,-80.00586631,1104.57692312345
"57",57,"EB",2020,"R","22a",6,42.48591868,-80.00768266,547.053759271861
"58",58,"EB",2020,"R","22a",7,42.47916709,-80.00952764,507.890028588561
"59",59,"EB",2020,"T","22a",1,42.3997252,-80.07145284,793.568267093445
"60",60,"EB",2020,"T","22a",2,42.40686145,-80.07396319,7029.90485638356
"61",61,"EB",2020,"T","22a",3,42.41374473,-80.07643158,1175.53017189825
"62",62,"EB",2020,"T","22a",4,42.4207154,-80.07883805,220.190730641109
"63",63,"EB",2020,"T","22a",5,42.42760269,-80.08131291,444.877598726288
"64",64,"EB",2020,"T","22a",6,42.43458067,-80.08377689,395.691035456073
"65",65,"EB",2020,"T","22a",7,42.44153949,-80.08625205,410.300889051667
"66",66,"EB",2020,"T","22a",8,42.44838333,-80.08888333,174.876424460368
"67",67,"EB",2020,"T","22a",9,42.45534986,-80.09133884,98.7954032622157
"68",68,"EB",2020,"T","22a",10,42.46226667,-80.09388333,27.4734749981715
"69",69,"EB",2020,"T","22a",11,42.4692142,-80.09640473,287.574507129483
"70",70,"EB",2020,"T","22a",12,42.47609563,-80.09893743,40.7460062869286
"71",71,"EB",2020,"T","22a",13,42.48305112,-80.10146148,96.1050162472377
"72",72,"EB",2020,"T","22a",14,42.49001102,-80.10390692,971.510113858692
"73",73,"EB",2020,"T","22a",15,42.49695271,-80.10625646,142.007599504883
"74",74,"EB",2020,"T","22a",16,42.50393508,-80.10856228,183.527657300195
"75",75,"EB",2020,"T","22a",17,42.51297878,-80.11172626,2652.64532061893
"76",76,"EB",2020,"T","22a",18,42.51668333,-80.11365,7451.03838516824
"77",77,"EB",2020,"T","22a",19,42.52230358,-80.11499008,2008.00930364763
"78",78,"EB",2020,"R","22b",1,42.50864108,-79.95567171,333.940726734893
"79",79,"EB",2020,"R","22b",2,42.51418096,-79.94956904,1124.10642358239
"80",80,"EB",2020,"R","22b",3,42.5197297,-79.94350545,258.720035483811
"81",81,"EB",2020,"R","22b",4,42.52524853,-79.9373848,299.285997079131
"82",82,"EB",2020,"R","22b",5,42.53078701,-79.93129449,300.098903098101
"83",83,"EB",2020,"R","22b",6,42.53637657,-79.92527682,326.501829098452
"84",84,"EB",2020,"R","22b",7,42.53943333,-79.92198333,380.941114379959
"85",85,"EB",2020,"T","22b",1,42.52570791,-79.74111375,1647.08569816544
"86",86,"EB",2020,"T","22b",2,42.53271469,-79.74342156,1811.35611606742
"87",87,"EB",2020,"T","22b",3,42.53970199,-79.74571667,2139.1081786214
"88",88,"EB",2020,"T","22b",4,42.5466712,-79.74801262,956.206973834284
"89",89,"EB",2020,"T","22b",5,42.55364755,-79.75034918,338.502875264371
"90",90,"EB",2020,"T","22b",6,42.5606,-79.7527,319.644085834689
"91",91,"EB",2020,"T","22b",7,42.56754321,-79.75511996,151.371012219072
"92",92,"EB",2020,"T","22b",8,42.57448201,-79.757594,248.797795094328
"93",93,"EB",2020,"T","22b",9,42.58142553,-79.76011407,154.561438680893
"94",94,"EB",2020,"T","22b",10,42.58834435,-79.76259256,26.9174739568737
"95",95,"EB",2020,"T","22b",11,42.59530344,-79.76501781,82.1081641007783
"96",96,"EB",2020,"T","22b",12,42.60223286,-79.76748302,68.498843572787
"97",97,"EB",2020,"T","22b",13,42.60923626,-79.76961209,254.928863888341
"98",98,"EB",2020,"T","22b",14,42.61613805,-79.7715238,225.219858198695
"99",99,"EB",2020,"R","22c",6,42.57193858,-79.89232191,1513.57273104689
"100",100,"EB",2020,"R","22c",7,42.57634936,-79.89859903,1044.77451087832
"101",101,"EB",2020,"R","22c",8,42.5810651,-79.90589765,637.311938591105
"102",102,"EB",2020,"R","22c",9,42.58576667,-79.91321667,617.65335382194
"103",103,"EB",2020,"R","22c",10,42.59042077,-79.92062077,395.177033441018
"104",104,"EB",2020,"R","22c",11,42.59512141,-79.92792378,774.308983841352
"105",105,"EB",2020,"R","22c",12,42.59908177,-79.93426431,767.924320922055
"106",106,"EB",2020,"R","22d",1,42.6195974,-79.63152396,3715.11291061485
"107",107,"EB",2020,"R","22d",2,42.612982,-79.63625133,4133.16785427815
"108",108,"EB",2020,"R","22d",3,42.60756194,-79.64259875,4982.12301235174
"109",109,"EB",2020,"R","22d",4,42.60217421,-79.64894246,3683.25494729985
"110",110,"EB",2020,"R","22d",5,42.59678233,-79.65531767,2684.03715298256
"111",111,"EB",2020,"R","22d",6,42.59142982,-79.66175526,4875.4642764507
"112",112,"EB",2020,"R","22d",7,42.5877453,-79.66620705,2838.61052662876
"113",113,"EB",2020,"R","23a",1,42.63812882,-79.98943178,816.939894540511
"114",114,"EB",2020,"R","23a",2,42.64243633,-79.98136067,1092.3542435454
"115",115,"EB",2020,"R","23a",3,42.64672724,-79.9736008,2646.90890226873
"116",116,"EB",2020,"R","23a",4,42.65101815,-79.96583111,4816.44871512415
"117",117,"EB",2020,"R","23a",5,42.65543418,-79.9582154,5397.89017050857
"118",118,"EB",2020,"R","23a",6,42.65981622,-79.95054234,5319.78056918554
"119",119,"EB",2020,"R","23a",7,42.66271622,-79.94557566,9154.73649141113
"120",120,"EB",2020,"T","23a",2,42.78324597,-79.72250977,332.813003592978
"121",121,"EB",2020,"T","23a",3,42.77625,-79.72025,1785.86591363397
"122",122,"EB",2020,"T","23a",4,42.76931097,-79.71776477,2945.15943148659
"123",123,"EB",2020,"T","23a",5,42.76231287,-79.71553207,6425.28229411495
"124",124,"EB",2020,"T","23a",6,42.75533236,-79.71339142,8441.27890242613
"125",125,"EB",2020,"T","23a",7,42.74831899,-79.71131308,8242.82554424144
"126",126,"EB",2020,"T","23a",8,42.74127358,-79.70920173,7701.55914081345
"127",127,"EB",2020,"T","23a",9,42.73426601,-79.70721089,8638.27476482731
"128",128,"EB",2020,"T","23a",10,42.727224,-79.70527467,11877.7509743648
"129",129,"EB",2020,"T","23a",11,42.72022808,-79.70320936,11579.5974943827
"130",130,"EB",2020,"T","23a",12,42.7131863,-79.70117321,14112.0651116802
"131",131,"EB",2020,"T","23a",13,42.7061732,-79.6991244,17984.2440187059
"132",132,"EB",2020,"T","23a",14,42.69923689,-79.69669256,13632.201117818
"133",133,"EB",2020,"T","23a",15,42.69223972,-79.69449743,9531.86693941454
"134",134,"EB",2020,"T","23a",16,42.68521667,-79.6923,3870.44294798747
"135",135,"EB",2020,"T","23a",17,42.67818392,-79.69032515,3996.85462219842
"136",136,"EB",2020,"T","23a",18,42.67114904,-79.68825523,3167.0789819724
"137",137,"EB",2020,"T","23a",19,42.66416067,-79.68609433,986.810133330659
"138",138,"EB",2020,"T","23a",20,42.65716535,-79.68391217,166.82513549159
"139",139,"EB",2020,"T","23a",21,42.65016929,-79.68177631,314.30664792625
"140",140,"EB",2020,"T","23a",22,42.6453214,-79.68023333,209.676494596103
"141",141,"EB",2020,"R","23b",1,42.68272463,-79.91483259,4740.86261907583
"142",142,"EB",2020,"R","23b",2,42.68538371,-79.92441815,4146.40117100631
"143",143,"EB",2020,"R","23b",3,42.68800398,-79.9334199,4084.09260739909
"144",144,"EB",2020,"R","23b",4,42.69053684,-79.94249737,12440.0072562918
"145",145,"EB",2020,"R","23b",5,42.6930903,-79.9515612,13214.3937748003
"146",146,"EB",2020,"R","23b",6,42.69581908,-79.96054298,9101.87102764485
"147",147,"EB",2020,"R","23b",7,42.69775,-79.96721667,6070.04152400425
"148",148,"EB",2020,"T","23b",5,42.74456031,-79.84751667,38.1863710428055
"149",149,"EB",2020,"T","23b",6,42.73748656,-79.8455733,3376.18724593412
"150",150,"EB",2020,"T","23b",7,42.73050012,-79.84362782,3484.67012051079
"151",151,"EB",2020,"T","23b",8,42.72346307,-79.84158213,3057.14491533061
"152",152,"EB",2020,"T","23b",9,42.71644672,-79.83955446,4424.18951999317
"153",153,"EB",2020,"T","23b",10,42.70943333,-79.83765,4148.60736702209
"154",154,"EB",2020,"T","23b",11,42.70236765,-79.83585882,4932.81380036779
"155",155,"EB",2020,"T","23b",12,42.69531667,-79.8341,4012.2282485838
"156",156,"EB",2020,"T","23b",13,42.68831667,-79.83213333,1999.85428363662
"157",157,"EB",2020,"T","23b",14,42.68134164,-79.82993055,975.548506004214
"158",158,"EB",2020,"T","23b",15,42.67434113,-79.8277026,603.918848163469
"159",159,"EB",2020,"T","23b",16,42.66733922,-79.8254853,257.606370853252
"160",160,"EB",2020,"T","23b",17,42.66040893,-79.82301964,292.678875722755
"161",161,"EB",2020,"T","23b",18,42.6535,-79.82041667,702.919537793482
"162",162,"EB",2020,"T","23b",19,42.64658945,-79.81780759,509.620774354417
"163",163,"EB",2020,"T","23b",20,42.63966667,-79.81526667,366.7466614697
"164",164,"EB",2020,"T","23b",21,42.63272813,-79.81290382,175.125550856417
"165",165,"EB",2020,"T","23b",22,42.62573333,-79.81076667,229.946237924721
"166",166,"EB",2020,"T","23b",23,42.6187167,-79.80875001,382.656723306951
"167",167,"EB",2020,"T","23b",24,42.6130245,-79.80725261,901.711092756004
"168",168,"EB",2020,"R","23c",1,42.76316256,-79.80529565,10160.953342579
"169",169,"EB",2020,"R","23c",2,42.76612531,-79.79579876,7146.49399939669
"170",170,"EB",2020,"R","23c",3,42.76884143,-79.78685095,11059.1217884335
"171",171,"EB",2020,"R","23c",4,42.7714157,-79.77775386,8537.80984191758
"172",172,"EB",2020,"R","23c",5,42.77392358,-79.76865566,4616.72588929703
"173",173,"EB",2020,"R","23c",6,42.77640127,-79.7595449,2689.09590818257
"174",174,"EB",2020,"R","23c",7,42.77811793,-79.75329367,2219.61259195431
"175",175,"EB",2020,"R","23d",1,42.67062625,-79.71631896,890.397746237189
"176",176,"EB",2020,"R","23d",2,42.67558513,-79.7092482,577.130588081769
"177",177,"EB",2020,"R","23d",3,42.68058333,-79.70231667,601.292367295158
"178",178,"EB",2020,"R","23d",4,42.68557711,-79.69538956,589.851118607176
"179",179,"EB",2020,"R","23d",5,42.69057198,-79.6884337,1668.76737561436
"180",180,"EB",2020,"R","23d",6,42.69547057,-79.68131914,3150.75503830527
"181",181,"EB",2020,"R","23d",7,42.69818333,-79.67718333,3770.53585622273
"182",182,"EB",2020,"T","3a",1,42.82413734,-79.48461245,4238.08189678664
"183",183,"EB",2020,"T","3a",2,42.81714692,-79.48165453,2847.07145452106
"184",184,"EB",2020,"T","3a",3,42.81028644,-79.47878437,524.852047523665
"185",185,"EB",2020,"T","3a",4,42.80347104,-79.4757959,800.902598469523
"186",186,"EB",2020,"T","3a",5,42.79671667,-79.47271667,847.690625824276
"187",187,"EB",2020,"T","3a",6,42.78990806,-79.46961093,502.022802498378
"188",188,"EB",2020,"T","3a",7,42.78306667,-79.46658333,258.157152800392
"189",189,"EB",2020,"T","3a",14,42.73643521,-79.44589014,115.920011962603
"190",190,"EB",2020,"T","3a",15,42.72952587,-79.44321725,5836.41902428659
"191",191,"EB",2020,"T","3a",16,42.72260051,-79.44060017,4472.94856180734
"192",192,"EB",2020,"T","3a",17,42.7157377,-79.4379959,2331.76550203577
"193",193,"EB",2020,"T","3a",18,42.70890739,-79.43496358,2544.04576211919
"194",194,"EB",2020,"T","3a",19,42.70217303,-79.43164313,3479.92703426531
"195",195,"EB",2020,"T","3a",20,42.69537895,-79.42860614,2269.81240835454
"196",196,"EB",2020,"T","3a",21,42.68858183,-79.42554394,2419.62899939733
"197",197,"EB",2020,"T","3a",22,42.68174654,-79.42266321,2360.99762905929
"198",198,"EB",2020,"T","3a",23,42.67486667,-79.41988333,3139.03222762974
"199",199,"EB",2020,"T","3a",24,42.66800346,-79.41715671,2092.22297074166
"200",200,"EB",2020,"T","3a",25,42.66115,-79.41433333,1418.34345323028
"201",201,"EB",2020,"T","3a",26,42.65425354,-79.4116734,2101.42821742569
"202",202,"EB",2020,"T","3a",27,42.64966667,-79.41045,6970.74737813486
"203",203,"EB",2020,"T","3b",1,42.60544839,-79.53039391,3457.89426363252
"204",204,"EB",2020,"T","3b",2,42.61265209,-79.53296181,4511.90754469004
"205",205,"EB",2020,"T","3b",3,42.61965918,-79.53513333,3142.30739082225
"206",206,"EB",2020,"T","3b",4,42.62660562,-79.53746299,4663.06550854071
"207",207,"EB",2020,"T","3b",5,42.63359888,-79.53973852,2521.88971212156
"208",208,"EB",2020,"T","3b",6,42.64065548,-79.54193333,1263.16041820965
"209",209,"EB",2020,"T","3b",7,42.64760897,-79.54422521,2394.32397688913
"210",210,"EB",2020,"T","3b",8,42.65454377,-79.54667015,3889.49779979365
"211",211,"EB",2020,"T","3b",9,42.66139632,-79.54944754,2439.70475031658
"212",212,"EB",2020,"T","3b",10,42.66828969,-79.55217091,2046.96873173297
"213",213,"EB",2020,"T","3b",11,42.67520081,-79.55488916,2534.50081514544
"214",214,"EB",2020,"T","3b",12,42.68207342,-79.55764669,1650.8862573357
"215",215,"EB",2020,"T","3b",13,42.68893867,-79.56039622,1725.79787594954
"216",216,"EB",2020,"T","3b",14,42.69582575,-79.56306716,5885.53639677186
"217",217,"EB",2020,"T","3b",15,42.70274121,-79.56570818,6141.02441833728
"218",218,"EB",2020,"T","3b",16,42.70961871,-79.56840692,4638.51659062981
"219",219,"EB",2020,"T","3b",17,42.71526006,-79.5705978,6257.02436582116
"220",220,"EB",2020,"T","3b",18,42.72346856,-79.57332841,5041.84809640916
"221",221,"EB",2020,"T","3b",19,42.7304129,-79.57561667,3907.9574504363
"222",222,"EB",2020,"T","3b",20,42.73738563,-79.57785632,3002.94269501669
"223",223,"EB",2020,"T","3b",21,42.74432303,-79.58028545,2406.69554999786
"224",224,"EB",2020,"T","3b",22,42.75125679,-79.58281893,2258.48958252933
"225",225,"EB",2020,"T","3b",23,42.75821782,-79.58520594,3776.21496468859
"226",226,"EB",2020,"T","3b",24,42.76517217,-79.58769304,3143.38444766848
"227",227,"EB",2020,"T","3b",25,42.77208764,-79.5902681,2224.73526355374
"228",228,"EB",2020,"T","3b",26,42.77898653,-79.59285107,1469.7027096028
"229",229,"EB",2020,"T","3b",27,42.7859495,-79.5954165,1265.51996574274
"230",230,"EB",2020,"T","3b",28,42.79287976,-79.59794911,167.54481445727
"231",231,"EB",2020,"T","3b",33,42.82496667,-79.61026667,16.9102434865477
"232",1,"EB",2021,"R","R03",1,42.41090514,-80.20608723,2825.08779093026
"233",2,"EB",2021,"R","R03",2,42.40848574,-80.19701204,2527.99650083369
"234",3,"EB",2021,"R","R03",3,42.40633613,-80.18777787,2532.72694708294
"235",4,"EB",2021,"R","R03",4,42.4043933,-80.17855653,1991.07377441799
"236",5,"EB",2021,"R","R03",5,42.40239056,-80.1692289,2073.71101988115
"237",6,"EB",2021,"R","R03",6,42.40044811,-80.15992577,1722.5732113405
"238",7,"EB",2021,"R","R03",7,42.39906491,-80.15347454,2576.22850162442
"239",8,"EB",2021,"R","R04",1,42.45954388,-80.16363945,499.715398953187
"240",9,"EB",2021,"R","R04",2,42.45392141,-80.16941193,981.151820835643
"241",10,"EB",2021,"R","R04",3,42.44830377,-80.17538602,801.362846822033
"242",11,"EB",2021,"R","R04",4,42.4426785,-80.18135483,2000.77312382794
"243",12,"EB",2021,"R","R04",5,42.43701828,-80.18726505,1230.85416441802
"244",13,"EB",2021,"R","R04",6,42.43131497,-80.1931017,960.073430859791
"245",14,"EB",2021,"R","R04",7,42.42744133,-80.19716133,1635.07914560971
"246",15,"EB",2021,"R","R05",1,42.19512798,-80.06107857,96.131972470343
"247",16,"EB",2021,"R","R05",2,42.19831442,-80.06962884,80.1688357120266
"248",17,"EB",2021,"R","R05",3,42.20152907,-80.07822482,359.27762621933
"249",18,"EB",2021,"R","R05",4,42.20474278,-80.0867711,150.764517118983
"250",19,"EB",2021,"R","R05",5,42.20803334,-80.09535002,42.7564086144676
"251",20,"EB",2021,"R","R05",6,42.21131156,-80.10377567,5616.96568092551
"252",21,"EB",2021,"R","R05",7,42.21346199,-80.10967632,283.44500782976
"253",22,"EB",2021,"R","R08",15,42.3144746,-80.10934206,1408.4512489037
"254",23,"EB",2021,"R","R08",16,42.31858725,-80.10625,1286.50643490298
"255",24,"EB",2021,"R","R08",17,42.32566573,-80.10524476,1282.56342430654
"256",25,"EB",2021,"R","R08",18,42.33275114,-80.10388851,1347.41615612614
"257",26,"EB",2021,"R","R08",19,42.33987307,-80.1028,731.334035168328
"258",27,"EB",2021,"R","R08",20,42.3470278,-80.10258333,608.735788742174
"259",28,"EB",2021,"R","R08",21,42.35418923,-80.10285,840.955492090584
"260",29,"EB",2021,"R","R08",22,42.35859534,-80.10296667,537.651150158549
"261",30,"EB",2021,"T","T1a",9,42.47564951,-80.30385539,736.59041498882
"262",31,"EB",2021,"T","T1a",10,42.46871524,-80.30141619,4537.07610790694
"263",32,"EB",2021,"T","T1a",11,42.4617603,-80.2988902,8079.40550230694
"264",33,"EB",2021,"T","T1a",12,42.45483258,-80.29637753,7612.86461400605
"265",34,"EB",2021,"T","T1a",13,42.44785643,-80.29401827,18683.5324908982
"266",35,"EB",2021,"T","T1a",14,42.44195,-80.29241667,23463.8942529556
"267",36,"EB",2021,"T","T1a",15,42.43402892,-80.28985,2362.99862139469
"268",37,"EB",2021,"T","T1a",16,42.42706017,-80.28748117,1493.99580268074
"269",38,"EB",2021,"T","T1a",17,42.42007267,-80.285252,765.63539844708
"270",39,"EB",2021,"T","T1a",18,42.4130606,-80.28301932,1144.46183999322
"271",40,"EB",2021,"T","T1a",19,42.40610298,-80.28070655,260.213858378748
"272",41,"EB",2021,"T","T1a",20,42.3991262,-80.27841072,257.205820861583
"273",42,"EB",2021,"T","T1a",21,42.39216746,-80.27598942,136.864882272639
"274",43,"EB",2021,"T","T1a",22,42.38518282,-80.27368872,248.127503036894
"275",44,"EB",2021,"T","T1a",23,42.3781978,-80.27144927,292.706412144251
"276",45,"EB",2021,"T","T1a",24,42.37122987,-80.26913663,253.900423877476
"277",46,"EB",2021,"T","T1a",25,42.36422277,-80.26693185,896.051557443289
"278",47,"EB",2021,"T","T1a",26,42.35723087,-80.2647214,1208.38796981924
"279",48,"EB",2021,"T","T1a",27,42.35022841,-80.26258169,2162.27860510622
"280",49,"EB",2021,"T","T1a",28,42.34323755,-80.26036252,3968.49602924026
"281",50,"EB",2021,"T","T1a",29,42.33625905,-80.25811968,5693.54498060655
"282",51,"EB",2021,"T","T1a",30,42.3292806,-80.2559102,2930.43591904468
"283",52,"EB",2021,"T","T1a",31,42.32231551,-80.25360478,1409.51864971544
"284",53,"EB",2021,"T","T1a",32,42.3153316,-80.25132457,1482.51208602663
"285",54,"EB",2021,"T","T1a",33,42.30832199,-80.24910178,2144.32886756241
"286",55,"EB",2021,"T","T1a",34,42.30133008,-80.24696558,789.221737557676
"287",56,"EB",2021,"T","T1a",35,42.29437188,-80.24462952,717.305391073205
"288",57,"EB",2021,"T","T1a",36,42.28739985,-80.24228328,812.894673680281
"289",58,"EB",2021,"T","T1a",37,42.28041847,-80.24003393,622.089202912613
"290",59,"EB",2021,"T","T1a",38,42.27344697,-80.23783788,383.276324612506
"291",60,"EB",2021,"T","T1a",39,42.26645898,-80.23550855,596.162336873983
"292",61,"EB",2021,"T","T1a",40,42.25950364,-80.23309566,1070.31556553781
"293",62,"EB",2021,"T","T1a",41,42.25095872,-80.23016402,1567.1566537179
"294",63,"EB",2021,"T","T1a",42,42.24573989,-80.22833333,404.3452835328
"295",64,"EB",2021,"T","T1a",43,42.23873123,-80.2262993,1175.69938524191
"296",65,"EB",2021,"T","T1a",44,42.2317194,-80.2242398,1342.73865482313
"297",66,"EB",2021,"T","T1a",45,42.2247451,-80.22189044,359.213039943305
"298",67,"EB",2021,"T","T1a",46,42.21775661,-80.21964109,617.754538912547
"299",68,"EB",2021,"T","T1a",47,42.21079353,-80.21736505,348.451227465622
"300",69,"EB",2021,"T","T1a",48,42.20381053,-80.21505147,483.838086503652
"301",70,"EB",2021,"T","T1a",49,42.19682877,-80.21277626,258.109124908821
"302",71,"EB",2021,"T","T1a",50,42.18982058,-80.21050686,323.944782419309
"303",72,"EB",2021,"T","T1a",51,42.1828757,-80.20818079,1070.61300853127
"304",73,"EB",2021,"T","T1a",52,42.17592039,-80.20585124,2434.88935424606
"305",74,"EB",2021,"T","T1a",53,42.16893523,-80.20360464,561.291811050445
"306",75,"EB",2021,"T","T1b",1,42.39367134,-80.11131823,1541.94771442081
"307",76,"EB",2021,"T","T1b",2,42.40069218,-80.11273073,2628.86041530126
"308",77,"EB",2021,"T","T1b",3,42.40775978,-80.11416993,1522.19239449239
"309",78,"EB",2021,"T","T1b",4,42.41481728,-80.11572243,1569.037896291
"310",79,"EB",2021,"T","T1b",5,42.42188515,-80.11742838,4559.17879246821
"311",80,"EB",2021,"T","T1b",6,42.42892265,-80.11923333,5405.25491229359
"312",81,"EB",2021,"T","T1b",7,42.43597,-80.12107333,2043.08522339199
"313",82,"EB",2021,"T","T1b",8,42.44301759,-80.1228892,962.470263219618
"314",83,"EB",2021,"T","T1b",9,42.45006493,-80.12471667,245.146151766058
"315",84,"EB",2021,"T","T1b",10,42.45712954,-80.12653333,256.116745648075
"316",85,"EB",2021,"T","T1b",11,42.46416341,-80.12831667,235.197503567431
"317",86,"EB",2021,"T","T1b",12,42.47122457,-80.1301193,183.041462784537
"318",87,"EB",2021,"T","T1b",13,42.47831848,-80.13149505,480.337285999262
"319",88,"EB",2021,"T","T1b",14,42.48533646,-80.13295,2657.53418338102
"320",89,"EB",2021,"T","T1b",15,42.4924418,-80.13439727,4311.34707691084
"321",90,"EB",2021,"T","T1b",16,42.49950975,-80.13571992,7114.7510019842
"322",91,"EB",2021,"T","T1b",17,42.5066229,-80.13725572,17932.9997422655
"323",92,"EB",2021,"T","T1b",18,42.51370505,-80.13866835,8986.20470159299
"324",93,"EB",2021,"T","T1b",19,42.52034137,-80.14004713,4138.1462527761
"325",94,"EB",2021,"T","T1b",1,42.38666311,-80.10950993,153.193624229074
"326",95,"EB",2021,"T","T1b",2,42.37966794,-80.10705042,81.7767890915221
"327",96,"EB",2021,"T","T1b",3,42.37281782,-80.10432816,206.110726133637
"328",97,"EB",2021,"T","T1b",4,42.3659239,-80.10162463,278.697768720815
"329",98,"EB",2021,"T","T1b",5,42.35903616,-80.09892872,254.237187610377
"330",99,"EB",2021,"T","T1b",6,42.35212379,-80.09631904,272.602068145943
"331",100,"EB",2021,"T","T1b",7,42.34524201,-80.09362245,192.680382661836
"332",101,"EB",2021,"T","T1b",8,42.33836361,-80.09089343,230.688058035717
"333",102,"EB",2021,"T","T1b",9,42.3314816,-80.0881544,265.58941247429
"334",103,"EB",2021,"T","T1b",10,42.32460043,-80.08537792,302.287477914513
"335",104,"EB",2021,"T","T1b",11,42.31773579,-80.08267386,406.003528258298
"336",105,"EB",2021,"T","T1b",12,42.31085931,-80.07997533,559.022336871469
"337",106,"EB",2021,"T","T1b",13,42.30398233,-80.07711633,706.130823051517
"338",107,"EB",2021,"T","T1b",14,42.29716489,-80.07433274,648.356824917145
"339",108,"EB",2021,"T","T1b",15,42.29024902,-80.07158301,489.101701394559
"340",109,"EB",2021,"T","T1b",16,42.28345409,-80.06877358,1695.26545608567
"341",110,"EB",2021,"T","T1b",17,42.27653433,-80.06610033,1111.99955493569
"342",111,"EB",2021,"T","T1b",18,42.26962486,-80.06353051,1442.92972548156
"343",112,"EB",2021,"T","T1b",19,42.26267916,-80.06109166,853.446827063149
"344",113,"EB",2021,"T","T1b",20,42.25580255,-80.05838418,87.9117109050467
"345",114,"EB",2021,"T","T1b",21,42.2488784,-80.0558392,51.542065391008
"346",115,"EB",2021,"T","T1b",22,42.24346667,-80.05326273,16.1369676592914
"347",116,"EB",2021,"T","T1b",23,42.23691176,-80.04895948,74.1060103472913
"348",117,"EB",2021,"T","T1b",24,42.2299606,-80.0465404,0.0674769363359033
"349",118,"EB",2021,"T","T1b",25,42.22296489,-80.04434385,0.212745178779361
"350",119,"EB",2021,"T","T1b",26,42.21596923,-80.04210086,7.39576811852275e-95
"351",120,"EB",2021,"R","R33",1,42.59361705,-79.51105077,2384.6266188416
"352",121,"EB",2021,"R","R33",2,42.59696517,-79.51957733,1871.86509792332
"353",122,"EB",2021,"R","R33",3,42.60038333,-79.528025,986.552859024676
"354",123,"EB",2021,"R","R33",4,42.60381862,-79.53647057,1334.08984137855
"355",124,"EB",2021,"R","R33",5,42.60737383,-79.54484767,3527.09138973548
"356",125,"EB",2021,"R","R33",6,42.61079629,-79.55330183,4289.94948561029
"357",126,"EB",2021,"R","R33",7,42.61331309,-79.55931903,5822.01912161246
"358",127,"EB",2021,"R","R34",1,42.66378333,-79.58178127,7391.00008284347
"359",128,"EB",2021,"R","R34",2,42.66365,-79.59150438,1282.35009914811
"360",129,"EB",2021,"R","R34",3,42.6635,-79.6012414,1602.30201133316
"361",130,"EB",2021,"R","R34",4,42.66334004,-79.61096646,1001.75660819078
"362",131,"EB",2021,"R","R34",5,42.66316667,-79.6206206,283.304860379537
"363",132,"EB",2021,"R","R34",6,42.66305449,-79.6302987,1034.04551459057
"364",133,"EB",2021,"R","R34",7,42.66305,-79.6360487,1091.87124157041
"365",134,"EB",2021,"R","R35",1,42.55280605,-79.43896263,2932.5684693375
"366",135,"EB",2021,"R","R35",2,42.54619419,-79.44277416,2407.84452808828
"367",136,"EB",2021,"R","R35",3,42.53963482,-79.44662123,1900.04438556064
"368",137,"EB",2021,"R","R35",4,42.53306283,-79.45038033,2793.97514770791
"369",138,"EB",2021,"R","R35",5,42.52649123,-79.45420585,7180.06914253188
"370",139,"EB",2021,"R","R35",6,42.51987977,-79.45789127,2836.54676185112
"371",140,"EB",2021,"R","R35",7,42.51525295,-79.46046568,613.624559877263
"372",141,"EB",2021,"R","R36",9,42.46534104,-79.51123333,5422.63605053455
"373",142,"EB",2021,"R","R36",10,42.47151195,-79.51206667,972.133213290068
"374",143,"EB",2021,"R","R36",11,42.47845284,-79.51409539,791.448368363857
"375",144,"EB",2021,"R","R36",12,42.48552159,-79.51606831,324.348727279903
"376",145,"EB",2021,"R","R36",13,42.49251353,-79.51817118,138.486576812502
"377",146,"EB",2021,"R","R36",14,42.49950546,-79.52030738,264.095970677895
"378",147,"EB",2021,"R","R36",15,42.50566339,-79.52233224,1372.95850144739
"379",148,"EB",2021,"R","R37",1,42.72885541,-79.56447208,14415.4576072038
"380",149,"EB",2021,"R","R37",2,42.72452079,-79.55751237,18167.222200339
"381",150,"EB",2021,"R","R37",3,42.72217415,-79.54846327,26808.1806040984
"382",151,"EB",2021,"R","R37",4,42.71996452,-79.53910807,17506.3546331196
"383",152,"EB",2021,"R","R37",5,42.71781667,-79.5299362,14487.814403761
"384",153,"EB",2021,"R","R37",6,42.71564839,-79.5207269,14557.2174939304
"385",154,"EB",2021,"R","R37",7,42.71426729,-79.51353583,19493.5738174881
"386",155,"EB",2021,"R","R39",1,42.50598333,-79.3552659,743.878175106806
"387",156,"EB",2021,"R","R39",2,42.50732828,-79.36457981,198.07948674385
"388",157,"EB",2021,"R","R39",3,42.5087,-79.3738685,440.836830261495
"389",158,"EB",2021,"R","R39",4,42.51014056,-79.38343613,1347.54722972348
"390",159,"EB",2021,"R","R39",5,42.51154316,-79.39285597,1790.39431588846
"391",160,"EB",2021,"R","R39",6,42.51275,-79.40232577,1145.72180990745
"392",161,"EB",2021,"R","R39",7,42.51366667,-79.40899817,893.214695439692
"393",162,"EB",2021,"R","R40",1,42.66381667,-79.51798257,2982.25462395165
"394",163,"EB",2021,"R","R40",2,42.66383333,-79.52766693,2883.24452003344
"395",164,"EB",2021,"R","R40",3,42.66382702,-79.53739143,2186.44042013282
"396",165,"EB",2021,"R","R40",4,42.66383333,-79.54704713,599.969303217792
"397",166,"EB",2021,"R","R40",5,42.66386667,-79.55668556,233.094697440098
"398",167,"EB",2021,"R","R40",6,42.66388333,-79.5664435,331.716498311288
"399",168,"EB",2021,"R","R40",7,42.66385,-79.57367267,163.116973646894
"400",169,"EB",2021,"T","T3a",6,42.78776759,-79.50473333,3.9865046613766
"401",170,"EB",2021,"T","T3a",7,42.78073705,-79.50261019,565.615783196212
"402",171,"EB",2021,"T","T3a",8,42.77375372,-79.50037686,151.734275984286
"403",172,"EB",2021,"T","T3a",9,42.76679398,-79.49816667,576.111862093258
"404",173,"EB",2021,"T","T3a",10,42.75981388,-79.49591018,854.635841606628
"405",174,"EB",2021,"T","T3a",11,42.75280087,-79.49363363,631.715656790579
"406",175,"EB",2021,"T","T3a",12,42.74581794,-79.49130043,192.889102667825
"407",176,"EB",2021,"T","T3a",13,42.73882809,-79.48900381,391.916927815216
"408",177,"EB",2021,"T","T3a",14,42.73186799,-79.48688378,886.745833491828
"409",178,"EB",2021,"T","T3a",15,42.72292568,-79.48456667,1899.63692143047
"410",179,"EB",2021,"T","T3a",16,42.71791169,-79.48294834,613.45909193243
"411",180,"EB",2021,"T","T3a",17,42.71099372,-79.48062568,2454.72388143952
"412",181,"EB",2021,"T","T3a",18,42.70399358,-79.47838675,2812.03276976158
"413",182,"EB",2021,"T","T3a",19,42.69700245,-79.47618415,2233.37375596647
"414",183,"EB",2021,"T","T3a",20,42.68999543,-79.47407272,1654.33432651951
"415",184,"EB",2021,"T","T3a",21,42.68302951,-79.47178206,2241.89029349614
"416",185,"EB",2021,"T","T3a",22,42.67607457,-79.4693693,1465.09364951852
"417",186,"EB",2021,"T","T3a",23,42.669059,-79.467303,529.710232847908
"418",187,"EB",2021,"T","T3a",24,42.66204358,-79.46522008,1475.30515518871
"419",188,"EB",2021,"T","T3a",25,42.65501506,-79.46318333,3731.56349464443
"420",189,"EB",2021,"T","T3a",26,42.64799997,-79.46114443,2963.69730671497
"421",190,"EB",2021,"T","T3a",27,42.64098199,-79.45904355,1107.54197777075
"422",191,"EB",2021,"T","T3a",28,42.6339369,-79.45704563,1386.07103598793
"423",192,"EB",2021,"T","T3a",29,42.62694211,-79.45500293,3838.56154674134
"424",193,"EB",2021,"T","T3a",30,42.61994005,-79.45289668,7217.19799692937
"425",194,"EB",2021,"T","T3a",31,42.6129217,-79.4509239,6062.20821813861
"426",195,"EB",2021,"T","T3a",32,42.60589357,-79.44884786,4780.44203203566
"427",196,"EB",2021,"T","T3a",33,42.59887194,-79.44678509,15136.1303633016
"428",197,"EB",2021,"T","T3a",34,42.59189304,-79.44460879,25774.5151688849
"429",198,"EB",2021,"T","T3a",35,42.58489785,-79.4423,13413.1618654124
"430",199,"EB",2021,"T","T3a",36,42.57787988,-79.44020996,14614.5599678804
"431",200,"EB",2021,"T","T3a",37,42.57085827,-79.43826387,12189.8953976041
"432",201,"EB",2021,"T","T3a",38,42.5638216,-79.43618457,15922.9854101249
"433",202,"EB",2021,"T","T3a",39,42.55949993,-79.43486107,19164.8825950955
"434",203,"EB",2021,"T","T3a",3,42.49587702,-79.41572012,146.2318550545
"435",204,"EB",2021,"T","T3a",4,42.50290111,-79.41761185,252.559562541266
"436",205,"EB",2021,"T","T3a",5,42.50985239,-79.42004524,391.702914132675
"437",206,"EB",2021,"T","T3a",6,42.51685044,-79.42226126,6302.19363195937
"438",207,"EB",2021,"T","T3a",7,42.52382857,-79.42442063,13692.7193316703
"439",208,"EB",2021,"T","T3a",8,42.53081687,-79.42656673,7913.0669950208
"440",209,"EB",2021,"T","T3a",9,42.53787221,-79.42847963,4586.1213298857
"441",210,"EB",2021,"T","T3a",10,42.54488477,-79.43062572,9291.79686908956
"442",211,"EB",2021,"T","T3a",11,42.55187911,-79.43271526,3389.59240309923
"443",212,"EB",2021,"T","T3a",12,42.55725396,-79.43439577,1412.07627861033
"444",213,"EB",2021,"T","T3b",2,42.82786156,-79.44193548,841.157915647288
"445",214,"EB",2021,"T","T3b",3,42.82088015,-79.43971005,6424.66766120867
"446",215,"EB",2021,"T","T3b",4,42.81386909,-79.43748414,5631.10689280318
"447",216,"EB",2021,"T","T3b",5,42.80689059,-79.43526667,3809.51854000955
"448",217,"EB",2021,"T","T3b",6,42.79987224,-79.43315,2927.6475021261
"449",218,"EB",2021,"T","T3b",7,42.79286038,-79.43114235,1832.33783585601
"450",219,"EB",2021,"T","T3b",8,42.78580843,-79.42922294,2355.2802879666
"451",220,"EB",2021,"T","T3b",9,42.77883629,-79.42707321,1033.50304720562
"452",221,"EB",2021,"T","T3b",10,42.77181794,-79.42480043,1680.5972131307
"453",222,"EB",2021,"T","T3b",11,42.76484553,-79.42255407,1654.10143694729
"454",223,"EB",2021,"T","T3b",12,42.75787411,-79.4203747,1628.21513465691
"455",224,"EB",2021,"T","T3b",13,42.74941294,-79.41795373,1606.8677644035
"456",225,"EB",2021,"T","T3b",14,42.74426811,-79.41741159,1828.86104657684
"457",226,"EB",2021,"T","T3b",15,42.73732588,-79.41516725,1391.20805141573
"458",227,"EB",2021,"T","T3b",16,42.730338,-79.41287533,1822.88242891441
"459",228,"EB",2021,"T","T3b",17,42.72336311,-79.41055993,1350.17899382629
"460",229,"EB",2021,"T","T3b",18,42.71640245,-79.40828415,2012.80076195698
"461",230,"EB",2021,"T","T3b",19,42.70944099,-79.40596622,1817.0783424314
"462",231,"EB",2021,"T","T3b",20,42.70249008,-79.40358783,1585.19581065541
"463",232,"EB",2021,"T","T3b",21,42.69552574,-79.40116969,2512.52057172685
"464",233,"EB",2021,"T","T3b",22,42.68860817,-79.39869717,3082.56419209029
"465",234,"EB",2021,"T","T3b",23,42.68163979,-79.39639104,2012.63103225001
"466",235,"EB",2021,"T","T3b",24,42.67470843,-79.3939917,311.643525092094
"467",236,"EB",2021,"T","T3b",25,42.66771402,-79.3917149,260.76447598743
"468",237,"EB",2021,"T","T3b",26,42.66075623,-79.38934652,174.083956346189
"469",238,"EB",2021,"T","T3b",27,42.65375867,-79.38698067,306.426118981097
"470",239,"EB",2021,"T","T3b",28,42.64683703,-79.38465123,1212.42803141938
"471",240,"EB",2021,"T","T3b",29,42.63983209,-79.38235514,2820.12878271648
"472",241,"EB",2021,"T","T3b",30,42.63286008,-79.38012558,2648.9777417178
"473",242,"EB",2021,"T","T3b",31,42.62586895,-79.37793965,4871.7873658228
"474",243,"EB",2021,"T","T3b",32,42.61888391,-79.37566686,4708.53750759703
"475",244,"EB",2021,"T","T3b",33,42.6118623,-79.37362077,4980.61983963739
"476",245,"EB",2021,"T","T3b",34,42.60484355,-79.37149785,1192.25817998936
"477",246,"EB",2021,"T","T3b",35,42.59783209,-79.36940514,322.346102574699
"478",247,"EB",2021,"T","T3b",36,42.59084056,-79.36725241,1831.36862204584
"479",248,"EB",2021,"T","T3b",37,42.58378965,-79.36539655,2488.69296212553
"480",249,"EB",2021,"T","T3b",38,42.57676802,-79.36350045,2785.89442515515
"481",250,"EB",2021,"T","T3b",39,42.56974315,-79.36143105,5624.86229333693
"482",251,"EB",2021,"T","T3b",40,42.56525,-79.36016667,2071.01529859795
"483",252,"EB",2021,"T","T3b",41,42.55618047,-79.35715,2718.70846686996
"484",253,"EB",2021,"T","T3b",42,42.54913965,-79.35521322,2702.04873082085
"485",254,"EB",2021,"T","T3b",43,42.54208471,-79.35315,225.861330642905
"486",255,"EB",2021,"T","T3b",44,42.53509317,-79.35123106,5.9807049074772e-95
"487",256,"EB",2021,"R","R09",1,42.21820265,-80.01005,15.1072615931724
"488",257,"EB",2021,"R","R09",2,42.22447481,-80.01008333,1058.95743058351
"489",258,"EB",2021,"R","R09",3,42.23161877,-80.01026667,346.010522282036
"490",259,"EB",2021,"R","R09",4,42.23880776,-80.01036667,1357.77252940807
"491",260,"EB",2021,"R","R09",5,42.24598706,-80.01041667,80.1705740852994
"492",261,"EB",2021,"R","R09",6,42.25316229,-80.01055,135.205072756755
"493",262,"EB",2021,"R","R09",7,42.25900951,-80.01083333,13.4524643032757
"494",263,"EB",2021,"R","R14",1,42.38320397,-79.67577063,337.411710904122
"495",264,"EB",2021,"R","R14",2,42.38870742,-79.68193612,330.56906497499
"496",265,"EB",2021,"R","R14",3,42.39417688,-79.68814355,56.1591725105009
"497",266,"EB",2021,"R","R14",4,42.39945768,-79.69466153,162.066622834807
"498",267,"EB",2021,"R","R14",5,42.40484213,-79.70097547,1581.42251092513
"499",268,"EB",2021,"R","R14",6,42.41024431,-79.7072998,1680.23898326254
"500",269,"EB",2021,"R","R14",7,42.41347899,-79.71066233,3264.9421271255
"501",270,"EB",2021,"R","R15",1,42.2684379,-80.00633481,97.8546486668367
"502",271,"EB",2021,"R","R15",2,42.27419613,-80.00063036,43.3732044631806
"503",272,"EB",2021,"R","R15",3,42.27992265,-79.99487735,975.474487527506
"504",273,"EB",2021,"R","R15",4,42.28567618,-79.98914049,979.658851497926
"505",274,"EB",2021,"R","R15",5,42.29217786,-79.98530365,1312.92581588222
"506",275,"EB",2021,"R","R15",6,42.2988629,-79.98172473,1302.08456072827
"507",276,"EB",2021,"R","R15",7,42.30507278,-79.9784737,738.485318598046
"508",277,"EB",2021,"T","T21a",4,42.23195528,-79.98523509,3.67602184832017
"509",278,"EB",2021,"T","T21a",5,42.23895696,-79.98749121,1893.5031693395
"510",279,"EB",2021,"T","T21a",6,42.24594523,-79.98970397,384.577168429451
"511",280,"EB",2021,"T","T21a",7,42.25295632,-79.99174655,71.9903003285814
"512",281,"EB",2021,"T","T21a",8,42.25996067,-79.99376933,4.03496037303422
"513",282,"EB",2021,"T","T21a",9,42.26702638,-79.99595879,36.5217821583027
"514",283,"EB",2021,"T","T21a",10,42.27396139,-79.99831491,183.977388050333
"515",284,"EB",2021,"T","T21a",11,42.28092117,-80.00068483,324.265012526725
"516",285,"EB",2021,"T","T21a",12,42.28786999,-80.00308444,292.558964573836
"517",286,"EB",2021,"T","T21a",13,42.29488511,-80.00528392,191.624331997385
"518",287,"EB",2021,"T","T21a",14,42.3018506,-80.0075502,1008.06867842488
"519",288,"EB",2021,"T","T21a",15,42.3088284,-80.0098196,2718.14577571052
"520",289,"EB",2021,"T","T21a",16,42.31580437,-80.01211257,4775.37218736654
"521",290,"EB",2021,"T","T21a",17,42.32279304,-80.01440879,9493.83795657512
"522",291,"EB",2021,"T","T21a",18,42.32968823,-80.01690163,7758.58683120825
"523",292,"EB",2021,"T","T21a",19,42.33663014,-80.01947116,4975.85656871774
"524",293,"EB",2021,"T","T21a",20,42.34354889,-80.02211074,4290.83014312133
"525",294,"EB",2021,"T","T21a",21,42.35159137,-80.02470823,4463.01107234586
"526",295,"EB",2021,"T","T21b",1,42.44747678,-79.65897559,54.4530776259924
"527",296,"EB",2021,"T","T21b",2,42.44025803,-79.65670268,130.598580259885
"528",297,"EB",2021,"T","T21b",3,42.4332994,-79.6542998,114.754695565503
"529",298,"EB",2021,"T","T21b",4,42.42633471,-79.65185046,261.399440257709
"530",299,"EB",2021,"T","T21b",5,42.41940982,-79.64934772,145.543996063095
"531",300,"EB",2021,"T","T21b",6,42.41246503,-79.64690501,35.7497180777772
"532",301,"EB",2021,"T","T21b",7,42.40545987,-79.64482551,62.4289135190006
"533",302,"EB",2021,"T","T21b",8,42.39844825,-79.64271667,133.049999918948
"534",303,"EB",2021,"T","T21b",9,42.39145632,-79.64055977,573.527346494074
"535",304,"EB",2021,"T","T21b",10,42.38448105,-79.63836035,3212.56065975787
"536",305,"EB",2021,"T","T21b",11,42.37743223,-79.63634408,1970.72995200473
"537",306,"EB",2021,"T","T21b",12,42.37042974,-79.63440436,1441.6835505536
"538",307,"EB",2021,"T","T21b",13,42.36338535,-79.63254023,115.911103603044
"539",308,"EB",2021,"R","R17",1,42.61385,-79.70449247,518.864558733961
"540",309,"EB",2021,"R","R17",2,42.61376667,-79.71470688,657.311329933749
"541",310,"EB",2021,"R","R17",3,42.61391667,-79.7244373,370.958677851093
"542",311,"EB",2021,"R","R17",4,42.61393333,-79.73413203,784.120124412733
"543",312,"EB",2021,"R","R17",5,42.61385,-79.74380021,338.800478862729
"544",313,"EB",2021,"R","R17",6,42.61378288,-79.75353104,132.407849604962
"545",314,"EB",2021,"R","R17",7,42.61393333,-79.76019713,224.971848033007
"546",315,"EB",2021,"R","R18",1,42.5140869,-80.10508573,17676.6426093739
"547",316,"EB",2021,"R","R18",2,42.51534979,-80.09525083,10574.2135717998
"548",317,"EB",2021,"R","R18",3,42.5165,-80.08573573,5334.08295301371
"549",318,"EB",2021,"R","R18",4,42.5175,-80.0762295,3683.47355224963
"550",319,"EB",2021,"R","R18",5,42.51836667,-80.06666213,2266.75671802221
"551",320,"EB",2021,"R","R18",6,42.52025656,-80.0573571,1371.81122300753
"552",321,"EB",2021,"R","R18",7,42.52183963,-80.0507748,2359.87003436442
"553",322,"EB",2021,"R","R19",1,42.61536667,-79.60423429,8480.67928215486
"554",323,"EB",2021,"R","R19",2,42.61493333,-79.61421267,7486.81453398874
"555",324,"EB",2021,"R","R19",3,42.61468333,-79.62394567,6065.66471051516
"556",325,"EB",2021,"R","R19",4,42.61440162,-79.6335935,6249.95886797879
"557",326,"EB",2021,"R","R19",5,42.61423333,-79.64330504,3407.93572155805
"558",327,"EB",2021,"R","R19",6,42.61399616,-79.65301537,1661.52590543498
"559",328,"EB",2021,"R","R19",7,42.61395,-79.65956327,894.136382089712
"560",329,"EB",2021,"R","R20",1,42.49300265,-79.84540397,1598.22419402324
"561",330,"EB",2021,"R","R20",2,42.48796387,-79.83867913,2547.94123601711
"562",331,"EB",2021,"R","R20",3,42.48260493,-79.83229073,1900.28670966598
"563",332,"EB",2021,"R","R20",4,42.47727094,-79.82583141,1304.57825394997
"564",333,"EB",2021,"R","R20",5,42.4719584,-79.81937926,1025.0494437013
"565",334,"EB",2021,"R","R20",6,42.46640982,-79.81324316,976.257484798803
"566",335,"EB",2021,"R","R20",7,42.46196798,-79.80925643,829.473898753021
"567",336,"EB",2021,"R","R21",1,42.51802826,-79.95854227,440.566142934794
"568",337,"EB",2021,"R","R21",2,42.52432665,-79.95401001,424.546765614968
"569",338,"EB",2021,"R","R21",3,42.53069666,-79.94944667,328.493272360949
"570",339,"EB",2021,"R","R21",4,42.53708694,-79.94489204,318.773322265852
"571",340,"EB",2021,"R","R21",5,42.54338978,-79.9403457,392.322549287789
"572",341,"EB",2021,"R","R21",6,42.54973187,-79.93585653,551.429366609413
"573",342,"EB",2021,"R","R21",7,42.55304048,-79.93350952,64.7722721901433
"574",343,"EB",2021,"R","R22",1,42.46111667,-79.85517401,1861.04632022078
"575",344,"EB",2021,"R","R22",2,42.46166301,-79.86483536,1963.80901181425
"576",345,"EB",2021,"R","R22",3,42.46226667,-79.87435268,1697.31003903796
"577",346,"EB",2021,"R","R22",4,42.46275,-79.88402016,2769.77980035423
"578",347,"EB",2021,"R","R22",5,42.46296667,-79.89367254,814.626922700447
"579",348,"EB",2021,"R","R22",6,42.46333333,-79.90328602,875.899180603647
"580",349,"EB",2021,"R","R22",7,42.46385,-79.90972557,687.506435496464
"581",350,"EB",2021,"R","R23",1,42.47222785,-79.91003333,1335.70057636715
"582",351,"EB",2021,"R","R23",2,42.47935407,-79.91003333,2707.21958560814
"583",352,"EB",2021,"R","R23",3,42.48653922,-79.91011667,4845.7412118853
"584",353,"EB",2021,"R","R23",4,42.49374919,-79.91053333,3818.63091115223
"585",354,"EB",2021,"R","R23",5,42.50091392,-79.91078333,2082.45815746032
"586",355,"EB",2021,"R","R23",6,42.50808609,-79.91105,1195.4524423826
"587",356,"EB",2021,"R","R23",7,42.51286313,-79.91125,717.015687912325
"588",357,"EB",2021,"R","R24",1,42.422664,-80.01672867,229.150459257364
"589",358,"EB",2021,"R","R24",2,42.42973482,-80.01553333,887.097362885781
"590",359,"EB",2021,"R","R24",3,42.43683879,-80.01443707,795.082809564914
"591",360,"EB",2021,"R","R24",4,42.44396915,-80.01349362,287.311958035428
"592",361,"EB",2021,"R","R24",5,42.45106137,-80.01261667,228.86804564466
"593",362,"EB",2021,"R","R24",6,42.45822025,-80.01173769,736.381022384223
"594",363,"EB",2021,"R","R24",7,42.46304786,-80.01116738,1523.46506492472
"595",364,"EB",2021,"T","T22a",1,42.3760032,-79.94387671,1150.61450065421
"596",365,"EB",2021,"T","T22a",2,42.38516344,-79.94623226,462.391100672118
"597",366,"EB",2021,"T","T22a",3,42.39218154,-79.94822162,461.397101548745
"598",367,"EB",2021,"T","T22a",4,42.39917819,-79.9505,290.200790339718
"599",368,"EB",2021,"T","T22a",5,42.40616687,-79.95265007,126.923533455648
"600",369,"EB",2021,"T","T22a",6,42.41316065,-79.95475355,74.3531466987238
"601",370,"EB",2021,"T","T22a",7,42.42016353,-79.95697673,203.761445468932
"602",371,"EB",2021,"T","T22a",8,42.42713896,-79.95932965,236.450274925652
"603",372,"EB",2021,"T","T22a",9,42.43405111,-79.96183926,187.42350879354
"604",373,"EB",2021,"T","T22a",10,42.4410166,-79.96430553,176.356762265006
"605",374,"EB",2021,"T","T22a",11,42.44793535,-79.9668569,234.053812211094
"606",375,"EB",2021,"T","T22a",12,42.45484107,-79.9693748,626.026387498058
"607",376,"EB",2021,"T","T22a",13,42.46177256,-79.97195752,2039.36279628429
"608",377,"EB",2021,"T","T22a",14,42.46868811,-79.97453096,3204.4926308875
"609",378,"EB",2021,"T","T22a",15,42.47560981,-79.9770866,869.551342894229
"610",379,"EB",2021,"T","T22a",16,42.48255596,-79.97960953,548.632967844221
"611",380,"EB",2021,"T","T22a",17,42.48949005,-79.98208002,279.330572479868
"612",381,"EB",2021,"T","T22a",18,42.49646234,-79.984493,198.968051658028
"613",382,"EB",2021,"T","T22a",19,42.50339608,-79.98686536,241.482126386401
"614",383,"EB",2021,"T","T22a",20,42.51036032,-79.98920899,159.693903260403
"615",384,"EB",2021,"T","T22a",21,42.51630827,-79.99126387,214.633880617983
"616",385,"EB",2021,"T","T22b",1,42.63414019,-79.68279902,243.866448279012
"617",386,"EB",2021,"T","T22b",2,42.62717873,-79.6804818,179.565740148476
"618",387,"EB",2021,"T","T22b",3,42.62018428,-79.67818921,187.921642868435
"619",388,"EB",2021,"T","T22b",4,42.61326283,-79.67579317,201.555520965072
"620",389,"EB",2021,"T","T22b",5,42.60628548,-79.6733181,108.96916250976
"621",390,"EB",2021,"T","T22b",6,42.5993591,-79.67088144,292.994500858095
"622",391,"EB",2021,"T","T22b",7,42.59239507,-79.66849877,339.467294434032
"623",392,"EB",2021,"T","T22b",8,42.585381,-79.66628275,252.034879225785
"624",393,"EB",2021,"T","T22b",9,42.57839694,-79.66407676,219.362612277754
"625",394,"EB",2021,"T","T22b",10,42.57143508,-79.66173392,141.433496526451
"626",395,"EB",2021,"T","T22b",11,42.56446425,-79.65933808,101.336410036924
"627",396,"EB",2021,"T","T22b",12,42.55750065,-79.65697532,67.3471750717565
"628",397,"EB",2021,"T","T22b",13,42.55051088,-79.65484252,96.0220519718851
"629",398,"EB",2021,"T","T22b",14,42.54348158,-79.65293333,87.4871683953972
"630",399,"EB",2021,"T","T22b",15,42.53643983,-79.65101992,94.2880766215675
"631",400,"EB",2021,"T","T22b",16,42.52939083,-79.64903333,86.4371275381576
"632",401,"EB",2021,"T","T22b",17,42.52243508,-79.64685058,311.834246343448
"633",402,"EB",2021,"T","T22b",18,42.51546959,-79.64478431,269.523279270168
"634",403,"EB",2021,"T","T22b",19,42.50838047,-79.64276178,68.0602379745135
"635",404,"EB",2021,"T","T22b",20,42.50140287,-79.64067572,338.98372785071
"636",405,"EB",2021,"T","T22b",21,42.49441609,-79.63846647,214.46504921576
"637",406,"EB",2021,"T","T22b",22,42.48740747,-79.6364136,272.411032260204
"638",407,"EB",2021,"T","T22b",23,42.48039601,-79.63442089,112.224799597529
"639",408,"EB",2021,"T","T22b",24,42.47337114,-79.6324,19.6649294086338
"640",409,"EB",2021,"T","T22b",25,42.46636975,-79.63019547,354.648893473742
"641",410,"EB",2021,"T","T22b",26,42.46171698,-79.62865566,363.596848481441
"642",411,"EB",2021,"R","R25",1,42.61440475,-79.86698567,1112.69500721761
"643",412,"EB",2021,"R","R25",2,42.61443333,-79.8766836,1140.18679054737
"644",413,"EB",2021,"R","R25",3,42.61448333,-79.88640138,2192.40820484028
"645",414,"EB",2021,"R","R25",4,42.61443333,-79.8961232,9978.778187809
"646",415,"EB",2021,"R","R25",5,42.61446667,-79.90586747,8752.09021959088
"647",416,"EB",2021,"R","R25",6,42.6144,-79.9155388,15151.7933628364
"648",417,"EB",2021,"R","R25",7,42.61421667,-79.92265027,10676.1976266925
"649",418,"EB",2021,"R","R26",1,42.76262976,-79.65901903,5077.44342379542
"650",419,"EB",2021,"R","R26",2,42.75947247,-79.64913987,4127.34196046494
"651",420,"EB",2021,"R","R26",3,42.75638842,-79.6403935,3902.11138641059
"652",421,"EB",2021,"R","R26",4,42.75339883,-79.63164767,4490.5989918049
"653",422,"EB",2021,"R","R26",5,42.75055925,-79.62272221,3681.10688925287
"654",423,"EB",2021,"R","R26",6,42.74772024,-79.61389763,4776.60529379652
"655",424,"EB",2021,"R","R26",7,42.74550292,-79.60709503,7472.73400633981
"656",425,"EB",2021,"R","R27",1,42.6664,-79.77874243,175.795822659103
"657",426,"EB",2021,"R","R27",2,42.66666667,-79.78846483,236.833230133001
"658",427,"EB",2021,"R","R27",3,42.66678333,-79.79815757,212.546002711161
"659",428,"EB",2021,"R","R27",4,42.66699682,-79.80785075,242.043541354912
"660",429,"EB",2021,"R","R27",5,42.66716667,-79.81756537,258.225797495735
"661",430,"EB",2021,"R","R27",6,42.66733333,-79.8273008,1075.45618429456
"662",431,"EB",2021,"R","R27",7,42.66741667,-79.8329836,653.616601466914
"663",432,"EB",2021,"R","R28",1,42.66292268,-79.9450926,6343.40352594939
"664",433,"EB",2021,"R","R28",2,42.66277246,-79.95482683,9179.74510963635
"665",434,"EB",2021,"R","R28",3,42.66266667,-79.96453515,8598.77856139799
"666",435,"EB",2021,"R","R28",4,42.66263333,-79.9742914,7125.86980206058
"667",436,"EB",2021,"R","R28",5,42.66255,-79.98395443,7037.0169500284
"668",437,"EB",2021,"R","R28",6,42.66246667,-79.99369713,8095.636523329
"669",438,"EB",2021,"R","R28",7,42.66245,-80.00133777,11335.5773280033
"670",439,"EB",2021,"R","R30",1,42.66446667,-79.71783619,51.4405619204805
"671",440,"EB",2021,"R","R30",2,42.66501667,-79.72756556,527.419107721211
"672",441,"EB",2021,"R","R30",3,42.66533333,-79.73722683,688.8468986954
"673",442,"EB",2021,"R","R30",4,42.66556667,-79.7469586,448.668477189214
"674",443,"EB",2021,"R","R30",5,42.6658,-79.75662692,538.45868166955
"675",444,"EB",2021,"R","R30",6,42.66607507,-79.76630867,471.357552013682
"676",445,"EB",2021,"R","R30",7,42.66625,-79.772056,709.634566246085
"677",446,"EB",2021,"R","R31",1,42.61536608,-79.96563156,6446.93295432073
"678",447,"EB",2021,"R","R31",2,42.61840899,-79.97456929,10444.2059056985
"679",448,"EB",2021,"R","R31",3,42.62140501,-79.98332003,2045.96803070634
"680",449,"EB",2021,"R","R31",4,42.62440436,-79.99210077,1405.47951218303
"681",450,"EB",2021,"R","R31",5,42.6273071,-80.0009213,1168.67975421924
"682",451,"EB",2021,"R","R31",6,42.63028978,-80.00972577,853.343925937587
"683",452,"EB",2021,"R","R31",7,42.63302181,-80.01797057,583.937439332543
"684",453,"EB",2021,"R","R32",1,42.66316667,-80.05493444,6174.81314563117
"685",454,"EB",2021,"R","R32",2,42.66341667,-80.06453257,9603.79095631737
"686",455,"EB",2021,"R","R32",3,42.66375,-80.07432423,12311.6242171893
"687",456,"EB",2021,"R","R32",4,42.66401667,-80.08400807,5713.23272751394
"688",457,"EB",2021,"R","R32",5,42.66426667,-80.09367973,14513.857450066
"689",458,"EB",2021,"R","R32",6,42.66428333,-80.10338483,2885.44845218524
"690",459,"EB",2021,"R","R32",7,42.6641,-80.1092039,1136.75863646975
"691",460,"EB",2021,"T","T23a",1,42.59050604,-79.9097909,5999.91989720101
"692",461,"EB",2021,"T","T23a",2,42.59810615,-79.91212427,2051.86361468171
"693",462,"EB",2021,"T","T23a",3,42.60513999,-79.91425,1597.53212315217
"694",463,"EB",2021,"T","T23a",4,42.61212748,-79.9163036,2434.57306685137
"695",464,"EB",2021,"T","T23a",5,42.61911297,-79.91845,3245.98706519529
"696",465,"EB",2021,"T","T23a",6,42.62606812,-79.92085604,3908.85429439405
"697",466,"EB",2021,"T","T23a",7,42.63297807,-79.92345936,4996.53129805149
"698",467,"EB",2021,"T","T23a",8,42.63984073,-79.9260358,4497.28612304255
"699",468,"EB",2021,"T","T23a",9,42.64674534,-79.92859845,2157.41191268122
"700",469,"EB",2021,"T","T23a",10,42.65366329,-79.93116554,747.030129397391
"701",470,"EB",2021,"T","T23a",11,42.66060815,-79.93372494,911.977690183592
"702",471,"EB",2021,"T","T23a",12,42.66751659,-79.93631109,1398.40794824015
"703",472,"EB",2021,"T","T23a",13,42.67444678,-79.93884086,2309.59530687237
"704",473,"EB",2021,"T","T23a",14,42.68136142,-79.94145381,3263.58986688437
"705",474,"EB",2021,"T","T23a",15,42.68829869,-79.94399956,3290.43734265217
"706",475,"EB",2021,"T","T23a",16,42.69576667,-79.9466,3957.20420454452
"707",476,"EB",2021,"T","T23a",17,42.7018812,-79.94807447,9288.7331545476
"708",477,"EB",2021,"T","T23a",18,42.70889329,-79.9502311,16371.4985597564
"709",478,"EB",2021,"T","T23a",19,42.71588634,-79.95226325,7175.88461623072
"710",479,"EB",2021,"T","T23a",20,42.7228948,-79.9543862,4983.63890493237
"711",480,"EB",2021,"T","T23a",21,42.72991032,-79.95629233,3590.62904825477
"712",481,"EB",2021,"T","T23a",22,42.73693444,-79.95819481,793.687509983964
"713",482,"EB",2021,"T","T23a",23,42.74396514,-79.9601606,77.6212305297793
"714",483,"EB",2021,"T","T23b",4,42.78219708,-79.68631569,6.90558658132986e-94
"715",484,"EB",2021,"T","T23b",5,42.77528599,-79.68398977,373.763101048109
"716",485,"EB",2021,"T","T23b",6,42.76830097,-79.68185033,1873.96898363696
"717",486,"EB",2021,"T","T23b",7,42.76128378,-79.67969459,4454.27512388186
"718",487,"EB",2021,"T","T23b",8,42.75424817,-79.67752871,6170.82726966481
"719",488,"EB",2021,"T","T23b",9,42.74724785,-79.67538262,12577.3124089149
"720",489,"EB",2021,"T","T23b",10,42.74023313,-79.67324993,11891.2689124877
"721",490,"EB",2021,"T","T23b",11,42.7332416,-79.67111387,14604.1304520141
"722",491,"EB",2021,"T","T23b",12,42.72624718,-79.66897128,7695.41936589585
"723",492,"EB",2021,"T","T23b",13,42.71922483,-79.66683333,12403.1700794988
"724",493,"EB",2021,"T","T23b",14,42.71224056,-79.66468815,2683.99563413838
"725",494,"EB",2021,"T","T23b",15,42.7052159,-79.66259981,55.5775409947424
"726",495,"EB",2021,"T","T23b",16,42.69820827,-79.6604972,543.849648522682
"727",496,"EB",2021,"T","T23b",17,42.69119395,-79.65843132,229.731222009839
"728",497,"EB",2021,"T","T23b",18,42.68416986,-79.65642884,291.537949169189
"729",498,"EB",2021,"T","T23b",19,42.67714173,-79.6545528,266.505835846122
"730",499,"EB",2021,"T","T23b",20,42.67015058,-79.65238353,147.982714606273
"731",500,"EB",2021,"T","T23b",21,42.66310333,-79.65025111,265.094999866786
"732",501,"EB",2021,"T","T23b",22,42.65615833,-79.647825,277.925162496022
"733",502,"EB",2021,"T","T23b",23,42.6503412,-79.64579707,133.738642563644
