year,Agency,grid,Depth,Btemp,Stemp,secchi,botoxy,botoxy2,ALEWIFN,GSHADN,ESHIN,MiscSHIN,OtherSOFT,SPINCAT,Total,DISCHARGE,AREA,PERIMETER
2006,ON,67,10.9,24.6,24.7,1.5,8.1,NA,0,0,4,12,68,1936,2020,Pidgeon Bay,290988370.2,91099.594
2006,ON,42,10.8,24.7,24.7,1.4,6.8,NA,0,12,4,8,66,803,894,Pidgeon Bay,290988370.2,91099.594
2006,ON,66,10.8,24.7,24.7,1.5,7.4,NA,0,8,120,16,44,370,558,Pidgeon Bay,290988370.2,91099.594
2006,ON,92,10.7,24.1,24.2,2,7.1,NA,0,44,68,0,303,108,522,Pidgeon Bay,290988370.2,91099.594
2006,ON,99,10,24.8,24.5,1.5,9,NA,0,0,7,4,136,93,240,Pidgeon Bay,290988370.2,91099.594
2006,ON,49,9.1,24.4,24.4,1.6,8,NA,0,15,42,146,196,1790,2190,Pidgeon Bay,290988370.2,91099.594
2006,ON,91,9,23.3,24.6,1.8,6.6,NA,0,0,28,0,0,20,48,Pidgeon Bay,290988370.2,91099.594
2006,ON,56,7.6,24.5,24.9,1.5,7,NA,4,5953,100,96,15,4410,10578,Pidgeon Bay,290988370.2,91099.594
2006,ON,19,7.5,24.5,24.5,1.3,6.7,NA,0,81,511,63,63,2671,3388,Pidgeon Bay,290988370.2,91099.594
2006,OH,958,8.5,24.6,25.1,2.1,8,NA,0,20,413,0,371,14725,15530,Maumee R.,915615454.3,336325.905
2006,OH,943,8.2,24.5,25.2,1.5,8.2,NA,0,214,710,0,250,8674,9848,Maumee R.,915615454.3,336325.905
2006,OH,943,7.3,24.5,25.2,1.8,8.4,NA,0,3591,68,224,374,639,4896,Maumee R.,915615454.3,336325.905
2006,OH,952,6.7,24.2,25.1,1.5,7.3,NA,0,51,6,43,504,2399,3003,Maumee R.,915615454.3,336325.905
2006,OH,888,6.7,24.1,26.7,0.9,6.7,NA,0,47,382,712,83,3400,4625,Maumee R.,915615454.3,336325.905
2006,OH,873,5.8,23.7,27,0.9,5.3,NA,0,0,0,586,63,5133,5782,Maumee R.,915615454.3,336325.905
2006,OH,890,5.5,23.9,27.3,0.9,7.1,NA,0,0,12,180,0,1398,1590,Maumee R.,915615454.3,336325.905
2006,OH,874,4.9,23.8,25.8,0.6,5,NA,0,0,0,0,216,53,269,Maumee R.,915615454.3,336325.905
2006,OH,996,9.2,24.2,24.4,1.2,8.4,NA,0,0,87,0,63,521,672,Sandusky R.,252583059.7,199050.171
2006,OH,989,6.1,24,24.21,1.2,9.1,NA,0,410,991,8,81,497,1987,Sandusky R.,252583059.7,199050.171
2006,OH,990,4.3,23.9,24,1.1,9.1,NA,0,214,103,4,212,910,1444,Sandusky R.,252583059.7,199050.171
2006,OH,984,3.2,23.8,23.9,0.9,8.7,NA,0,147,130,50,54,4399,4780,Sandusky R.,252583059.7,199050.171
2006,OH,979,1.9,23.8,23.8,0.3,7.6,NA,0,3808,3751,0,45,2268,9872,Sandusky R.,252583059.7,199050.171
2006,OH,992,12.5,24.1,24.7,2.1,9,NA,0,10,0,4,748,920,1681,Central Basin,650277990.9,179233.111
2006,ON,98,12.5,23.6,23.7,2.8,6,NA,0,0,0,0,26,130,156,Central Basin,650277990.9,179233.111
2006,OH,994,12.2,24,24.2,1.8,8.4,NA,0,0,0,0,288,998,1286,Central Basin,650277990.9,179233.111
2006,ON,98,11.7,23.8,24.7,3.5,7,NA,0,0,0,0,61,2155,2217,Central Basin,650277990.9,179233.111
2006,ON,101,11.7,24,24.1,3,7.2,NA,0,0,0,0,761,211,972,Central Basin,650277990.9,179233.111
2006,OH,987,11.6,24.1,25,2.1,8.8,NA,0,11,0,0,216,485,712,Central Basin,650277990.9,179233.111
2006,OH,986,11.6,24.1,24.9,2.7,8.8,NA,0,9,0,0,284,381,675,Central Basin,650277990.9,179233.111
2006,ON,97,11.3,23.5,23.6,2.7,7.7,NA,0,0,104,0,8,52,163,Central Basin,650277990.9,179233.111
2006,ON,104,11.2,23.8,24.5,3.5,6.8,NA,0,4,42,0,0,507,553,Central Basin,650277990.9,179233.111
2006,ON,77,11.2,24,24.8,2.2,7.6,NA,0,0,8,0,234,142,384,Central Basin,650277990.9,179233.111
2006,ON,63,10.6,24.2,24.2,2.1,7.3,NA,0,12,0,0,823,7715,8551,Central Basin,650277990.9,179233.111
2006,ON,64,10.5,24.3,24.5,2,8.4,NA,0,0,0,0,96,181,277,Central Basin,650277990.9,179233.111
2006,ON,102,10.3,23.9,24.2,4,6.6,NA,0,0,0,0,1575,634,2209,Central Basin,650277990.9,179233.111
2006,ON,87,9.4,24,24.2,3.1,7.2,NA,0,0,3,0,1058,538,1600,Central Basin,650277990.9,179233.111
2006,ON,31,11.1,24.3,24.4,1.8,8,NA,0,4,0,69,434,1256,1763,Detroit R.,1066406006,353171.391
2006,ON,21,9.1,24.2,24.3,3.1,7.8,NA,0,37,0,91,2453,4439,7020,Detroit R.,1066406006,353171.391
2006,ON,20,9,24.3,24.4,2.7,7.6,NA,0,4,54,31,2708,3012,5808,Detroit R.,1066406006,353171.391
2006,OH,918,8.8,23.8,23.8,2.4,8.3,NA,0,0,0,133,350,2663,3146,Detroit R.,1066406006,353171.391
2006,ON,11,8.6,23.8,23.8,1.7,8.1,NA,7,0,0,0,1647,3294,4948,Detroit R.,1066406006,353171.391
2006,OH,905,8.5,23.7,23.9,1.5,7.7,NA,0,9,30,1848,420,4529,6837,Detroit R.,1066406006,353171.391
2006,OH,911,8.5,23.6,24.1,1.8,7.9,NA,0,0,813,3680,992,3374,8860,Detroit R.,1066406006,353171.391
2006,OH,8,7.9,23.5,24.1,1.3,7.9,NA,0,0,23,1180,880,2439,4523,Detroit R.,1066406006,353171.391
2006,OH,896,7.9,23.7,24.3,1.5,7.9,NA,0,0,0,2692,497,2144,5333,Detroit R.,1066406006,353171.391
2006,ON,35,7.8,24.5,24.5,2.1,8.1,NA,0,0,4,0,19,111,134,Detroit R.,1066406006,353171.391
2006,ON,6,7.2,23.5,23.6,1.5,7.8,NA,0,0,0,478,2661,510,3649,Detroit R.,1066406006,353171.391
2006,OH,898,7,24.1,25.2,2.4,7.4,NA,0,0,6,276,123,896,1302,Detroit R.,1066406006,353171.391
2006,OH,886,6.7,23.9,24.6,1.8,6.7,NA,0,0,0,478,175,6593,7246,Detroit R.,1066406006,353171.391
2006,OH,879,6.4,24.1,25.1,1.8,7.4,NA,0,0,0,40,58,364,462,Detroit R.,1066406006,353171.391
2006,ON,9,6,23.9,23.9,1.5,8.3,NA,0,0,83,137,414,480,1113,Detroit R.,1066406006,353171.391
2006,ON,59,11.5,24.6,25.1,2,5.8,NA,0,7,486,4,26,675,1198,Islands,545194199.1,185163.385
2006,ON,51,11.4,24.4,24.5,1.8,7.3,NA,0,0,4,4,633,1370,2012,Islands,545194199.1,185163.385
2006,ON,60,11.1,24.3,25.1,2.1,7.8,NA,0,12,462,4,155,4745,5378,Islands,545194199.1,185163.385
2006,ON,33,10.3,24.7,24.9,1.5,6.9,NA,0,12,0,4,761,7153,7929,Islands,545194199.1,185163.385
2006,ON,61,10.2,24.4,25,2.5,8.1,NA,0,8,0,16,199,8246,8469,Islands,545194199.1,185163.385
2006,ON,45,10.2,24.6,24.7,1.8,8.1,NA,0,45,0,0,52,11599,11696,Islands,545194199.1,185163.385
2006,ON,45,10.2,24.7,24.8,2.1,5.2,NA,0,8,0,0,100,6111,6219,Islands,545194199.1,185163.385
2006,OH,975,9.5,24.3,24.9,2.1,8.9,NA,0,9,6,4,988,4253,5261,Islands,545194199.1,185163.385
2006,ON,54,9.4,24.3,24.8,2.2,7.8,NA,0,0,0,12,177,1375,1563,Islands,545194199.1,185163.385
2006,OH,34,9.2,24.9,25.2,1.8,8.6,NA,0,3020,103,30,536,4123,7813,Islands,545194199.1,185163.385
2006,OH,969,8.8,24.5,24.9,2.1,8.7,NA,0,106,7,0,866,1134,2113,Islands,545194199.1,185163.385
2006,ON,54,8.3,24.4,24.6,2,7.8,NA,0,8,238,0,250,57111,57607,Islands,545194199.1,185163.385
2006,OH,972,7.2,24.1,24.6,1.8,8.8,NA,0,0,7,0,108,1584,1699,Islands,545194199.1,185163.385
2006,OH,972,4.3,23.9,25.4,1.5,9.4,NA,0,0,0,66,46,2074,2186,Islands,545194199.1,185163.385
2006,OH,967,2.8,24.1,25.5,1.2,11.3,NA,0,0,0,30,4,1844,1878,Islands,545194199.1,185163.385
2007,ON,42,11,24.9,24.9,2,8,NA,0,38,569,54,165,4337,5163,Pidgeon Bay,290988370.2,91099.594
2007,ON,67,10.7,25.1,25.1,2,8.1,NA,0,43,13,26,108,9448,9637,Pidgeon Bay,290988370.2,91099.594
2007,ON,75,10.1,24.9,24.9,1.8,7.9,NA,0,149,17,0,8,7562,7736,Pidgeon Bay,290988370.2,91099.594
2007,ON,92,10,23.4,23.4,1.8,8.8,NA,0,818,711,4,223,6361,8117,Pidgeon Bay,290988370.2,91099.594
2007,ON,66,10,25,25,1.8,8.1,NA,0,45,19,63,178,5894,6198,Pidgeon Bay,290988370.2,91099.594
2007,ON,49,8.7,22.9,22.9,2,8.1,NA,0,711,31,342,65,16134,17283,Pidgeon Bay,290988370.2,91099.594
2007,ON,91,8,22.4,25.5,1.6,9,NA,0,0,0,0,0,41,41,Pidgeon Bay,290988370.2,91099.594
2007,ON,82,8,23.8,23.9,1.5,9,NA,0,2155,430,8,8,2992,5593,Pidgeon Bay,290988370.2,91099.594
2007,ON,65,7.5,24.7,24.7,1.3,8,NA,0,885,25,695,33,3885,5523,Pidgeon Bay,290988370.2,91099.594
2007,ON,99,4.5,24.8,25.2,1.6,9,NA,0,394,40,0,0,16019,16453,Pidgeon Bay,290988370.2,91099.594
2007,OH,958,8.8,23.6,24,1.5,7.7,NA,0,213,141,0,157,13731,14242,Maumee R.,915615454.3,336325.905
2007,OH,943,7.9,23.4,25.2,1.5,7.6,NA,0,20,26,0,329,17769,18143,Maumee R.,915615454.3,336325.905
2007,OH,943,7.6,23.4,25.5,1.2,7.6,NA,0,10,516,173,527,28292,29519,Maumee R.,915615454.3,336325.905
2007,OH,952,7,23.4,25.2,0.9,7.9,NA,0,0,1829,0,199,4526,6554,Maumee R.,915615454.3,336325.905
2007,OH,888,6.7,23.1,26.2,0.6,5.3,NA,0,20,37,216,659,1804,2736,Maumee R.,915615454.3,336325.905
2007,OH,890,5.5,23.9,24.3,0.9,8.3,NA,0,304,590,1387,452,2840,5573,Maumee R.,915615454.3,336325.905
2007,OH,873,5.5,23.5,25.2,0.6,4.7,NA,0,18,11,93,52,251,424,Maumee R.,915615454.3,336325.905
2007,OH,874,4.6,23.7,27.3,0.6,5.4,NA,0,35,22,160,96,651,965,Maumee R.,915615454.3,336325.905
2007,OH,954,4,23.4,24.1,0.6,7.8,NA,0,10,496,199,731,5267,6704,Maumee R.,915615454.3,336325.905
2007,OH,996,9.8,23,23.1,0.9,NA,NA,0,0,161,0,383,1884,2429,Sandusky R.,252583059.7,199050.171
2007,OH,996,7.3,22.8,23,1.5,NA,NA,0,39,763,0,155,5230,6188,Sandusky R.,252583059.7,199050.171
2007,OH,989,6.1,22.9,23.1,1.2,NA,NA,4,62,122,30,88,2676,2981,Sandusky R.,252583059.7,199050.171
2007,OH,984,3.4,22.5,22.6,0.6,NA,NA,0,1442,50,50,486,14265,16292,Sandusky R.,252583059.7,199050.171
2007,OH,984,3.2,22.8,22.8,1,NA,NA,0,274,42,12,32,20326,20686,Sandusky R.,252583059.7,199050.171
2007,OH,979,2.1,24.1,21.3,0.4,NA,NA,0,1743,0,4,0,7914,9661,Sandusky R.,252583059.7,199050.171
2007,ON,98,12.5,24.3,24.5,3,7.9,NA,0,4,70,0,25,9916,10016,Central Basin,650277990.9,179233.111
2007,OH,994,12.2,23.2,23.4,1.8,NA,NA,0,73,63,0,170,1614,1920,Central Basin,650277990.9,179233.111
2007,OH,992,12.2,22.7,23.1,1.5,NA,NA,0,0,6,0,35,1580,1621,Central Basin,650277990.9,179233.111
2007,OH,986,12.2,23.1,23.2,1.8,NA,NA,0,0,207,0,103,1498,1807,Central Basin,650277990.9,179233.111
2007,ON,90,11.8,22.6,23.8,1.5,8.2,NA,0,0,410,0,339,219,968,Central Basin,650277990.9,179233.111
2007,ON,101,11.8,22.8,23.1,2,8.2,NA,0,12,534,0,255,2155,2956,Central Basin,650277990.9,179233.111
2007,OH,987,11.6,23.3,23.3,1.5,NA,NA,0,0,109,4,284,2921,3318,Central Basin,650277990.9,179233.111
2007,ON,97,11.3,24.3,24.4,2,8.3,NA,0,0,54,4,534,1936,2528,Central Basin,650277990.9,179233.111
2007,ON,104,11.3,21.6,23.5,1.5,7.3,NA,0,0,0,0,297,1039,1335,Central Basin,650277990.9,179233.111
2007,ON,77,11,24.4,22.9,2,7.1,NA,0,811,745,4,31,9584,11175,Central Basin,650277990.9,179233.111
2007,ON,63,10.4,25.3,25.3,2.5,7.9,NA,0,616,148,4,252,8620,9640,Central Basin,650277990.9,179233.111
2007,ON,95,10.4,21.9,23.4,2,6.6,NA,0,28,255,0,932,1753,2968,Central Basin,650277990.9,179233.111
2007,ON,64,10,22.8,23,2,7.5,NA,0,15,653,0,77,1867,2612,Central Basin,650277990.9,179233.111
2007,ON,87,9.1,24.8,24.9,3.1,8.6,NA,0,0,0,0,255,2131,2386,Central Basin,650277990.9,179233.111
2007,ON,31,11,23,23.1,1.6,8.1,NA,4,769,1789,44,108,10605,13318,Detroit R.,1066406006,353171.391
2007,OH,931,9.5,23.3,23.5,1.8,7.9,NA,0,51,0,147,1735,11157,13089,Detroit R.,1066406006,353171.391
2007,ON,21,8.8,22.6,22.6,1.4,8.2,NA,0,461,493,10,357,777,2099,Detroit R.,1066406006,353171.391
2007,ON,11,8.7,24.5,24.8,1.6,8.3,NA,0,4,223,123,734,684,1767,Detroit R.,1066406006,353171.391
2007,OH,918,8.5,22.4,23.2,1.8,6.3,NA,0,10,0,523,722,7985,9240,Detroit R.,1066406006,353171.391
2007,ON,20,8.4,22.6,22.6,1,8.1,NA,0,140,398,22,387,1509,2456,Detroit R.,1066406006,353171.391
2007,OH,911,8.2,22.7,23.5,1.8,5.9,NA,0,27,0,73,300,3855,4255,Detroit R.,1066406006,353171.391
2007,OH,8,7.9,22.8,23.6,1.5,8.1,NA,0,0,25,370,351,1362,2107,Detroit R.,1066406006,353171.391
2007,ON,6,7.5,24.3,24.7,1.5,8.4,NA,0,0,8,28,414,367,817,Detroit R.,1066406006,353171.391
2007,OH,896,7.3,22.9,24.1,1.5,8,NA,0,0,0,65,167,277,509,Detroit R.,1066406006,353171.391
2007,ON,35,7.3,21.3,22.2,1.8,8.3,NA,0,60,52,12,12,231,367,Detroit R.,1066406006,353171.391
2007,OH,898,7,22.9,24.2,1.5,6.6,NA,0,0,24,16,408,36,484,Detroit R.,1066406006,353171.391
2007,OH,886,6.7,23.1,24.4,1.5,6.1,NA,0,0,0,151,145,24,320,Detroit R.,1066406006,353171.391
2007,OH,879,6.4,23.4,24.9,0.8,5.7,NA,0,9,0,100,402,135,647,Detroit R.,1066406006,353171.391
2007,ON,10,6,24.3,24.5,1.3,8.3,NA,0,4,0,19,11,67,100,Detroit R.,1066406006,353171.391
2007,ON,51,11,23.1,23.3,1.5,8.1,NA,8,633,1584,4,157,4112,6499,Islands,545194199.1,185163.385
2007,ON,60,11,23.2,23.2,1.7,7.4,NA,4,920,203,4,108,5008,6247,Islands,545194199.1,185163.385
2007,ON,59,10.9,25.1,25.1,2,7.1,NA,0,896,386,139,566,10485,12473,Islands,545194199.1,185163.385
2007,ON,33,10.4,25.1,25.2,1.6,7.9,NA,0,159,104,28,279,9198,9768,Islands,545194199.1,185163.385
2007,ON,45,10.3,25.3,25.4,1.5,8.6,NA,0,797,8,0,36,1103,1944,Islands,545194199.1,185163.385
2007,ON,44,10.1,25.3,25.3,1.5,8.3,NA,0,378,19,4,252,619,1272,Islands,545194199.1,185163.385
2007,ON,61,10,23.1,23.2,2.1,7.2,NA,0,61,35,0,269,5947,6312,Islands,545194199.1,185163.385
2007,OH,975,9.8,23.4,24.5,1.5,NA,NA,0,170,7,0,445,3007,3628,Islands,545194199.1,185163.385
2007,OH,34,9.5,23.6,25,1.5,7.7,NA,0,1116,87,54,739,15263,17260,Islands,545194199.1,185163.385
2007,ON,54,8.9,23,23.1,1.7,7.9,NA,0,141,159,0,41,438,779,Islands,545194199.1,185163.385
2007,OH,969,8.8,23.5,24.4,1.5,6.7,NA,0,112,6,26,381,2623,3148,Islands,545194199.1,185163.385
2007,ON,54,8.4,23.1,23.2,1.9,7.9,NA,0,92,108,12,96,4114,4422,Islands,545194199.1,185163.385
2007,OH,970,8.2,23.4,23.6,1.5,NA,NA,0,19,60,28,577,2666,3350,Islands,545194199.1,185163.385
2007,OH,972,5.8,23.6,23.9,1.5,NA,NA,0,0,206,11,287,171,675,Islands,545194199.1,185163.385
2007,OH,972,5.5,23.5,23.8,1.4,NA,NA,0,28,12,68,257,4291,4656,Islands,545194199.1,185163.385
2007,OH,967,3.5,23.3,23.9,0.9,NA,NA,0,214,71,69,94,4746,5194,Islands,545194199.1,185163.385
2008,ON,42,10.8,22.4,23.3,3.6,7,NA,0,0,16,0,48,279,343,Pidgeon Bay,290988370.2,91099.594
2008,ON,67,10.7,22.4,22.7,3.9,7.2,NA,0,0,0,0,21,74,95,Pidgeon Bay,290988370.2,91099.594
2008,ON,92,10.3,22.7,22.7,2.3,7.6,NA,0,0,457,0,146,188,791,Pidgeon Bay,290988370.2,91099.594
2008,ON,66,10.3,22.5,22.6,3.7,7.7,NA,0,7,401,0,11,167,586,Pidgeon Bay,290988370.2,91099.594
2008,ON,75,10,22.3,22.4,3.5,7.1,NA,0,0,66,0,25,178,269,Pidgeon Bay,290988370.2,91099.594
2008,ON,57,8.8,22.9,23,2.5,8,NA,0,0,351,118,72,1764,2305,Pidgeon Bay,290988370.2,91099.594
2008,ON,82,8.5,22.9,22.8,1.7,8.5,NA,0,0,4,54,124,832,1014,Pidgeon Bay,290988370.2,91099.594
2008,ON,91,8.2,21.4,21.8,2.1,7.6,NA,0,28,33,14,108,1090,1272,Pidgeon Bay,290988370.2,91099.594
2008,ON,65,8,22.5,23.1,3.4,7.3,NA,0,0,1446,4,36,96,1582,Pidgeon Bay,290988370.2,91099.594
2008,ON,99,4.7,21.1,21.6,2,7.7,NA,0,0,8,0,0,728,736,Pidgeon Bay,290988370.2,91099.594
2008,OH,958,8.8,23.3,23.3,1.5,8,NA,0,0,0,0,608,29448,30056,Maumee R.,915615454.3,336325.905
2008,OH,943,7.3,23,23.3,1.5,7.4,NA,0,0,343,0,612,210,1165,Maumee R.,915615454.3,336325.905
2008,OH,873,6.7,22.9,23.7,0.4,7,NA,0,33,35,75,110,117,370,Maumee R.,915615454.3,336325.905
2008,OH,888,6.4,22.9,25.6,0.4,8.5,NA,0,10,37,87,32,405,571,Maumee R.,915615454.3,336325.905
2008,OH,890,5.5,22.8,24.9,0.6,9.3,NA,0,0,12,20,11,229,271,Maumee R.,915615454.3,336325.905
2008,OH,874,4.6,22.9,25,0.3,8,NA,0,0,6,27,9,186,228,Maumee R.,915615454.3,336325.905
2008,OH,996,9.5,23.5,23.6,1.4,8.7,NA,0,19,6,116,784,2344,3269,Sandusky R.,252583059.7,199050.171
2008,OH,989,6.4,23.7,23.7,1.2,10.3,NA,0,49,0,17,173,1478,1717,Sandusky R.,252583059.7,199050.171
2008,OH,984,3.4,23.2,23.2,1,9,NA,0,2120,0,4,22,681,2827,Sandusky R.,252583059.7,199050.171
2008,OH,990,3.1,23.6,23.6,1,9.8,NA,0,0,0,0,192,3588,3780,Sandusky R.,252583059.7,199050.171
2008,OH,979,1.8,23.4,23.4,0.4,9.1,NA,0,89,0,0,5,14251,14345,Sandusky R.,252583059.7,199050.171
2008,ON,98,12.5,22.6,23,2.5,7.6,NA,0,0,4,0,84,0,88,Central Basin,650277990.9,179233.111
2008,OH,994,12.2,22.5,22.5,0.6,8.3,NA,0,0,0,28,476,614,1118,Central Basin,650277990.9,179233.111
2008,OH,992,12.2,22.3,22.3,0.9,8.1,NA,0,0,0,0,1091,821,1911,Central Basin,650277990.9,179233.111
2008,ON,90,11.8,22.5,22.9,3,7.9,NA,0,0,7,0,272,3951,4231,Central Basin,650277990.9,179233.111
2008,ON,101,11.8,21.7,22.4,3.5,7,NA,0,0,0,0,3899,154,4053,Central Basin,650277990.9,179233.111
2008,OH,986,11.6,22.6,22.7,1.2,8.3,NA,0,0,6,4,569,629,1209,Central Basin,650277990.9,179233.111
2008,ON,97,11.4,22.4,23.1,4,7.5,NA,0,0,0,0,33,6090,6124,Central Basin,650277990.9,179233.111
2008,ON,97,11.2,22.3,22.7,2.5,7.8,NA,0,8,0,0,1088,857,1952,Central Basin,650277990.9,179233.111
2008,ON,77,11.1,22.8,22.8,2.3,8.3,NA,0,0,0,0,97,1846,1943,Central Basin,650277990.9,179233.111
2008,ON,63,10.5,23,23.5,2.1,6.2,NA,0,28,0,0,418,474,920,Central Basin,650277990.9,179233.111
2008,ON,95,10.5,20.9,22.3,3.5,7.2,NA,0,0,0,0,1030,174,1204,Central Basin,650277990.9,179233.111
2008,ON,64,10.4,23.1,23.1,2,7.9,NA,0,0,0,0,260,7214,7474,Central Basin,650277990.9,179233.111
2008,ON,87,9.2,20,21.5,3,4.7,NA,0,0,0,0,22,7,29,Central Basin,650277990.9,179233.111
2008,ON,31,10.9,23.5,23.7,2.5,8.5,NA,0,0,108,0,41,2797,2945,Detroit R.,1066406006,353171.391
2008,ON,21,8.9,22.8,22.9,2.8,8.5,NA,0,0,7,4,7,20322,20340,Detroit R.,1066406006,353171.391
2008,OH,931,8.8,22.9,22.9,1,9.4,NA,0,9,125,52,142,386,715,Detroit R.,1066406006,353171.391
2008,ON,11,8.6,22.3,22.6,2.3,7.9,NA,0,0,0,0,147,724,871,Detroit R.,1066406006,353171.391
2008,ON,20,8.4,22.8,22.9,3,8.2,NA,0,0,4,4,80,1004,1092,Detroit R.,1066406006,353171.391
2008,OH,918,8.2,22.5,23,2.1,6.7,NA,0,39,0,46,559,1516,2159,Detroit R.,1066406006,353171.391
2008,OH,905,8.2,22.7,23,2.1,6.2,NA,0,191,0,112,367,1810,2481,Detroit R.,1066406006,353171.391
2008,OH,911,8.2,22.5,22.9,2.5,7,NA,0,0,0,12,86,620,718,Detroit R.,1066406006,353171.391
2008,OH,8,8.2,22.8,23,2.2,9.8,NA,0,11,0,27,230,2426,2694,Detroit R.,1066406006,353171.391
2008,OH,886,7.3,23,23.9,2.7,8.9,NA,0,321,0,4,131,453,910,Detroit R.,1066406006,353171.391
2008,OH,896,7.3,23.1,23.7,2.1,9,NA,0,0,0,26,272,265,563,Detroit R.,1066406006,353171.391
2008,ON,35,7.3,22.9,22.9,3.5,8.1,NA,0,0,2143,0,390,363,2896,Detroit R.,1066406006,353171.391
2008,ON,6,7.1,22.2,22.6,1.9,5.8,NA,0,0,0,0,375,11,386,Detroit R.,1066406006,353171.391
2008,OH,879,7,23.1,24.9,0.4,9.2,NA,0,0,127,8,10,1243,1388,Detroit R.,1066406006,353171.391
2008,OH,898,6.7,24.1,24.6,1.3,9.1,NA,0,0,0,229,214,1170,1613,Detroit R.,1066406006,353171.391
2008,ON,10,5.9,22.7,22.8,1.5,8.6,NA,0,0,0,0,158,530,688,Detroit R.,1066406006,353171.391
2008,ON,60,11.1,23.4,23.4,1.8,8.2,NA,0,8,0,0,46,7349,7403,Islands,545194199.1,185163.385
2008,ON,59,11.1,22,23.1,3.5,7.5,NA,0,0,0,0,131,398,530,Islands,545194199.1,185163.385
2008,ON,51,11,23.5,23.5,2.5,6.6,NA,0,0,0,0,249,7273,7522,Islands,545194199.1,185163.385
2008,ON,33,10.4,23.8,23.8,2.8,7.6,NA,0,4,4,0,82,7793,7882,Islands,545194199.1,185163.385
2008,ON,45,10.1,23.6,23.9,2.9,7.5,NA,0,0,0,0,19,96,115,Islands,545194199.1,185163.385
2008,ON,44,10.1,23.5,24.4,3.1,7,NA,0,4,12,0,46,4318,4379,Islands,545194199.1,185163.385
2008,ON,61,10,23.4,23.4,1.9,8.7,NA,0,8,0,0,23,2793,2823,Islands,545194199.1,185163.385
2008,OH,975,9.5,22.7,22.7,1.5,8,NA,0,0,236,4,458,2311,3009,Islands,545194199.1,185163.385
2008,OH,34,9.5,23.1,23.3,1.8,7.4,NA,0,11,760,0,153,68080,69004,Islands,545194199.1,185163.385
2008,OH,969,9.2,22.8,22.8,1.8,7.8,NA,0,10,6,0,1757,8500,10273,Islands,545194199.1,185163.385
2008,ON,54,8.9,23.2,23.2,1.5,8.2,NA,0,0,0,0,167,530,697,Islands,545194199.1,185163.385
2008,ON,54,8.5,23.4,23.4,1.8,8.7,NA,0,0,4,0,757,13486,14246,Islands,545194199.1,185163.385
2008,OH,970,8.2,22.7,22.7,0.9,8.7,NA,0,38,0,0,263,965,1266,Islands,545194199.1,185163.385
2008,OH,972,5.8,23.3,23.4,1.7,9.4,NA,0,0,0,4,264,369,637,Islands,545194199.1,185163.385
2008,OH,967,3.4,23.6,24.4,1,8.8,NA,0,236,0,288,167,3140,3831,Islands,545194199.1,185163.385
2009,ON,42,10.8,23.1,23.5,2.5,6.5,NA,0,0,7,0,4,59,70,Pidgeon Bay,290988370.2,91099.594
2009,ON,75,10.4,19.7,23.9,2,3.3,NA,0,0,0,0,11,179,190,Pidgeon Bay,290988370.2,91099.594
2009,ON,99,10,17.8,23.4,2.4,4.5,NA,0,0,0,0,82,516,597,Pidgeon Bay,290988370.2,91099.594
2009,ON,91,9,23.2,23.7,2,7.3,NA,0,22,119,11,11,2385,2548,Pidgeon Bay,290988370.2,91099.594
2009,ON,82,8,20,26.1,1.2,7.7,NA,0,20,374,80,1514,323,2311,Pidgeon Bay,290988370.2,91099.594
2009,ON,65,7.9,23,23.1,1.5,6.6,NA,0,5176,5910,108,221,7706,19121,Pidgeon Bay,290988370.2,91099.594
2009,OH,958,9.2,23.4,23.6,1.6,8.5,NA,0,756,801,52,5377,12825,19810,Maumee R.,915615454.3,336325.905
2009,OH,943,7.6,23.7,23.9,1.2,8.1,NA,0,208,60,0,296,2261,2825,Maumee R.,915615454.3,336325.905
2009,OH,952,7,23.4,24.2,0.9,8.2,NA,0,0,0,0,76,5722,5798,Maumee R.,915615454.3,336325.905
2009,OH,888,7,24.8,25.8,2.1,6.7,NA,0,0,0,0,189,186,375,Maumee R.,915615454.3,336325.905
2009,OH,890,5.8,24.7,25.5,1.8,6.3,NA,0,1483,382,4,123,6571,8563,Maumee R.,915615454.3,336325.905
2009,OH,873,5.8,24.9,25.8,2.1,5.9,NA,0,0,0,0,125,146,271,Maumee R.,915615454.3,336325.905
2009,OH,874,4.6,24.9,25.6,1.2,5.8,NA,0,128,0,15,39,1214,1396,Maumee R.,915615454.3,336325.905
2009,OH,954,4.3,23.2,24.4,0.9,8.7,NA,0,5678,18,180,16,24973,30865,Maumee R.,915615454.3,336325.905
2009,OH,989,6.7,22.6,24,2.4,5.1,NA,0,0,92,0,68,8314,8475,Sandusky R.,252583059.7,199050.171
2009,OH,996,5.6,22.6,24.2,2.7,4.2,NA,0,0,24,0,68,436,528,Sandusky R.,252583059.7,199050.171
2009,OH,990,5.5,22.7,23.6,1.5,4.8,NA,0,28,311,0,108,9972,10419,Sandusky R.,252583059.7,199050.171
2009,OH,984,3.4,23.2,23.3,1.5,7.1,NA,0,3146,293,0,0,66,3505,Sandusky R.,252583059.7,199050.171
2009,OH,979,2.2,25.9,25.9,0.6,7.7,NA,0,14632,213,0,69,6462,21376,Sandusky R.,252583059.7,199050.171
2009,OH,984,2.2,23.2,23.3,1.5,6.7,NA,0,321,472,0,8,371,1172,Sandusky R.,252583059.7,199050.171
2009,OH,994,12.5,22.7,25.1,3.4,4.2,NA,0,20,123,0,11098,5657,16899,Central Basin,650277990.9,179233.111
2009,OH,992,12.5,22.6,26,3.7,5.6,NA,0,41,0,0,186,197,424,Central Basin,650277990.9,179233.111
2009,ON,98,12.4,22.8,23.4,2.2,7.1,NA,0,0,0,0,43,1273,1316,Central Basin,650277990.9,179233.111
2009,OH,987,11.9,22.5,25.7,0.9,5.9,NA,0,23,103,0,24575,1595,26295,Central Basin,650277990.9,179233.111
2009,OH,986,11.9,22.4,25.4,2.7,3.6,NA,0,98,1793,0,3059,16598,21548,Central Basin,650277990.9,179233.111
2009,ON,97,11.2,22.8,23.4,2.6,6.7,NA,0,0,348,0,57,351,757,Central Basin,650277990.9,179233.111
2009,ON,77,11,24.4,24.7,2.2,7.3,NA,0,0,0,0,0,7,7,Central Basin,650277990.9,179233.111
2009,ON,63,10.8,23.3,24.7,1.9,6.3,NA,0,0,4,0,459,11025,11488,Central Basin,650277990.9,179233.111
2009,ON,64,10.4,24.6,24.6,2.1,7.4,NA,0,4,4,0,442,1840,2290,Central Basin,650277990.9,179233.111
2009,ON,31,11.3,23.3,25.1,2.9,4.1,NA,0,7,19,45,352,1662,2084,Detroit R.,1066406006,353171.391
2009,OH,931,9.2,24.6,24.8,3.1,7,NA,0,12171,288,0,3,2043,14504,Detroit R.,1066406006,353171.391
2009,ON,21,9,22.9,24.9,2.5,3.6,NA,0,0,4,19,56,63,141,Detroit R.,1066406006,353171.391
2009,OH,918,8.8,23.8,24.8,3.1,2.2,NA,0,4491,40,0,14,108,4654,Detroit R.,1066406006,353171.391
2009,ON,11,8.7,23.3,23.5,2,7.5,NA,0,4,0,0,181,200,384,Detroit R.,1066406006,353171.391
2009,OH,905,8.5,23.8,25,2.1,3.5,NA,0,0,1719,0,143,1559,3421,Detroit R.,1066406006,353171.391
2009,OH,911,8.5,23.9,25.4,1.8,4,NA,0,46,519,0,886,3518,4968,Detroit R.,1066406006,353171.391
2009,OH,8,8.5,25,25.4,2.1,7.4,NA,0,0,428,0,286,855,1569,Detroit R.,1066406006,353171.391
2009,ON,20,8.5,22.8,25,2.3,3.2,NA,0,24,16,199,3685,2183,6107,Detroit R.,1066406006,353171.391
2009,OH,896,7.6,24.9,25.6,1.5,5.5,NA,0,10,949,0,379,330,1667,Detroit R.,1066406006,353171.391
2009,ON,6,7.6,22.9,23.8,2,7.6,NA,0,0,0,0,1450,11,1461,Detroit R.,1066406006,353171.391
2009,ON,35,7.5,22.9,25.5,2.1,3.6,NA,0,0,0,0,2562,104,2665,Detroit R.,1066406006,353171.391
2009,OH,898,7,24.5,25.4,2.1,4,NA,0,20,1730,0,83,1961,3793,Detroit R.,1066406006,353171.391
2009,OH,886,7,24.8,25.2,2.1,5.8,NA,0,1158,118,0,137,182,1594,Detroit R.,1066406006,353171.391
2009,OH,879,6.7,24.9,25.5,2.1,6.2,NA,0,292,0,0,99,232,622,Detroit R.,1066406006,353171.391
2009,ON,10,6.1,23.3,24.3,2.3,7.5,NA,0,0,63,4,7225,749,8041,Detroit R.,1066406006,353171.391
2009,ON,60,11.3,24.8,24.8,2.8,7.7,NA,0,4,123,8,23,46,204,Islands,545194199.1,185163.385
2009,ON,59,11.2,23.5,24.1,2.2,6.4,NA,0,0,21,0,364,576,961,Islands,545194199.1,185163.385
2009,ON,51,11.1,23.5,25.1,2.9,5,NA,0,88,0,0,657,23325,24071,Islands,545194199.1,185163.385
2009,ON,45,10.5,23.5,24.7,2.5,6.5,NA,0,67,138,0,350,1785,2339,Islands,545194199.1,185163.385
2009,ON,44,10.4,23.4,24.6,2.1,6.4,NA,0,13,42,0,593,2761,3409,Islands,545194199.1,185163.385
2009,ON,33,10.3,23.4,23.6,2.3,7.3,NA,0,11249,0,4,4,30,11286,Islands,545194199.1,185163.385
2009,ON,61,10,24.8,24.9,2.5,7.2,NA,0,0,23,73,204,6484,6784,Islands,545194199.1,185163.385
2009,OH,975,9.8,23.2,23.3,1.5,7.8,NA,0,31,213,0,29243,2742,32229,Islands,545194199.1,185163.385
2009,OH,34,9.5,23.7,24.2,1.8,8.1,NA,0,14039,701,0,890,13240,28870,Islands,545194199.1,185163.385
2009,OH,969,9.2,23.4,23.5,1.5,7.6,NA,0,954,0,0,17095,3293,21342,Islands,545194199.1,185163.385
2009,ON,54,8.9,24.6,24.6,2,6.6,NA,0,0,0,0,307,669,976,Islands,545194199.1,185163.385
2009,OH,970,8.5,23.3,23.3,1.2,8.2,NA,0,12,213,0,2551,2147,4923,Islands,545194199.1,185163.385
2009,ON,54,8.5,24.7,24.8,2.3,6.5,NA,0,6342,19,267,163,12729,19520,Islands,545194199.1,185163.385
2010,ON,67,10.9,24.5,24.5,1.4,8,NA,0,0,4,0,4,1601,1609,Pidgeon Bay,290988370.2,91099.594
2010,ON,42,10.6,23.7,26,1.5,3.1,NA,0,80,708,0,0,2602,3390,Pidgeon Bay,290988370.2,91099.594
2010,ON,66,10.1,19.9,24.9,1.5,2.1,NA,0,0,38,0,0,135,173,Pidgeon Bay,290988370.2,91099.594
2010,ON,75,10,23.1,25.2,1.6,6.4,NA,0,708,4,0,0,252,964,Pidgeon Bay,290988370.2,91099.594
2010,ON,99,9.5,25.4,25.5,NA,8.5,NA,0,11,18,0,4,749,782,Pidgeon Bay,290988370.2,91099.594
2010,ON,49,9,24.1,24.5,1.3,5.4,NA,0,24,159,8,4,398,594,Pidgeon Bay,290988370.2,91099.594
2010,ON,91,8.6,25.6,25.6,1,8.2,NA,0,17,0,0,0,871,888,Pidgeon Bay,290988370.2,91099.594
2010,ON,82,7.8,21.4,24.3,1.4,3.3,NA,0,0,0,0,0,143,143,Pidgeon Bay,290988370.2,91099.594
2010,ON,65,7.3,24.7,24.9,1.7,6.5,NA,0,32,163,315,4,964,1478,Pidgeon Bay,290988370.2,91099.594
2010,OH,958,8.8,25.7,25.7,0.9,7.4,NA,0,10,6,0,165,3335,3517,Maumee R.,915615454.3,336325.905
2010,OH,943,7.9,25.7,26,1.2,7.6,NA,0,10,850,0,56,2729,3645,Maumee R.,915615454.3,336325.905
2010,OH,943,7.3,25.7,25.9,0.9,7.5,NA,0,0,54,0,8,267,328,Maumee R.,915615454.3,336325.905
2010,OH,888,6.7,24.6,25.1,1.2,5.7,NA,0,133,0,17,71,2446,2666,Maumee R.,915615454.3,336325.905
2010,OH,873,5.5,24.5,24.9,0.9,5.6,NA,4,96,175,99,156,3195,3724,Maumee R.,915615454.3,336325.905
2010,OH,890,5.5,24.3,24.9,0.6,6.4,NA,0,0,7,0,39,1764,1809,Maumee R.,915615454.3,336325.905
2010,OH,874,4.6,24.2,24.8,0.6,5,NA,0,69,0,677,64,3958,4768,Maumee R.,915615454.3,336325.905
2010,OH,954,4,24.9,26.4,0.6,8.3,NA,0,0,0,47,70,4214,4331,Maumee R.,915615454.3,336325.905
2010,OH,989,6.4,23.6,25.4,2.1,2.3,NA,0,82,77,0,60,19339,19559,Sandusky R.,252583059.7,199050.171
2010,OH,979,1.9,25.2,25.2,0.3,7.6,NA,0,1071,0,0,15,7084,8170,Sandusky R.,252583059.7,199050.171
2010,ON,98,12.3,22.6,23.2,1.9,7.4,NA,0,0,0,0,27,315,342,Central Basin,650277990.9,179233.111
2010,ON,98,11.9,22.6,23,2,8,NA,0,0,0,0,19,757,776,Central Basin,650277990.9,179233.111
2010,ON,101,11.7,22.9,23.4,1.6,6.6,NA,0,0,0,0,12,131,143,Central Basin,650277990.9,179233.111
2010,ON,104,11.3,22.6,23.3,1.8,7.4,NA,0,0,0,0,15,246,261,Central Basin,650277990.9,179233.111
2010,ON,97,11,22.5,22.9,1.6,6.9,NA,0,0,12,0,40,96,147,Central Basin,650277990.9,179233.111
2010,ON,77,11,24.2,24.3,1.7,8.1,NA,0,0,7,0,7,849,864,Central Basin,650277990.9,179233.111
2010,ON,64,10.6,23.4,24.1,1.8,5.2,NA,0,4,0,0,4,279,287,Central Basin,650277990.9,179233.111
2010,ON,63,10.5,23,25.1,1.5,2.8,NA,0,7,250,0,295,555,1107,Central Basin,650277990.9,179233.111
2010,ON,95,10.4,23,23.3,1.7,7.9,NA,0,4,0,0,0,715,718,Central Basin,650277990.9,179233.111
2010,ON,87,8.3,17.7,25.4,1.7,2.7,NA,0,0,184,0,0,388,572,Central Basin,650277990.9,179233.111
2010,OH,952,6.7,25.6,26.2,0.9,7.8,NA,0,47,0,4,75,3661,3787,Central Basin,650277990.9,179233.111
2010,ON,31,11.1,24.8,24.8,1.2,8.2,NA,0,30,415,7,226,3568,4247,Detroit R.,1066406006,353171.391
2010,OH,931,9.2,24.7,24.7,1.3,7.4,NA,0,0,230,0,41,1584,1854,Detroit R.,1066406006,353171.391
2010,OH,918,8.8,24.2,24.3,1.8,5.8,NA,5,44,414,0,206,5092,5761,Detroit R.,1066406006,353171.391
2010,ON,21,8.8,24.4,24.4,2,8.3,NA,0,8,0,280,3930,1087,5305,Detroit R.,1066406006,353171.391
2010,ON,11,8.6,24.3,24.5,1.8,8,NA,0,8,0,19,3738,392,4156,Detroit R.,1066406006,353171.391
2010,OH,905,8.5,24,24.2,1.8,5.8,NA,0,43,27,0,497,8009,8575,Detroit R.,1066406006,353171.391
2010,ON,20,8.4,24.6,24.6,1.8,8.1,NA,0,12,0,77,246,2908,3242,Detroit R.,1066406006,353171.391
2010,OH,911,8.2,23.8,23.8,1.8,6.2,NA,0,29,6,0,637,4954,5626,Detroit R.,1066406006,353171.391
2010,OH,8,7.9,23.7,23.7,1.8,6.5,NA,0,11,0,0,160,417,588,Detroit R.,1066406006,353171.391
2010,OH,896,7.3,23.6,23.8,2,6.5,NA,0,13,0,0,1020,1057,2090,Detroit R.,1066406006,353171.391
2010,ON,6,7.3,24,24.3,1.4,8.2,NA,0,11,0,0,140,61,212,Detroit R.,1066406006,353171.391
2010,ON,35,7.3,24.8,24.9,1.9,8.4,NA,0,17,0,302,108,2490,2917,Detroit R.,1066406006,353171.391
2010,OH,898,6.7,24.6,24.8,1.2,5.1,NA,0,22,28,23,50,1051,1175,Detroit R.,1066406006,353171.391
2010,OH,886,6.7,24.1,24.4,2.1,6.2,NA,0,11,0,0,70,180,261,Detroit R.,1066406006,353171.391
2010,OH,879,6.4,24.6,25,1.2,5.6,NA,0,20,13,9,10,1147,1199,Detroit R.,1066406006,353171.391
2010,ON,9,5.4,24.4,24.6,1.3,8.3,NA,0,4,0,43,125,1194,1366,Detroit R.,1066406006,353171.391
2010,ON,60,11.3,24.7,24.6,1.3,7.4,NA,0,0,111,0,65,2347,2524,Islands,545194199.1,185163.385
2010,ON,51,11.1,24.9,25,1.2,8,NA,0,12,77,0,158,3653,3899,Islands,545194199.1,185163.385
2010,ON,59,11,25.3,25.3,1.1,7.5,NA,0,72,0,0,4,1000,1076,Islands,545194199.1,185163.385
2010,ON,45,10.2,25.2,25.7,1.7,7.5,NA,0,22,570,0,161,939,1692,Islands,545194199.1,185163.385
2010,ON,44,10.1,25.4,25.8,1.2,7.4,NA,0,115,17,0,323,2182,2637,Islands,545194199.1,185163.385
2010,ON,33,10,25.3,25.4,1.2,7.5,NA,4,473,147,4,369,4166,5163,Islands,545194199.1,185163.385
2010,ON,61,10,24.6,24.6,1.3,7.8,NA,0,0,20,0,20,9067,9107,Islands,545194199.1,185163.385
2010,ON,54,9,24.5,24.5,1.3,8,NA,0,0,0,4,295,550,849,Islands,545194199.1,185163.385
2010,ON,54,8.8,24.7,24.6,1.1,7.9,NA,0,8,23,0,146,7537,7714,Islands,545194199.1,185163.385
2010,OH,972,5.6,24.2,25.6,1.5,5.4,NA,0,0,0,0,0,119,119,Islands,545194199.1,185163.385
2010,OH,972,4.7,24.4,25.9,1.2,6.2,NA,0,88,0,96,583,55506,56273,Islands,545194199.1,185163.385
2011,ON,59,11.4,23.7,24,1.4,6.6,NA,0,45,26,0,0,56,126,Pidgeon Bay,290988370.2,91099.594
2011,ON,42,11,23.9,24.6,1.6,9.9,NA,0,7,93,26,4,89,219,Pidgeon Bay,290988370.2,91099.594
2011,ON,67,11,22,24.1,2.3,6.1,NA,0,38,0,0,0,92,131,Pidgeon Bay,290988370.2,91099.594
2011,ON,66,10.6,18.7,23.8,2.6,4.7,NA,0,4,79,0,0,25,108,Pidgeon Bay,290988370.2,91099.594
2011,ON,92,10.2,15.7,23.6,0.8,6.7,NA,0,0,0,4,4,211,219,Pidgeon Bay,290988370.2,91099.594
2011,ON,57,9,19.3,24.2,3.5,3.1,NA,0,4,0,0,0,0,4,Pidgeon Bay,290988370.2,91099.594
2011,ON,91,8.5,21.1,24.7,1.6,5.3,NA,0,4,0,27,27,35,92,Pidgeon Bay,290988370.2,91099.594
2011,ON,82,7.8,23.7,23.7,0.3,7.6,NA,0,8,15,12,8,19,61,Pidgeon Bay,290988370.2,91099.594
2011,ON,99,4.2,22.7,23.7,2,7.1,NA,0,0,0,8,0,4,12,Pidgeon Bay,290988370.2,91099.594
2011,OH,958,8.8,24.4,24.9,1.2,6.6,NA,0,510,147,0,305,2709,3672,Maumee R.,915615454.3,336325.905
2011,OH,943,7.9,24.4,26.9,0.6,8.4,NA,0,36,8,0,167,1440,1651,Maumee R.,915615454.3,336325.905
2011,OH,943,7.6,24.3,26.5,0.6,8.2,NA,0,22,0,5,181,1610,1817,Maumee R.,915615454.3,336325.905
2011,OH,952,7,24.1,25.6,1.2,7.2,NA,0,0,217,0,54,2263,2534,Maumee R.,915615454.3,336325.905
2011,OH,888,7,24.3,25.4,1.2,8.1,NA,0,0,0,0,23,161,184,Maumee R.,915615454.3,336325.905
2011,OH,890,5.8,23.9,24.8,0.6,6.9,NA,0,10,13,0,149,1350,1523,Maumee R.,915615454.3,336325.905
2011,OH,873,5.8,24.1,25.6,0.9,7.9,NA,0,10,13,4,85,974,1087,Maumee R.,915615454.3,336325.905
2011,OH,874,4.8,23.8,25,0.6,7.6,NA,0,643,6,13,56,3317,4036,Maumee R.,915615454.3,336325.905
2011,OH,961,4.6,23.9,24.7,0.9,7,NA,0,5452,94,270,76,7637,13529,Maumee R.,915615454.3,336325.905
2011,OH,954,4.3,23.6,24.1,0.8,6,NA,0,287,13,22,13,2555,2891,Maumee R.,915615454.3,336325.905
2011,OH,996,9.8,24.2,25.6,2.4,7.3,NA,0,12,0,0,34,3090,3136,Sandusky R.,252583059.7,199050.171
2011,OH,996,7,24,25.8,1.4,7.3,NA,0,11,7,0,28,712,758,Sandusky R.,252583059.7,199050.171
2011,OH,989,6.4,23.9,25.6,1.2,7.7,NA,0,133,7,0,5,412,557,Sandusky R.,252583059.7,199050.171
2011,OH,990,4.7,24.1,24.9,1.2,8.9,NA,0,173,0,0,26,637,837,Sandusky R.,252583059.7,199050.171
2011,OH,984,3.5,24.3,26.4,1.2,9.4,NA,0,399,182,0,5,445,1032,Sandusky R.,252583059.7,199050.171
2011,OH,979,2.2,24,24,0.3,7.5,NA,0,11977,175,0,0,5888,18041,Sandusky R.,252583059.7,199050.171
2011,OH,984,1.5,25.3,26,0.6,10.2,NA,0,2604,81,49,9,1417,4160,Sandusky R.,252583059.7,199050.171
2011,OH,994,12.5,23.5,24,2.4,7.9,NA,0,0,0,0,5,409,414,Central Basin,650277990.9,179233.111
2011,OH,992,12.5,23.6,24.1,2.4,7.4,NA,0,11,7,0,5,15,38,Central Basin,650277990.9,179233.111
2011,ON,98,12,23.5,23.7,1.8,8,NA,0,0,642,0,85,538,1265,Central Basin,650277990.9,179233.111
2011,ON,101,12,14.7,21.9,1.2,6.4,NA,0,0,22,0,133,125,280,Central Basin,650277990.9,179233.111
2011,OH,987,11.9,24.1,24.3,1.8,7.4,NA,0,308,13,0,13,2017,2352,Central Basin,650277990.9,179233.111
2011,OH,986,11.9,23.8,24,3.4,6.5,NA,0,0,0,0,0,70,70,Central Basin,650277990.9,179233.111
2011,ON,97,11.4,21.4,23.1,2.3,6.2,NA,0,0,4,0,23,85,111,Central Basin,650277990.9,179233.111
2011,ON,104,11.4,23.4,23.7,2,7.9,NA,0,7,194,0,65,387,653,Central Basin,650277990.9,179233.111
2011,ON,77,11.2,19.9,24.7,1.8,4.7,NA,0,4,116,0,8,0,127,Central Basin,650277990.9,179233.111
2011,ON,63,10.8,24,24.3,1.8,7.2,NA,0,54,15,4,123,522,718,Central Basin,650277990.9,179233.111
2011,ON,64,10.6,22.9,24.6,1.6,5.9,NA,0,0,0,0,74,23,96,Central Basin,650277990.9,179233.111
2011,ON,102,10.6,24,24.2,1.2,7.4,NA,0,0,72,0,18,731,821,Central Basin,650277990.9,179233.111
2011,ON,87,9.8,21.5,21.8,3.3,7,NA,0,0,0,0,22,54,75,Central Basin,650277990.9,179233.111
2011,ON,31,10.5,24.4,24.7,1.1,6.4,NA,0,4,390,36,24,1008,1462,Detroit R.,1066406006,353171.391
2011,OH,931,9.5,24.7,26.3,1.2,7.3,NA,0,22,42,0,206,4793,5064,Detroit R.,1066406006,353171.391
2011,OH,918,8.8,24.2,24.3,1.8,5.8,NA,0,0,0,0,97,1213,1310,Detroit R.,1066406006,353171.391
2011,ON,21,8.7,23.6,23.7,1.8,6.3,NA,0,4,0,4,12,446,465,Detroit R.,1066406006,353171.391
2011,ON,20,8.6,22.9,23.9,2.4,4.4,NA,0,0,0,46,8,37,91,Detroit R.,1066406006,353171.391
2011,OH,905,8.5,24,24.4,1.8,8.3,NA,0,0,0,0,385,1690,2076,Detroit R.,1066406006,353171.391
2011,OH,911,8.5,23.9,24.1,2.1,8,NA,0,0,0,0,245,1136,1380,Detroit R.,1066406006,353171.391
2011,ON,11,8.5,23.7,24.1,1.6,10.9,NA,0,0,0,0,58,4,61,Detroit R.,1066406006,353171.391
2011,OH,8,8.2,23.9,24,1.5,7.8,NA,0,0,0,0,121,668,789,Detroit R.,1066406006,353171.391
2011,OH,896,7.6,24.2,24.5,2.4,8.2,NA,0,0,32,4,5517,3065,8618,Detroit R.,1066406006,353171.391
2011,ON,6,7.5,23.7,24.3,1.9,10.7,NA,0,0,20,0,984,131,1135,Detroit R.,1066406006,353171.391
2011,OH,898,7,24.2,24.9,1.5,8.1,NA,0,0,0,0,31,898,929,Detroit R.,1066406006,353171.391
2011,OH,879,6.7,24.3,25.3,1.2,8.2,NA,0,0,0,0,89,604,693,Detroit R.,1066406006,353171.391
2011,OH,886,6.7,24.3,25.1,1.2,8,NA,0,0,13,0,146,149,309,Detroit R.,1066406006,353171.391
2011,ON,9,6,23.7,24.7,1.2,10.7,NA,0,257,0,8,734,18139,19138,Detroit R.,1066406006,353171.391
2011,ON,60,11.3,24.1,24.2,1.8,7.5,NA,0,4,269,38,8,738,1056,Islands,545194199.1,185163.385
2011,ON,51,11.2,24.3,24.6,1.4,6.3,NA,0,8,0,0,12,542,562,Islands,545194199.1,185163.385
2011,ON,44,10.7,24.3,24.8,1.3,6.9,NA,0,7,3,0,35,545,590,Islands,545194199.1,185163.385
2011,ON,33,10.5,24.4,24.8,1.1,10,NA,0,0,27,0,61,1671,1759,Islands,545194199.1,185163.385
2011,ON,45,10.5,24.4,24.6,1.5,6.9,NA,0,0,81,15,111,384,592,Islands,545194199.1,185163.385
2011,ON,61,10,23.5,24.2,2,6.5,NA,0,4,4,27,88,3050,3173,Islands,545194199.1,185163.385
2011,OH,975,9.5,21.1,25.9,1.5,3.8,NA,0,0,0,0,526,30,556,Islands,545194199.1,185163.385
2011,OH,34,9.5,24.2,25.4,1.2,6.2,NA,0,0,21,0,143,2142,2306,Islands,545194199.1,185163.385
2011,ON,54,8.9,23.4,24.6,2,5.9,NA,0,280,4,0,58,2482,2823,Islands,545194199.1,185163.385
2011,OH,969,8.8,21.9,25.4,1.2,4.6,NA,0,0,7,0,188,83,278,Islands,545194199.1,185163.385
2011,ON,54,8.8,23.8,24.3,2.5,5.6,NA,0,8,17,0,765,931,1721,Islands,545194199.1,185163.385
2011,OH,970,8.2,22.7,24.5,1.5,5.2,NA,0,0,142,0,37,577,756,Islands,545194199.1,185163.385
2011,OH,972,6,23.7,23.7,1.2,7.1,NA,0,0,110,9,4,690,813,Islands,545194199.1,185163.385
2011,OH,972,3.4,23.8,23.9,1.2,7.4,NA,0,97,0,0,77,377,551,Islands,545194199.1,185163.385
2011,OH,967,3.1,23.8,23.9,1.5,7.4,NA,0,0,0,0,117,42,159,Islands,545194199.1,185163.385
2012,ON,42,10.7,24.2,24.2,1.7,8.3,8.6,0,272,0,57,44,1301,1674,Pidgeon Bay,290988370.2,91099.594
2012,ON,67,10.7,24.2,24.2,1.8,8.3,8.3,0,70,0,45,56,2552,2722,Pidgeon Bay,290988370.2,91099.594
2012,ON,66,10.4,24.2,24.2,1.8,8.4,8.3,0,131,77,19,92,2835,3154,Pidgeon Bay,290988370.2,91099.594
2012,ON,75,10.1,24.4,24.9,1.9,8.2,8,0,857,3,13,50,4192,5116,Pidgeon Bay,290988370.2,91099.594
2012,ON,92,10,23.6,24.4,1.9,8.3,8,4,936,258,47,36,1703,2983,Pidgeon Bay,290988370.2,91099.594
2012,ON,49,9,23.4,23.5,2,7.6,7.7,0,666,160,66,163,8053,9108,Pidgeon Bay,290988370.2,91099.594
2012,ON,91,8.1,24.3,24.3,1.2,8.8,7.6,0,296,31,8,12,5585,5931,Pidgeon Bay,290988370.2,91099.594
2012,ON,19,8,23.5,23.9,1.4,8,7.5,0,2209,11206,0,61,26299,39775,Pidgeon Bay,290988370.2,91099.594
2012,ON,65,7.7,23.9,24.1,1.5,7.9,8,0,545,48,0,11,401,1005,Pidgeon Bay,290988370.2,91099.594
2012,ON,99,4.7,24.1,24.4,1.3,9.3,10,0,362,4,0,4,140,509,Pidgeon Bay,290988370.2,91099.594
2012,OH,958,8.5,23.4,23.5,1.8,6.2,NA,0,245,0,0,94,8490,8830,Maumee R.,915615454.3,336325.905
2012,OH,943,8.2,23.3,23.6,1.2,5.8,NA,0,293,24,0,330,10826,11473,Maumee R.,915615454.3,336325.905
2012,OH,943,7.3,23.3,23.5,1.5,5.4,NA,0,903,174,0,13,2766,3855,Maumee R.,915615454.3,336325.905
2012,OH,952,6.7,23.2,24,1.8,5.6,NA,0,383,714,0,215,5509,6820,Maumee R.,915615454.3,336325.905
2012,OH,888,6.7,23,23.7,1.5,4.9,NA,0,198,0,0,11,1205,1415,Maumee R.,915615454.3,336325.905
2012,OH,873,5.7,22.6,23.2,1.2,4.8,NA,0,128,248,0,127,2586,3088,Maumee R.,915615454.3,336325.905
2012,OH,890,5.4,22.4,23.7,1.2,5.2,NA,0,0,25,4,34,3508,3571,Maumee R.,915615454.3,336325.905
2012,OH,874,4.5,22.6,23.5,1.5,4.7,NA,0,128,37,0,12,97,275,Maumee R.,915615454.3,336325.905
2012,OH,954,4,22.7,24,2.1,5.4,NA,0,78,211,166,17,10289,10761,Maumee R.,915615454.3,336325.905
2012,OH,961,3.7,22.6,23.7,1.5,5.4,NA,0,265,25,83,191,19906,20470,Maumee R.,915615454.3,336325.905
2012,OH,996,9.5,23.4,24.3,1.2,4.4,NA,0,755,788,0,65,6132,7741,Sandusky R.,252583059.7,199050.171
2012,OH,996,7,23.5,24.1,0.9,4.7,NA,0,765,273,0,94,13473,14605,Sandusky R.,252583059.7,199050.171
2012,OH,989,6.4,23.4,23.5,1.2,5.9,NA,0,2247,496,54,102,19165,22064,Sandusky R.,252583059.7,199050.171
2012,OH,990,4.1,23.7,23.7,1.2,5.1,NA,0,2976,7469,80,59,20175,30759,Sandusky R.,252583059.7,199050.171
2012,OH,984,3.2,23.5,23.5,1.2,6.8,NA,0,548,2074,28,7,7304,9961,Sandusky R.,252583059.7,199050.171
2012,OH,979,1.6,22.3,22.3,0.3,8.9,NA,0,2561,391,0,0,4599,7550,Sandusky R.,252583059.7,199050.171
2012,OH,984,1.4,23.6,23.6,0.6,8.1,NA,0,1619,745,4,0,1280,3648,Sandusky R.,252583059.7,199050.171
2012,ON,98,12.4,21.3,23.9,2.2,3.6,4.2,0,756,97,0,52,59,965,Central Basin,650277990.9,179233.111
2012,OH,992,12.2,23.6,24.5,2.7,4.8,NA,0,20,112,0,45,3944,4120,Central Basin,650277990.9,179233.111
2012,OH,994,11.9,23.5,24.3,2.1,4.8,NA,0,285,192,0,79,8884,9439,Central Basin,650277990.9,179233.111
2012,ON,90,11.8,23.5,23.6,2.3,7.9,8,0,67,100,7,63,5671,5908,Central Basin,650277990.9,179233.111
2012,ON,101,11.7,23.3,23.5,2,8.2,7.4,0,0,0,7,37,10,54,Central Basin,650277990.9,179233.111
2012,OH,987,11.6,23.6,25,2.4,4.5,NA,0,59,248,0,114,3570,3992,Central Basin,650277990.9,179233.111
2012,ON,97,11.3,22.9,24.4,2.4,6.1,6.6,0,108,75,4,4,1101,1291,Central Basin,650277990.9,179233.111
2012,ON,97,11.2,23.5,23.6,2.5,8,7.4,0,118,122,11,14,753,1018,Central Basin,650277990.9,179233.111
2012,ON,77,11,23.7,23.7,1.9,8.4,8.8,0,4,0,36,29,6880,6948,Central Basin,650277990.9,179233.111
2012,ON,95,10.5,23.2,23.6,3.1,7.3,7,0,4,126,4,7,59,200,Central Basin,650277990.9,179233.111
2012,ON,64,10.2,23.7,23.8,1.8,8.3,8.6,0,8,8,0,115,960,1091,Central Basin,650277990.9,179233.111
2012,ON,87,9.2,23.4,24.6,2.5,7.6,7.3,0,26,260,4,4,527,820,Central Basin,650277990.9,179233.111
2012,ON,31,10.7,23.5,24,2.7,8.3,7.4,4,864,89,263,274,7043,8538,Detroit R.,1066406006,353171.391
2012,OH,931,9.2,23.3,23.4,1.8,7.2,NA,0,181,0,0,226,9098,9505,Detroit R.,1066406006,353171.391
2012,ON,21,8.9,23.1,23.3,2.6,8.6,8.3,0,0,173,138,230,2774,3315,Detroit R.,1066406006,353171.391
2012,ON,11,8.7,22.7,22.9,2.4,8.5,8.4,0,4,22,11,126,1502,1665,Detroit R.,1066406006,353171.391
2012,OH,918,8.5,22.5,22.6,3.7,6.6,NA,0,10,0,0,139,4308,4456,Detroit R.,1066406006,353171.391
2012,ON,20,8.5,23.2,23.5,2.3,8.1,9,0,40,20,3956,474,1713,6203,Detroit R.,1066406006,353171.391
2012,OH,905,8.2,22.7,23.8,4.9,5.5,NA,0,0,0,0,20,1603,1622,Detroit R.,1066406006,353171.391
2012,OH,911,8.2,22.6,22.8,4.3,6,NA,0,0,0,0,21,86,107,Detroit R.,1066406006,353171.391
2012,OH,8,7.9,22.6,22.8,2.1,6.4,NA,0,10,0,0,301,4468,4779,Detroit R.,1066406006,353171.391
2012,ON,35,7.5,23.6,23.7,2.6,8.3,8.2,0,101,0,0,62,73,236,Detroit R.,1066406006,353171.391
2012,OH,896,7.3,22.7,23.1,3.1,5.5,NA,0,0,105,0,95,283,483,Detroit R.,1066406006,353171.391
2012,ON,6,7.3,22.6,23,2,8.4,8.3,0,4,4,1710,886,907,3510,Detroit R.,1066406006,353171.391
2012,OH,898,7,23,23.2,2.7,5.6,NA,0,0,0,0,79,636,715,Detroit R.,1066406006,353171.391
2012,OH,886,6.7,22.7,23.2,4.6,5.3,NA,0,0,56,0,212,160,428,Detroit R.,1066406006,353171.391
2012,OH,879,6.4,22.8,23.4,1.8,5.4,NA,0,0,0,0,8,916,924,Detroit R.,1066406006,353171.391
2012,ON,9,6,23.1,23.8,2.8,8.5,8.3,0,8,12,72,4,339,434,Detroit R.,1066406006,353171.391
2012,ON,60,11.1,23.8,24.1,2.3,8.8,9.1,0,89,0,0,194,3719,4001,Islands,545194199.1,185163.385
2012,ON,59,11.1,24.3,24.2,1.7,8.2,8.2,0,351,7,75,125,3980,4539,Islands,545194199.1,185163.385
2012,ON,51,11,23.8,24.4,2,7.9,8,0,583,257,489,1076,6572,8976,Islands,545194199.1,185163.385
2012,ON,63,10.6,24,24,1.6,8,7.9,0,24,153,7,7,1197,1388,Islands,545194199.1,185163.385
2012,ON,33,10.3,24,24,2.3,8.5,8.1,0,338,0,31,227,5025,5620,Islands,545194199.1,185163.385
2012,ON,45,10.2,23.9,24.2,1.8,8.1,8.1,0,272,305,0,0,5382,5959,Islands,545194199.1,185163.385
2012,ON,45,10.2,24.1,24.2,1.9,8,8.2,0,129,817,0,0,57,1004,Islands,545194199.1,185163.385
2012,ON,61,9.9,23.7,23.7,2.5,9.2,9,0,59,111,111,63,21646,21991,Islands,545194199.1,185163.385
2012,OH,975,9.5,23.6,23.7,1.5,5.9,NA,0,677,571,0,70,2320,3638,Islands,545194199.1,185163.385
2012,OH,34,9.2,23.4,23.5,2.1,7.3,NA,0,3561,0,0,249,12916,16726,Islands,545194199.1,185163.385
2012,ON,54,9,23.5,23.5,2.1,8.6,8.6,0,0,446,42,376,3292,4156,Islands,545194199.1,185163.385
2012,ON,54,8.7,23.5,23.6,2.3,8.8,8.8,0,154,0,538,204,32864,33760,Islands,545194199.1,185163.385
2012,OH,969,8.5,23.7,23.7,1.5,6.3,NA,0,699,323,0,71,2652,3745,Islands,545194199.1,185163.385
2012,OH,970,7.9,23.5,23.6,1.5,7.1,NA,0,363,105,4,134,4995,5602,Islands,545194199.1,185163.385
2012,OH,972,5.8,23.4,25,2.7,5.5,NA,0,20,12,12,287,1376,1707,Islands,545194199.1,185163.385
2012,OH,967,3.1,23.7,25,1.5,5.4,NA,0,285,0,66,4,2188,2543,Islands,545194199.1,185163.385
2013,ON,67,11.1,22.6,22.5,2,7.8,8.2,0,15,8,4,188,5343,5559,Pidgeon Bay,290988370.2,91099.594
2013,ON,66,10.7,22.5,22.5,2.3,8.5,8.1,0,0,0,0,28,131,159,Pidgeon Bay,290988370.2,91099.594
2013,ON,75,10.5,22.5,22.5,2.3,8.3,8.9,0,19,0,0,23,42,85,Pidgeon Bay,290988370.2,91099.594
2013,ON,92,10.4,21.9,24,2.5,7.5,7.7,7,11,0,0,111,556,685,Pidgeon Bay,290988370.2,91099.594
2013,ON,99,10.4,23.1,23.1,2.6,6,8.6,0,0,0,29,610,556,1194,Pidgeon Bay,290988370.2,91099.594
2013,ON,56,9,21.8,23.4,2.7,7.4,8,18,11,82,32,61,696,900,Pidgeon Bay,290988370.2,91099.594
2013,ON,91,9,22.8,23.2,2.5,8.2,9,0,0,0,0,52,199,251,Pidgeon Bay,290988370.2,91099.594
2013,ON,82,8.5,22.1,23.4,2.6,7.9,7.1,0,103,0,29,152,445,728,Pidgeon Bay,290988370.2,91099.594
2013,ON,65,8.3,22.6,22.7,1.8,8.2,8.6,4,0,0,119,234,1621,1978,Pidgeon Bay,290988370.2,91099.594
2013,OH,958,8.8,21.9,23.5,1.1,7.2,NA,0,0,18,0,128,4610,4757,Maumee R.,915615454.3,336325.905
2013,OH,943,8.5,22,23.9,1.5,7.6,NA,0,0,149,0,796,1948,2894,Maumee R.,915615454.3,336325.905
2013,OH,943,7.6,22.1,24.5,1.2,7.2,NA,0,0,6,0,114,279,399,Maumee R.,915615454.3,336325.905
2013,OH,888,7,21.8,26,0.9,4.7,NA,4,0,0,4,23,21641,21672,Maumee R.,915615454.3,336325.905
2013,OH,952,7,22.1,24.9,1.5,7.9,NA,0,0,12,0,186,6436,6634,Maumee R.,915615454.3,336325.905
2013,OH,873,5.8,22,24.1,0.6,8.4,NA,0,0,32,0,66,1667,1765,Maumee R.,915615454.3,336325.905
2013,OH,890,5.6,22,24.8,1.2,7.3,NA,0,128,300,12,22,974,1435,Maumee R.,915615454.3,336325.905
2013,OH,874,4.7,23.1,25.4,1.2,6.9,NA,0,501,23,4,12,7090,7629,Maumee R.,915615454.3,336325.905
2013,OH,954,4.3,21.9,24.7,1.8,6.7,NA,0,34624,2653,0,24,1843,39144,Maumee R.,915615454.3,336325.905
2013,OH,996,10.1,22.2,23.3,1.5,6,NA,0,18,22,0,754,2189,2983,Sandusky R.,252583059.7,199050.171
2013,OH,996,7.3,22.2,22.9,1.2,5.1,NA,0,47,191,0,111,3605,3954,Sandusky R.,252583059.7,199050.171
2013,OH,989,6.4,22.1,23.1,0.9,5.1,NA,64,538,341,4,239,3780,4966,Sandusky R.,252583059.7,199050.171
2013,OH,990,5.2,22.2,22.3,0.9,4.4,NA,27,4318,196,0,50,632,5223,Sandusky R.,252583059.7,199050.171
2013,OH,984,3.2,22.3,23.4,0.9,5,NA,0,3899,1291,27,7,12858,18081,Sandusky R.,252583059.7,199050.171
2013,OH,979,3,23.1,23,0.6,5.4,NA,4,2604,390,0,0,6549,9547,Sandusky R.,252583059.7,199050.171
2013,OH,984,1.2,22.5,22.7,0.6,3.8,NA,4,73132,0,13,0,2520,75670,Sandusky R.,252583059.7,199050.171
2013,ON,98,12.7,22.5,23,1.7,7.4,8,29,79,61,0,298,2793,3259,Central Basin,650277990.9,179233.111
2013,OH,994,12.5,21.4,23.1,1.8,4.4,NA,0,0,6,0,138,775,920,Central Basin,650277990.9,179233.111
2013,OH,992,12.5,21.8,23.1,2.7,4.9,NA,0,161,956,0,199,3791,5107,Central Basin,650277990.9,179233.111
2013,ON,98,12,22.2,23.5,2.6,6.5,6.2,8,8,92,4,188,2670,2969,Central Basin,650277990.9,179233.111
2013,ON,101,12,22.2,22.4,2.7,7.4,8.1,0,0,0,16,406,586,1008,Central Basin,650277990.9,179233.111
2013,OH,987,11.9,21.8,22.9,2.1,5.3,NA,0,0,310,0,582,1045,1937,Central Basin,650277990.9,179233.111
2013,ON,104,11.5,21.3,23.3,2.5,6.8,7.2,11,18,36,7,1280,3693,5045,Central Basin,650277990.9,179233.111
2013,ON,97,11.3,21.3,23,2.3,6.7,7.5,0,75,79,4,82,774,1015,Central Basin,650277990.9,179233.111
2013,ON,77,11.2,22.1,23.2,2.8,6.1,6.6,0,0,0,0,4,7,11,Central Basin,650277990.9,179233.111
2013,ON,63,10.9,22.1,22.5,2.6,7.7,8.3,4,61,1058,0,154,613,1889,Central Basin,650277990.9,179233.111
2013,ON,95,10.8,22.4,23.3,3.3,7.9,8.1,0,0,7,0,315,0,323,Central Basin,650277990.9,179233.111
2013,ON,64,10.5,22.3,23.4,1.9,7,6.9,0,0,0,0,183,76,259,Central Basin,650277990.9,179233.111
2013,ON,87,9.4,22,22.8,3.5,8.1,8.5,0,0,0,4,178,41,223,Central Basin,650277990.9,179233.111
2013,ON,31,10.6,21.8,23.5,2.7,7.2,6.8,0,0,0,0,8,19,27,Detroit R.,1066406006,353171.391
2013,OH,931,9.2,21.6,22.8,2.1,6.1,NA,0,0,0,0,53,1726,1779,Detroit R.,1066406006,353171.391
2013,ON,21,9.1,20.9,23.4,3,7.7,7.1,0,0,0,12,749,1721,2482,Detroit R.,1066406006,353171.391
2013,ON,11,9,21.7,21.8,2,8.8,8.6,0,0,31,65,542,4356,4994,Detroit R.,1066406006,353171.391
2013,OH,918,8.8,21.5,23.1,2.7,7.2,NA,0,0,0,0,275,781,1056,Detroit R.,1066406006,353171.391
2013,ON,20,8.7,21.6,23.4,2.8,7.2,8.9,0,0,4,4,90,43,140,Detroit R.,1066406006,353171.391
2013,OH,911,8.5,21.7,23.4,1.8,7.7,NA,4,0,0,0,326,6238,6567,Detroit R.,1066406006,353171.391
2013,OH,905,8.5,21.8,24,1.5,4.7,NA,0,0,0,0,98,1749,1847,Detroit R.,1066406006,353171.391
2013,OH,8,8.2,21.4,22.8,2.4,6.9,NA,0,0,0,0,1150,4207,5356,Detroit R.,1066406006,353171.391
2013,ON,35,7.7,22,23.5,2.7,7.7,7.8,0,4,0,0,4,23,31,Detroit R.,1066406006,353171.391
2013,OH,896,7.6,21.9,24.1,1.4,7.5,NA,0,9,0,0,182,3373,3564,Detroit R.,1066406006,353171.391
2013,ON,6,7.6,21,21.2,1.8,8.5,8.7,0,0,0,219,1014,599,1832,Detroit R.,1066406006,353171.391
2013,OH,898,7,21.8,25.5,1.2,4.5,NA,0,9,0,0,52,2033,2094,Detroit R.,1066406006,353171.391
2013,OH,886,6.7,21.7,25,0.9,3.4,NA,4,0,0,0,417,600,1021,Detroit R.,1066406006,353171.391
2013,OH,879,6.7,21.6,25.1,0.9,2.7,NA,0,0,0,0,15,148,163,Detroit R.,1066406006,353171.391
2013,ON,10,6.6,22,22.1,2.6,9,8.9,0,0,125,143,179,1448,1897,Detroit R.,1066406006,353171.391
2013,ON,59,11.4,22.7,22.8,2.5,7.5,6.2,4,0,0,41,122,3101,3268,Islands,545194199.1,185163.385
2013,ON,60,11.4,22.1,24,2.5,6,6.8,0,0,0,0,4,427,430,Islands,545194199.1,185163.385
2013,ON,51,11.3,22.2,23.9,2.6,6.9,7.5,0,8,0,0,4,895,907,Islands,545194199.1,185163.385
2013,ON,33,10.6,21.9,21.9,1.9,8.2,8.2,0,0,0,0,26,78,104,Islands,545194199.1,185163.385
2013,ON,44,10.6,22.1,22.1,3,8.2,8.6,0,0,0,4,42,315,361,Islands,545194199.1,185163.385
2013,ON,45,10.4,22,22.1,2.8,8,8.4,0,0,4,0,93,1035,1131,Islands,545194199.1,185163.385
2013,ON,61,10.3,22.3,23.2,2,7.8,7,0,0,0,0,7,47,54,Islands,545194199.1,185163.385
2013,OH,975,9.8,22.1,23.5,1.2,6.7,NA,0,10027,3433,0,282,12516,26257,Islands,545194199.1,185163.385
2013,OH,34,9.5,21.8,22.8,1.2,7.3,NA,0,947,0,0,69,2528,3545,Islands,545194199.1,185163.385
2013,ON,54,9.1,22.2,23.8,1.3,5.9,6.9,0,0,0,0,165,247,412,Islands,545194199.1,185163.385
2013,OH,969,8.8,22.2,23.6,1.2,6.4,NA,0,18,317,0,143,1400,1878,Islands,545194199.1,185163.385
2013,ON,54,8.7,22.2,23.9,1,6.3,6.7,0,46,12,0,327,4448,4833,Islands,545194199.1,185163.385
2013,OH,970,8.2,22.2,22.9,1.8,7.1,NA,0,1020,227,0,126,505,1878,Islands,545194199.1,185163.385
2013,OH,972,5.8,22.4,22.8,1.5,4.7,NA,0,0,0,0,27,453,480,Islands,545194199.1,185163.385
2013,OH,972,3.2,22.2,22.4,1.2,7.2,NA,4,32130,18,32,48,4896,37128,Islands,545194199.1,185163.385
2013,OH,967,2.5,22.3,22.5,0.9,8.3,NA,0,137,0,0,4,3031,3171,Islands,545194199.1,185163.385
2014,ON,67,10.9,22.9,22.9,1.6,8.3,8.2,0,0,8,0,25,1336,1369,Pidgeon Bay,290988370.2,91099.594
2014,ON,42,10.7,22.5,22.6,1.8,10.7,10.9,0,23,910,4,184,2666,3788,Pidgeon Bay,290988370.2,91099.594
2014,ON,66,10.5,22.8,22.9,1.9,8.3,8.2,0,0,126,0,26,2989,3142,Pidgeon Bay,290988370.2,91099.594
2014,ON,92,10.4,22.1,22.7,1.7,9.5,9.9,0,12,327,0,370,3123,3832,Pidgeon Bay,290988370.2,91099.594
2014,ON,75,10.3,22.9,22.9,1.8,8.8,8.6,0,44,52,0,4,1235,1335,Pidgeon Bay,290988370.2,91099.594
2014,ON,49,8.9,22.2,22.2,1.6,10.1,9.7,0,31,21,21,66,4094,4233,Pidgeon Bay,290988370.2,91099.594
2014,ON,91,8.6,22.7,23.2,2.1,8.8,8.9,0,4,0,0,4,20,28,Pidgeon Bay,290988370.2,91099.594
2014,ON,82,8.6,22.8,22.8,1.9,9.3,9.6,0,22,262,4,34,990,1312,Pidgeon Bay,290988370.2,91099.594
2014,ON,65,7.9,22.8,22.6,1.8,7.8,8.1,0,40,4,0,0,729,773,Pidgeon Bay,290988370.2,91099.594
2014,ON,99,4.8,23,23.2,1.9,9.1,9,0,18,4,0,4,1474,1499,Pidgeon Bay,290988370.2,91099.594
2014,OH,958,9.2,22.2,22.5,1.5,9.2,NA,0,0,0,0,107,16270,16377,Maumee R.,915615454.3,336325.905
2014,OH,943,8.5,22.2,22.3,1.5,8.9,NA,0,0,25,0,29,8186,8240,Maumee R.,915615454.3,336325.905
2014,OH,943,7.6,22.2,22.2,0.9,8.9,NA,0,0,0,0,37,372,410,Maumee R.,915615454.3,336325.905
2014,OH,952,7,22.2,22.2,1.2,9.1,NA,0,49,0,4,50,4440,4543,Maumee R.,915615454.3,336325.905
2014,OH,888,7,22.4,22.7,1.8,9,NA,0,216,0,0,71,4665,4951,Maumee R.,915615454.3,336325.905
2014,OH,873,6.1,22.4,22.7,1.2,9,NA,0,0,72,128,12,3576,3788,Maumee R.,915615454.3,336325.905
2014,OH,890,5.9,22.3,22.3,0.6,8.6,NA,0,0,12,8,519,759,1298,Maumee R.,915615454.3,336325.905
2014,OH,654,4.3,22.1,22.1,1.5,8.8,NA,0,274,0,24,12,3539,3849,Maumee R.,915615454.3,336325.905
2014,OH,996,9.8,22.5,23.9,1.5,8.1,NA,0,57,0,0,116,1567,1740,Sandusky R.,252583059.7,199050.171
2014,OH,996,7.3,22.6,23.5,1.5,8.3,NA,0,98,6,0,25,1390,1520,Sandusky R.,252583059.7,199050.171
2014,OH,989,6.7,22.5,23.1,1.5,8.6,NA,0,883,186,0,128,4690,5887,Sandusky R.,252583059.7,199050.171
2014,OH,979,4.1,22.2,22.3,0.6,8.8,NA,0,7805,6,0,0,4044,11856,Sandusky R.,252583059.7,199050.171
2014,OH,990,3.8,22.8,23.2,1.2,8.6,NA,0,8162,0,25,25,6206,14418,Sandusky R.,252583059.7,199050.171
2014,OH,984,3.6,22.6,23.2,1.5,8.3,NA,0,3363,120,8,8,5747,9245,Sandusky R.,252583059.7,199050.171
2014,OH,984,1.7,22.7,23.9,1.2,9.5,NA,0,3529,639,4,12,3692,7876,Sandusky R.,252583059.7,199050.171
2014,OH,992,12.5,22.2,22.8,2.1,7.9,NA,0,29,0,0,108,1684,1821,Central Basin,650277990.9,179233.111
2014,ON,98,12.4,22.9,22.9,2.5,9.6,9.5,0,0,0,0,42,1314,1356,Central Basin,650277990.9,179233.111
2014,OH,994,12.2,22.1,23.2,1.8,7.9,NA,0,0,6,0,194,1710,1910,Central Basin,650277990.9,179233.111
2014,OH,987,11.9,22.4,22.6,2.4,8.5,NA,0,0,0,0,71,2264,2335,Central Basin,650277990.9,179233.111
2014,OH,986,11.9,22.4,22.6,1.8,8.2,NA,0,21,20,0,13,600,655,Central Basin,650277990.9,179233.111
2014,ON,98,11.8,22.2,23,2.2,8.6,9.3,0,0,124,8,2813,956,3901,Central Basin,650277990.9,179233.111
2014,ON,101,11.8,21,23,3.1,8.4,8.1,0,0,0,32,303,127,462,Central Basin,650277990.9,179233.111
2014,ON,97,11.4,22.6,22.6,2.3,9.3,9.4,0,0,0,0,151,100,251,Central Basin,650277990.9,179233.111
2014,ON,104,11.2,21.9,23.1,2,9.6,9.4,0,8,0,0,1038,3008,4054,Central Basin,650277990.9,179233.111
2014,ON,77,11.1,22.4,22.5,2.7,9,9.2,0,0,4,0,4,44,52,Central Basin,650277990.9,179233.111
2014,ON,63,11,23.1,23.2,3.8,7.6,7.7,0,0,0,0,299,8928,9226,Central Basin,650277990.9,179233.111
2014,ON,102,10.7,22.3,23.1,3.4,8.9,9.2,0,0,0,0,108,1018,1125,Central Basin,650277990.9,179233.111
2014,ON,64,10.5,22.2,22.6,2,10.1,10.1,0,0,0,0,123,100,223,Central Basin,650277990.9,179233.111
2014,ON,87,9.4,22.9,23,2.2,9.6,9.7,0,0,0,3,7,645,656,Central Basin,650277990.9,179233.111
2014,ON,31,11.3,21.9,22,2.1,8.7,8.8,0,185,7,7,30,4147,4377,Detroit R.,1066406006,353171.391
2014,OH,931,9.2,22.4,23.4,3.1,8.6,NA,0,0,0,0,12,112,124,Detroit R.,1066406006,353171.391
2014,ON,21,9,21.7,21.8,1.5,7.1,7.4,0,0,0,7,471,5719,6198,Detroit R.,1066406006,353171.391
2014,OH,918,8.8,22,22.9,4,8.3,NA,0,0,0,0,136,4794,4930,Detroit R.,1066406006,353171.391
2014,ON,20,8.7,21.9,22,1.7,9.1,7.4,0,0,0,0,148,1231,1380,Detroit R.,1066406006,353171.391
2014,OH,905,8.5,22,22.8,2.7,8.1,NA,0,0,0,0,196,3754,3950,Detroit R.,1066406006,353171.391
2014,OH,911,8.5,21.8,22.9,3.1,8.7,NA,0,0,0,0,66,5866,5932,Detroit R.,1066406006,353171.391
2014,ON,11,8.5,22.4,22.5,1.1,10.3,10.6,0,72,88,8,1263,7916,9346,Detroit R.,1066406006,353171.391
2014,OH,8,8.2,21.6,23.2,1.8,8.4,NA,0,9,0,8,411,3387,3815,Detroit R.,1066406006,353171.391
2014,OH,896,7.6,21.9,23,2.7,8.4,NA,0,10,0,0,28,815,853,Detroit R.,1066406006,353171.391
2014,ON,6,7.4,22,22,1.3,10,10.3,0,0,4,22,1058,1463,2546,Detroit R.,1066406006,353171.391
2014,ON,35,7.3,22.2,22.2,1.7,9.7,9.6,0,0,311,0,4,0,315,Detroit R.,1066406006,353171.391
2014,OH,898,7,22.2,22.8,3.1,8.5,NA,0,0,0,0,293,448,741,Detroit R.,1066406006,353171.391
2014,OH,879,6.7,22.4,22.8,2.4,9,NA,0,0,0,0,17,17,33,Detroit R.,1066406006,353171.391
2014,OH,886,6.7,22.3,22.7,3.4,8.2,NA,0,57,0,0,95,200,351,Detroit R.,1066406006,353171.391
2014,ON,10,6.3,21.8,21.8,0.9,9.5,9.9,0,4,11,7,11,82,115,Detroit R.,1066406006,353171.391
2014,ON,60,11.3,22.1,22.1,3.4,9.5,9.7,0,8,8,12,0,4552,4579,Islands,545194199.1,185163.385
2014,ON,59,11.2,23,23,2,8.4,7.6,0,0,0,0,19,263,282,Islands,545194199.1,185163.385
2014,ON,51,11.2,22,22.3,2.5,8.7,8.9,0,4,4,724,29,46,807,Islands,545194199.1,185163.385
2014,ON,45,10.4,23,23.2,2.9,7.7,7.7,0,0,0,0,96,4352,4448,Islands,545194199.1,185163.385
2014,ON,45,10.4,22.9,23.3,2.9,7.6,7.5,0,0,0,0,96,7140,7236,Islands,545194199.1,185163.385
2014,ON,33,10.2,22.5,22.6,3.2,10.7,NA,0,15,0,0,7,32865,32888,Islands,545194199.1,185163.385
2014,OH,975,9.8,22.3,22.6,1.5,8.6,NA,0,304,0,0,113,1499,1916,Islands,545194199.1,185163.385
2014,OH,34,9.8,22.1,22.4,1.5,9,NA,0,0,6,4,9,4535,4555,Islands,545194199.1,185163.385
2014,OH,969,9.2,22.3,22.6,3.1,8.6,NA,0,210,0,0,15,1330,1555,Islands,545194199.1,185163.385
2014,ON,54,8.9,22.3,22.5,2.1,10,10.1,0,12,19,0,100,3765,3895,Islands,545194199.1,185163.385
2014,ON,54,8.6,22.3,22.5,1.3,9.6,9.5,0,30,59,19,70,10029,10207,Islands,545194199.1,185163.385
2014,OH,970,8.5,22.3,22.7,1.5,8.9,NA,0,224,0,0,189,1756,2170,Islands,545194199.1,185163.385
2014,OH,972,6.1,22.4,22.6,1.5,9.1,NA,0,20,0,8,87,2999,3114,Islands,545194199.1,185163.385
2014,OH,972,4.3,22.6,22.7,0.9,9.5,NA,0,61,0,22,26,894,1003,Islands,545194199.1,185163.385
2015,ON,67,11.1,23.6,23.7,0.7,8,8.2,0,104,0,33,89,2752,2978,Pidgeon Bay,290988370.2,91099.594
2015,ON,42,10.8,23.5,23.5,2.1,8.7,8.6,0,11,0,18,7,247,283,Pidgeon Bay,290988370.2,91099.594
2015,ON,66,10.7,23.6,23.6,2.3,8.2,8.2,0,8,0,0,58,1368,1433,Pidgeon Bay,290988370.2,91099.594
2015,ON,92,10.5,23.6,24.8,2.7,8.2,8.7,0,7,0,0,15,408,430,Pidgeon Bay,290988370.2,91099.594
2015,ON,75,10.5,22.6,24.7,2.1,5.5,9.5,0,211,16,0,247,458,932,Pidgeon Bay,290988370.2,91099.594
2015,ON,56,8.9,23.5,24.6,1.9,7.6,8.1,4,240,0,11,11,7698,7963,Pidgeon Bay,290988370.2,91099.594
2015,ON,82,8.9,24.4,24.6,1.9,8.6,8.7,0,1804,21,4,12,310,2151,Pidgeon Bay,290988370.2,91099.594
2015,ON,91,8.7,20.8,24.2,2.4,5.7,6.2,0,0,0,0,64,303,367,Pidgeon Bay,290988370.2,91099.594
2015,ON,65,8.3,23.6,23.6,2,8.4,8.4,0,4,0,7,75,1205,1291,Pidgeon Bay,290988370.2,91099.594
2015,ON,99,6.1,23.7,24.2,2.3,11.5,11.3,0,3761,0,0,49,97,3907,Pidgeon Bay,290988370.2,91099.594
2015,OH,958,9.2,24.4,24.4,0.9,8.7,NA,0,186,12,125,204,3107,3634,Maumee R.,915615454.3,336325.905
2015,OH,943,8.8,24.2,24.3,0.9,8.2,NA,0,151,0,440,336,6160,7087,Maumee R.,915615454.3,336325.905
2015,OH,943,7.6,24.3,24.3,0.9,8.5,NA,0,216,0,129,284,2170,2798,Maumee R.,915615454.3,336325.905
2015,OH,888,7.3,21.6,21.7,0.9,8,NA,0,1020,0,0,32,889,1942,Maumee R.,915615454.3,336325.905
2015,OH,952,7,24.7,24.8,0.9,7.9,NA,0,123,0,24,268,1108,1524,Maumee R.,915615454.3,336325.905
2015,OH,890,6.1,21,21.1,0.9,8.7,NA,0,0,0,4,8,1555,1568,Maumee R.,915615454.3,336325.905
2015,OH,873,6.1,21.5,21.6,0.9,8.1,NA,0,0,6,0,121,644,771,Maumee R.,915615454.3,336325.905
2015,OH,874,5.2,21.3,21.3,0.9,8.4,NA,0,0,0,8,54,1577,1640,Maumee R.,915615454.3,336325.905
2015,OH,654,4.6,24.7,24.7,0.9,8.6,NA,0,161,0,16,15,266,457,Maumee R.,915615454.3,336325.905
2015,OH,961,3.1,24.9,25,0.6,7.6,NA,0,3486,0,92,128,1229,4935,Maumee R.,915615454.3,336325.905
2015,OH,996,7.6,23.6,24.4,1.2,4.5,NA,0,49,6,0,870,1371,2296,Sandusky R.,252583059.7,199050.171
2015,OH,989,7,23.8,24.1,1.2,6.4,NA,0,0,0,0,412,317,729,Sandusky R.,252583059.7,199050.171
2015,OH,990,5.2,23.8,24.3,1.2,6.4,NA,0,441,0,4,228,949,1623,Sandusky R.,252583059.7,199050.171
2015,OH,984,4.3,23.8,23.9,1.2,6.8,NA,0,38,6,0,136,982,1161,Sandusky R.,252583059.7,199050.171
2015,OH,979,2.3,25.4,25.4,0.6,7.8,NA,0,9353,0,0,0,6448,15801,Sandusky R.,252583059.7,199050.171
2015,OH,984,1.8,23.7,23.8,0.6,6.5,NA,0,16982,19,12,4,14877,31894,Sandusky R.,252583059.7,199050.171
2015,OH,992,13.1,23.2,24.4,1.8,6.1,NA,0,39,0,8,410,2706,3164,Central Basin,650277990.9,179233.111
2015,ON,98,12.6,21.7,24.1,2.1,8.6,NA,0,8,0,4,50,5709,5771,Central Basin,650277990.9,179233.111
2015,OH,994,12.5,23.5,24.6,1.2,5.3,NA,0,954,0,0,456,4881,6291,Central Basin,650277990.9,179233.111
2015,OH,987,12.2,23.5,24.7,1.5,6.6,NA,0,104,24,0,546,4898,5572,Central Basin,650277990.9,179233.111
2015,ON,90,12.1,21.6,24.9,1.8,5.6,6.1,0,0,0,0,87,686,773,Central Basin,650277990.9,179233.111
2015,ON,101,12.1,20.8,24.8,2.3,4.3,5.2,0,0,0,0,293,538,831,Central Basin,650277990.9,179233.111
2015,OH,986,11.9,23.3,24.2,1.8,7,NA,0,9,0,20,474,2480,2983,Central Basin,650277990.9,179233.111
2015,ON,97,11.5,21.7,24.7,1.6,5.4,7.9,0,4,26,0,78,1309,1417,Central Basin,650277990.9,179233.111
2015,ON,97,11.4,21.9,23.4,1.2,9.5,9.9,0,0,0,0,516,2384,2901,Central Basin,650277990.9,179233.111
2015,ON,77,11.3,23.5,25.3,2.7,6.5,7.5,0,26,0,0,29,113,169,Central Basin,650277990.9,179233.111
2015,ON,63,11,23.8,24.2,2,7.8,8.2,0,0,0,0,65,2155,2220,Central Basin,650277990.9,179233.111
2015,ON,95,10.8,23.4,25.6,2.1,7.2,7.9,0,0,0,0,246,2224,2470,Central Basin,650277990.9,179233.111
2015,ON,64,10.7,23.5,25,1.2,6.8,NA,0,7,26,4,208,760,1005,Central Basin,650277990.9,179233.111
2015,ON,87,9.5,22.2,23.4,1,9.9,9.8,0,4,0,0,3127,3238,6369,Central Basin,650277990.9,179233.111
2015,ON,37,10.8,23.6,24.4,2.8,7.7,8.2,0,15,0,0,19,1020,1053,Detroit R.,1066406006,353171.391
2015,OH,931,9.5,22,22.8,1.8,8.2,NA,0,38,0,12,11,2407,2468,Detroit R.,1066406006,353171.391
2015,OH,918,9.2,22,22.5,1.2,8.3,NA,0,76,0,16,138,2807,3037,Detroit R.,1066406006,353171.391
2015,OH,905,9.2,21.8,22.2,1.5,8.5,NA,0,128,6,4,120,1329,1588,Detroit R.,1066406006,353171.391
2015,ON,21,9.2,23.2,24.6,2.2,8.1,8.5,0,32,4,18,32,4682,4769,Detroit R.,1066406006,353171.391
2015,ON,11,8.9,23,23.1,2.2,9.1,9,0,7,0,52,134,3156,3349,Detroit R.,1066406006,353171.391
2015,OH,911,8.8,21.7,21.9,2.1,8.4,NA,0,123,0,0,59,325,506,Detroit R.,1066406006,353171.391
2015,ON,20,8.8,23.4,24.9,2.4,9.1,7.8,0,20,8,131,56,2817,3032,Detroit R.,1066406006,353171.391
2015,OH,8,8.5,21.3,21.5,2.4,8.7,NA,0,9,0,0,40,110,160,Detroit R.,1066406006,353171.391
2015,OH,896,8.2,21.8,22.2,1.5,8.2,NA,0,0,0,0,73,835,908,Detroit R.,1066406006,353171.391
2015,ON,35,8.1,23.5,24.5,2.1,7.6,7.8,0,0,0,207,269,388,864,Detroit R.,1066406006,353171.391
2015,ON,6,7.4,23.1,23.4,2,8.1,8.9,0,26,0,33,846,734,1639,Detroit R.,1066406006,353171.391
2015,OH,898,7.3,21.9,22,0.9,7.7,NA,0,19,0,4,40,843,905,Detroit R.,1066406006,353171.391
2015,OH,886,7.3,21.7,21.9,0.9,6.9,NA,0,10,0,4,4,263,281,Detroit R.,1066406006,353171.391
2015,OH,879,7,21.7,21.8,1.2,7.4,NA,0,20,0,0,34,1581,1634,Detroit R.,1066406006,353171.391
2015,ON,10,6.4,23.5,23.7,2.1,9.2,9.2,0,0,0,4,12,28,44,Detroit R.,1066406006,353171.391
2015,ON,60,11.4,23.8,24.6,3.4,6.6,7.8,0,4,0,0,0,8961,8965,Islands,545194199.1,185163.385
2015,ON,59,11.4,23.7,24.1,2.1,8.1,8.2,0,0,0,18,11,233,262,Islands,545194199.1,185163.385
2015,ON,51,11.3,23.7,24.5,2.5,7.6,7.2,0,8,4,438,85,2482,3016,Islands,545194199.1,185163.385
2015,ON,45,10.6,23.9,24.3,3.2,7.7,7.7,0,12,0,0,58,9423,9492,Islands,545194199.1,185163.385
2015,ON,33,10.5,23.8,23.9,1.7,8.5,8.4,0,7,14,10,38,4483,4552,Islands,545194199.1,185163.385
2015,ON,45,10.4,23.8,23.8,2.8,8.5,8.4,0,11,0,74,0,1921,2007,Islands,545194199.1,185163.385
2015,ON,61,10.3,24,25.1,2.3,7.3,9.2,0,126,96,0,197,1001,1421,Islands,545194199.1,185163.385
2015,OH,975,10.1,22.3,24.6,1.5,6.3,NA,0,19,484,0,590,2971,4064,Islands,545194199.1,185163.385
2015,OH,34,9.8,22.1,23.2,1.2,8,NA,0,0,0,8,57,2201,2266,Islands,545194199.1,185163.385
2015,OH,969,9.2,23.4,24.5,1.2,5.9,NA,0,0,0,40,192,3506,3738,Islands,545194199.1,185163.385
2015,ON,54,9.2,23.9,24.5,1.5,7,7.1,0,18,50,0,276,674,1018,Islands,545194199.1,185163.385
2015,ON,54,9,23.9,24.6,1.6,6.9,8.4,0,19,0,15,89,3880,4002,Islands,545194199.1,185163.385
2015,OH,970,8.5,24.4,24.8,1.2,8.1,NA,0,9,66,24,435,1337,1871,Islands,545194199.1,185163.385
2015,OH,972,3.7,23.8,24.2,1.2,6.8,NA,0,97,0,30,47,3609,3783,Islands,545194199.1,185163.385
2016,ON,42,10.8,25.9,26.3,0.8,8,8,0,0,0,11,0,70,82,Pidgeon Bay,290988370.2,91099.594
2016,ON,67,10.8,26,26.1,1.6,8.4,8.3,0,72,0,29,65,2901,3065,Pidgeon Bay,290988370.2,91099.594
2016,ON,92,10.3,17.4,24.6,1.7,5.6,6.1,0,0,0,0,7,4,11,Pidgeon Bay,290988370.2,91099.594
2016,ON,66,10.3,26,26,1.8,8.3,8.3,0,165,0,161,79,2409,2815,Pidgeon Bay,290988370.2,91099.594
2016,ON,75,10.2,24.4,26.5,1.7,9.1,9.3,0,52,0,14,21,1756,1842,Pidgeon Bay,290988370.2,91099.594
2016,ON,57,9.1,25.4,25.4,1.5,8.7,8.6,0,0,15,197,70,771,1053,Pidgeon Bay,290988370.2,91099.594
2016,ON,91,8.9,26.4,27.2,2.6,7.9,8,0,305,0,4,22,97,427,Pidgeon Bay,290988370.2,91099.594
2016,ON,82,8.5,24.9,24.8,1.3,8.3,8.3,0,0,0,22,11,817,850,Pidgeon Bay,290988370.2,91099.594
2016,ON,65,8.1,25.8,22.8,1.3,8.2,8.2,0,4,0,19,92,2605,2720,Pidgeon Bay,290988370.2,91099.594
2016,ON,99,5.4,27.2,27.3,1.6,10.4,10.8,0,0,0,18,7,3098,3123,Pidgeon Bay,290988370.2,91099.594
2016,OH,943,8.5,25.3,25.3,1.5,8,NA,0,0,0,0,99,8345,8444,Maumee R.,915615454.3,336325.905
2016,OH,943,7.6,25.3,25.3,1.3,8,NA,0,9,0,16,40,3771,3836,Maumee R.,915615454.3,336325.905
2016,OH,952,7,25.3,25.3,1.2,8,NA,0,0,0,4,11,967,982,Maumee R.,915615454.3,336325.905
2016,OH,888,7,25.1,27.1,1.2,7.4,NA,0,0,0,8,151,1608,1767,Maumee R.,915615454.3,336325.905
2016,OH,873,6.1,24.9,26.2,0.9,7.4,NA,0,69,0,8,108,1741,1926,Maumee R.,915615454.3,336325.905
2016,OH,890,5.8,24.9,26.5,0.9,7.9,NA,0,0,0,4,17,3798,3820,Maumee R.,915615454.3,336325.905
2016,OH,874,4.9,24.7,26.3,1.5,7.8,NA,0,20,0,83,18,456,577,Maumee R.,915615454.3,336325.905
2016,OH,654,4.3,25.1,25.1,1.8,8.1,NA,0,9,0,436,4,6110,6559,Maumee R.,915615454.3,336325.905
2016,OH,961,3.1,25.1,25.1,1.2,8.1,NA,0,9,12,88,104,3032,3245,Maumee R.,915615454.3,336325.905
2016,OH,996,10.1,21.8,23.5,1.2,4.4,NA,0,0,0,0,0,1116,1116,Sandusky R.,252583059.7,199050.171
2016,OH,989,6.7,23,23.8,1.8,6.3,NA,0,108,0,0,0,390,497,Sandusky R.,252583059.7,199050.171
2016,OH,990,4.9,23.1,23.5,1.5,7.2,NA,0,0,0,0,0,439,439,Sandusky R.,252583059.7,199050.171
2016,OH,984,3.4,23.5,23.7,1.8,8.7,NA,0,38,0,0,0,39667,39704,Sandusky R.,252583059.7,199050.171
2016,OH,979,2,23.2,23.2,0.4,7.2,NA,0,595,6,0,0,3548,4149,Sandusky R.,252583059.7,199050.171
2016,OH,984,1.8,23.4,23.6,1.2,9.3,NA,0,27,6,19,8,9827,9887,Sandusky R.,252583059.7,199050.171
2016,OH,992,12.5,24.1,24.1,3.1,8.1,NA,0,0,0,0,12,770,783,Central Basin,650277990.9,179233.111
2016,ON,98,12.5,23.7,26.2,3.8,3.4,6.1,0,0,0,0,31,62,94,Central Basin,650277990.9,179233.111
2016,OH,987,11.9,21.6,23.7,3.7,4.3,NA,0,0,0,0,0,26,26,Central Basin,650277990.9,179233.111
2016,OH,986,11.9,24.1,24.1,2.4,8,NA,0,0,0,0,19,4420,4440,Central Basin,650277990.9,179233.111
2016,ON,90,11.9,24.9,25,2,8.4,8.4,0,0,0,4,18,477,498,Central Basin,650277990.9,179233.111
2016,ON,101,11.7,17,24.6,1.7,4.3,6.1,0,0,0,0,767,222,989,Central Basin,650277990.9,179233.111
2016,ON,97,11.2,24.7,26.2,3,4.7,9.5,0,0,0,0,47,169,215,Central Basin,650277990.9,179233.111
2016,ON,104,11.2,21.8,25.1,2.1,6.6,7.8,0,0,0,0,4,52,56,Central Basin,650277990.9,179233.111
2016,ON,77,11,17.6,25.7,1.5,6.3,6.6,0,0,0,0,40,32,72,Central Basin,650277990.9,179233.111
2016,ON,63,10.9,25.9,26,2.3,7.9,8.3,0,0,0,0,75,656,731,Central Basin,650277990.9,179233.111
2016,ON,95,10.8,19.4,25.1,1.5,3.8,3.6,0,0,0,0,373,54,427,Central Basin,650277990.9,179233.111
2016,ON,64,10.1,24.9,25.4,NA,9,9.3,0,0,0,0,46,123,169,Central Basin,650277990.9,179233.111
2016,ON,87,9.4,26.2,26.5,4.3,8.8,9,0,4,0,0,11,118,133,Central Basin,650277990.9,179233.111
2016,ON,31,11.2,25.3,26,2,8.7,8.6,0,19,4,15,52,1450,1539,Detroit R.,1066406006,353171.391
2016,OH,931,9.5,25.1,25.2,2.7,8.1,NA,0,0,0,0,4,5962,5966,Detroit R.,1066406006,353171.391
2016,ON,21,9,24.7,25.1,1.7,8.7,9.2,0,4,0,4,142,868,1018,Detroit R.,1066406006,353171.391
2016,OH,918,8.8,25.2,25.3,2.4,7.5,NA,0,9,0,19,46,1839,1913,Detroit R.,1066406006,353171.391
2016,ON,11,8.7,25.3,25.5,1.7,8.2,8.2,0,10,0,57,3674,1499,5240,Detroit R.,1066406006,353171.391
2016,OH,905,8.5,25.2,25.4,2.4,7.5,NA,0,0,0,32,151,711,894,Detroit R.,1066406006,353171.391
2016,OH,911,8.5,25.3,25.4,1.5,7.5,NA,0,0,0,12,41,1713,1766,Detroit R.,1066406006,353171.391
2016,ON,20,8.5,24.9,25,1.3,8.7,8.8,0,4,0,47,280,1276,1606,Detroit R.,1066406006,353171.391
2016,OH,8,8.2,24.8,25,1.8,7.8,NA,0,0,0,0,513,2884,3397,Detroit R.,1066406006,353171.391
2016,OH,896,7.6,25.9,26.1,1.8,7.5,NA,0,0,0,28,19,1306,1354,Detroit R.,1066406006,353171.391
2016,ON,35,7.5,25,25,1.6,8.9,8.9,0,0,0,16,26,75,117,Detroit R.,1066406006,353171.391
2016,ON,6,7.4,24.9,25.8,2.1,8.2,8.4,0,0,0,0,121,56,177,Detroit R.,1066406006,353171.391
2016,OH,898,7,25,26.4,1.2,7.9,NA,0,0,0,24,222,1003,1249,Detroit R.,1066406006,353171.391
2016,OH,886,7,25,26.5,1.2,7.8,NA,0,0,0,36,28,754,818,Detroit R.,1066406006,353171.391
2016,OH,879,6.7,25,27,0.9,7.1,NA,0,9,0,56,104,2803,2972,Detroit R.,1066406006,353171.391
2016,ON,9,6.2,25,25.7,1.9,8.5,8.4,0,0,0,4,33,41,78,Detroit R.,1066406006,353171.391
2016,ON,60,11.2,25.4,25.5,1.6,8,8.4,0,3,0,0,40,719,763,Islands,545194199.1,185163.385
2016,ON,59,11.2,26.1,26.1,1.7,8.2,8.1,0,0,4,21,29,1340,1394,Islands,545194199.1,185163.385
2016,ON,51,11.1,25.4,26.1,2,8.8,8.9,0,0,0,70,339,8755,9164,Islands,545194199.1,185163.385
2016,ON,45,10.5,26.1,26.4,1.6,8.1,8.1,0,4,0,16,52,3976,4047,Islands,545194199.1,185163.385
2016,ON,33,10.3,25.9,26.1,2.1,8.5,8.4,0,0,0,33,46,14837,14915,Islands,545194199.1,185163.385
2016,ON,45,10.2,25.9,26.1,1.7,8.3,8.3,0,4,0,19,100,5256,5378,Islands,545194199.1,185163.385
2016,ON,61,10,25.3,25.8,1.3,8.5,8.8,0,19,4,0,52,2641,2715,Islands,545194199.1,185163.385
2016,OH,975,9.8,25.1,25.2,2,7.2,NA,0,179,0,0,73,3059,3312,Islands,545194199.1,185163.385
2016,OH,969,9.2,25.1,25.1,2.1,7.1,NA,0,0,0,4,138,1270,1412,Islands,545194199.1,185163.385
2016,ON,54,9,25.2,25.3,2.1,8.3,7.7,0,4,0,7,323,2599,2933,Islands,545194199.1,185163.385
2016,ON,54,8.6,25.2,25.4,1.7,8.2,8.3,0,1245,0,0,54,4491,5789,Islands,545194199.1,185163.385
2016,OH,970,8.5,25.1,25.2,2.5,7.4,NA,0,0,0,4,35,1352,1392,Islands,545194199.1,185163.385
2016,OH,972,6.1,24.9,24.9,2.1,6.8,NA,0,0,0,0,17,76,93,Islands,545194199.1,185163.385
2016,OH,972,3.5,25,25.2,0.9,7.8,NA,0,19,0,28,16,3326,3388,Islands,545194199.1,185163.385
2016,OH,967,3.1,25,25.2,1.5,7.6,NA,0,128,0,179,4,8584,8894,Islands,545194199.1,185163.385
2017,ON,42,11.1,23.5,23.9,2.2,8.7,8,0,18,0,154,29,6145,6346,Pidgeon Bay,290988370.2,91099.594
2017,ON,67,11.1,19.4,23.7,2.5,2.8,3.3,0,0,0,0,199,88,287,Pidgeon Bay,290988370.2,91099.594
2017,ON,92,10.6,15.7,23.6,1.2,3.5,5.3,0,0,0,0,170,24,194,Pidgeon Bay,290988370.2,91099.594
2017,ON,66,10.6,21.3,23.7,2.9,4.8,4.1,0,0,0,0,50,25,75,Pidgeon Bay,290988370.2,91099.594
2017,ON,75,10.5,18.2,24.4,3,3.2,7.2,0,0,0,0,8,12,20,Pidgeon Bay,290988370.2,91099.594
2017,ON,49,9.3,23.5,24.1,3.1,8.1,8.2,0,4,0,123,327,1900,2354,Pidgeon Bay,290988370.2,91099.594
2017,ON,91,9.1,17.8,24.5,2,2.7,4.2,0,0,0,39,215,283,538,Pidgeon Bay,290988370.2,91099.594
2017,ON,82,8.9,19.6,23.8,1.2,4.1,4.3,0,7,0,11,100,2196,2314,Pidgeon Bay,290988370.2,91099.594
2017,ON,65,8.1,23.5,24.1,1.5,8,8.1,4,1625,100,68,219,13589,15604,Pidgeon Bay,290988370.2,91099.594
2017,ON,99,5.2,23.8,25,2,9.3,9.8,4,1521,0,15,0,1424,2963,Pidgeon Bay,290988370.2,91099.594
2017,OH,958,9.2,23.8,24,2.4,8.3,NA,0,198,0,4,39,10187,10429,Maumee R.,915615454.3,336325.905
2017,OH,943,8.8,23.8,24.1,2.1,8,NA,0,301,0,4,36,4874,5215,Maumee R.,915615454.3,336325.905
2017,OH,943,7.9,23.7,24,2.1,8.1,NA,0,36,0,0,38,9304,9378,Maumee R.,915615454.3,336325.905
2017,OH,888,7.6,23.6,23.8,2.1,8.5,NA,0,9,0,19,118,1649,1795,Maumee R.,915615454.3,336325.905
2017,OH,952,7.3,23.9,24,1.5,8.3,NA,0,383,0,4,23,2367,2777,Maumee R.,915615454.3,336325.905
2017,OH,890,6.1,23.7,24.4,1.5,8.8,NA,0,19,0,16,46,2977,3058,Maumee R.,915615454.3,336325.905
2017,OH,873,6.1,23.7,23.8,2.4,8.3,NA,0,255,0,0,835,41202,42293,Maumee R.,915615454.3,336325.905
2017,OH,874,5.2,23.7,24.5,3.1,8.9,NA,0,0,0,4,0,832,836,Maumee R.,915615454.3,336325.905
2017,OH,961,4.9,23.3,23.5,1.5,7.2,NA,0,73,0,42,41,26769,26926,Maumee R.,915615454.3,336325.905
2017,OH,654,4.6,23.3,24.2,1.5,6.7,NA,0,0,0,23,15,1704,1742,Maumee R.,915615454.3,336325.905
2017,OH,996,10.1,22,23.9,3.1,5.5,NA,0,0,0,0,0,236,236,Sandusky R.,252583059.7,199050.171
2017,OH,996,7.6,22.9,23.1,2.4,6.9,NA,0,2961,0,0,4,10804,13768,Sandusky R.,252583059.7,199050.171
2017,OH,989,6.7,21.9,21.9,1.5,4.3,NA,4,106,0,0,7,1368,1485,Sandusky R.,252583059.7,199050.171
2017,OH,990,4.6,21.6,21.7,1.5,3.6,NA,0,1476,0,0,4,5277,6757,Sandusky R.,252583059.7,199050.171
2017,OH,984,3.7,22.2,22.6,1.5,4.8,NA,0,282,0,0,25,9022,9329,Sandusky R.,252583059.7,199050.171
2017,OH,979,2.1,23.8,23.8,0.6,7.8,NA,0,3501,0,7,335,2835,6678,Sandusky R.,252583059.7,199050.171
2017,OH,984,1.5,21.9,21.8,1.2,5,NA,0,1020,0,0,42,16869,17931,Sandusky R.,252583059.7,199050.171
2017,OH,992,12.8,22.5,23.4,2.1,3.6,NA,0,219,0,4,224,3387,3833,Central Basin,650277990.9,179233.111
2017,ON,98,12.4,22.7,23.6,2.3,6,6.3,0,18,4,0,86,2409,2517,Central Basin,650277990.9,179233.111
2017,OH,987,12.2,21.8,23.3,2.1,3,NA,0,0,0,0,4,4,8,Central Basin,650277990.9,179233.111
2017,OH,986,12.2,23.2,23.5,1.5,6.6,NA,0,0,0,12,301,2753,3066,Central Basin,650277990.9,179233.111
2017,ON,101,12.2,19.7,22,1.5,6.7,6.7,0,0,0,0,1990,610,2599,Central Basin,650277990.9,179233.111
2017,ON,98,12.1,23.4,23.6,2,7.8,8,0,15,0,0,2547,5036,7598,Central Basin,650277990.9,179233.111
2017,ON,97,11.7,23.3,23.5,1.5,8.1,8.3,0,0,0,4,519,2355,2877,Central Basin,650277990.9,179233.111
2017,ON,97,11.5,22.9,23.7,2.1,6.7,5.9,4,46,0,138,1279,2912,4379,Central Basin,650277990.9,179233.111
2017,ON,77,11.5,20.3,22.7,2,6,6.1,0,0,0,0,94,760,854,Central Basin,650277990.9,179233.111
2017,ON,63,10.9,23.4,23.8,2.3,7.2,7.5,0,0,0,18,165,889,1072,Central Basin,650277990.9,179233.111
2017,ON,102,10.9,23.5,23.6,2,8.1,8.2,0,4,0,46,434,480,964,Central Basin,650277990.9,179233.111
2017,ON,64,10.8,23.5,23.7,1.3,6.3,7.8,0,0,0,0,1354,327,1681,Central Basin,650277990.9,179233.111
2017,ON,87,9.4,23.2,23.9,3.1,7.5,7.9,4,0,0,2081,297,2040,4421,Central Basin,650277990.9,179233.111
2017,ON,37,11.1,23.6,24.3,2.5,7.6,7.8,0,0,0,76,450,2824,3350,Detroit R.,1066406006,353171.391
2017,OH,931,9.5,23.7,23.7,2.4,8.6,NA,0,0,0,4,141,5233,5378,Detroit R.,1066406006,353171.391
2017,OH,918,9.2,23.4,23.5,1.8,9.3,NA,0,0,0,4,394,5070,5468,Detroit R.,1066406006,353171.391
2017,ON,21,9.2,23.4,24.1,2.7,7.5,7.6,0,4,0,30,159,3601,3794,Detroit R.,1066406006,353171.391
2017,ON,11,9,23.2,23.6,1.7,8.8,9.1,0,0,0,342,933,1175,2451,Detroit R.,1066406006,353171.391
2017,ON,20,8.9,23.6,24.2,2.5,7.2,7.8,0,207,0,0,20,5976,6203,Detroit R.,1066406006,353171.391
2017,OH,905,8.8,23.6,23.6,1.5,9.4,NA,0,0,0,0,339,1870,2210,Detroit R.,1066406006,353171.391
2017,OH,911,8.8,23.5,23.5,1.8,9.1,NA,0,0,69,8,403,1258,1738,Detroit R.,1066406006,353171.391
2017,OH,8,8.5,23.4,23.4,2.4,8.9,NA,0,0,0,15,195,1303,1513,Detroit R.,1066406006,353171.391
2017,OH,896,7.9,23.8,23.8,2.4,8.9,NA,0,0,0,4,106,6217,6326,Detroit R.,1066406006,353171.391
2017,ON,35,7.9,23.7,24.4,2.2,8,8,0,20,0,16,48,52,135,Detroit R.,1066406006,353171.391
2017,ON,6,7.6,23.3,23.8,1.5,9.3,9.5,0,0,0,132,229,66,427,Detroit R.,1066406006,353171.391
2017,OH,898,7.3,23.7,23.8,1.5,9.1,NA,0,0,0,0,30,187,217,Detroit R.,1066406006,353171.391
2017,OH,886,7.3,23.7,23.8,0.3,9.9,NA,0,0,0,4,83,683,770,Detroit R.,1066406006,353171.391
2017,OH,879,7,23.6,23.7,1.5,9,NA,0,0,6,4,162,4201,4373,Detroit R.,1066406006,353171.391
2017,ON,9,6.6,23.7,24.3,1.9,9.3,9.5,0,0,12,4,4,4,23,Detroit R.,1066406006,353171.391
2017,ON,60,11.4,23.8,23.8,1.5,8.2,8.1,0,0,56,52,36,2801,2944,Islands,545194199.1,185163.385
2017,ON,59,11.4,23.7,23.8,2.1,8.3,8.4,0,59,0,234,249,8401,8942,Islands,545194199.1,185163.385
2017,ON,51,11.4,23.6,24.6,2.7,7.5,7.5,0,156,0,125,444,1780,2505,Islands,545194199.1,185163.385
2017,ON,45,10.7,23.8,24.1,2.5,8,8.3,0,0,0,44,96,5211,5350,Islands,545194199.1,185163.385
2017,ON,33,10.5,23.6,23.8,2.3,8.4,8.7,0,4,0,74,273,5328,5680,Islands,545194199.1,185163.385
2017,ON,45,10.5,23.7,23.9,2,7.7,8.2,0,238,0,100,96,3269,3703,Islands,545194199.1,185163.385
2017,ON,61,10.2,24,24,1.5,8.2,7.5,0,0,0,7,148,3765,3920,Islands,545194199.1,185163.385
2017,OH,975,10.1,23.2,24.2,1.5,5.9,NA,0,9,0,0,62,331,402,Islands,545194199.1,185163.385
2017,OH,34,9.8,23.8,23.8,2.4,8.6,NA,0,36,0,0,23,3688,3748,Islands,545194199.1,185163.385
2017,ON,54,9.5,23.5,23.7,2,8.4,8.2,0,0,0,0,223,953,1175,Islands,545194199.1,185163.385
2017,OH,969,9.2,23.7,24.1,1.8,7.3,NA,0,0,0,4,10,1871,1885,Islands,545194199.1,185163.385
2017,OH,970,8.8,23.6,24.5,1.5,6.4,NA,0,19,0,0,74,1254,1347,Islands,545194199.1,185163.385
2017,ON,54,8.6,23.6,23.6,1.5,8.6,8,0,54,0,0,2278,8321,10652,Islands,545194199.1,185163.385
2017,OH,972,6.1,23.8,23.9,1.5,5.6,NA,0,38,0,0,100,1818,1956,Islands,545194199.1,185163.385
2017,OH,972,4,23.9,23.9,1.2,9.5,NA,0,38,0,4,4,4267,4313,Islands,545194199.1,185163.385
2017,OH,967,4,24,24,1.2,9.4,NA,0,17610,6,4,76,3918,21613,Islands,545194199.1,185163.385
2018,ON,59,11.6,24.8,25.4,2.5,6.7,6.7,0,212,0,0,620,6518,7350,Pidgeon Bay,290988370.2,91099.594
2018,ON,67,11.3,24.9,25.4,3,6.8,7.1,0,4,0,4,1317,8968,10292,Pidgeon Bay,290988370.2,91099.594
2018,ON,42,11.1,24.8,25.8,2.5,7.4,5.9,0,136,0,25,1563,19461,21186,Pidgeon Bay,290988370.2,91099.594
2018,ON,66,10.8,24.9,25.3,2.5,6.5,6.7,0,232,0,3,1107,15617,16960,Pidgeon Bay,290988370.2,91099.594
2018,ON,92,10.7,16.9,24.8,2,4.1,3.7,0,11,0,0,4,37,52,Pidgeon Bay,290988370.2,91099.594
2018,ON,75,10.6,24.9,25.2,2,6.5,6.9,0,27,0,3,0,4477,4507,Pidgeon Bay,290988370.2,91099.594
2018,ON,83,9.4,25,25,1.5,8.3,8.1,0,0,364,0,90,10860,11315,Pidgeon Bay,290988370.2,91099.594
2018,ON,56,9.2,24.7,24.7,1.5,8.1,8.1,0,0,0,116,777,7932,8824,Pidgeon Bay,290988370.2,91099.594
2018,ON,65,8.1,24.8,25.2,1.5,5.4,6,0,43,11,72,896,16615,17636,Pidgeon Bay,290988370.2,91099.594
2018,ON,99,6.2,24.6,25.8,2.5,6.9,8,0,33,0,0,7,4955,4996,Pidgeon Bay,290988370.2,91099.594
2018,OH,958,9.2,24,24.1,0.9,7.5,NA,0,0,0,0,134,2679,2813,Maumee R.,915615454.3,336325.905
2018,OH,943,8.8,23.6,23.9,0.9,6.6,NA,0,27,75,8,103,2297,2510,Maumee R.,915615454.3,336325.905
2018,OH,943,7.9,23.7,24,1.2,6.9,NA,0,73,0,0,70,1418,1561,Maumee R.,915615454.3,336325.905
2018,OH,952,7.3,23.5,24.1,1.5,7.3,NA,0,73,0,0,5,1796,1874,Maumee R.,915615454.3,336325.905
2018,OH,888,7.3,23.9,24.7,1.2,8.1,NA,0,9,0,0,248,1349,1607,Maumee R.,915615454.3,336325.905
2018,OH,890,6.1,23.7,24.9,1.2,8.4,NA,0,0,0,19,168,2149,2335,Maumee R.,915615454.3,336325.905
2018,OH,873,6.1,23.8,24.9,1.8,8.4,NA,0,0,0,4,12,1222,1238,Maumee R.,915615454.3,336325.905
2018,OH,874,5.4,23.8,25,1.8,8.2,NA,0,0,0,42,48,1889,1979,Maumee R.,915615454.3,336325.905
2018,OH,954,4.6,23.7,24.2,0.9,7.5,NA,0,36,0,50,4,5292,5383,Maumee R.,915615454.3,336325.905
2018,OH,996,10.1,23.6,23.6,1.2,8.1,NA,0,18,0,0,4,1956,1978,Sandusky R.,252583059.7,199050.171
2018,OH,996,7.6,23.7,23.6,0.9,8.6,NA,0,18,0,0,0,229,247,Sandusky R.,252583059.7,199050.171
2018,OH,989,7,23.5,23.4,0.7,8.5,NA,0,55,0,0,16,1692,1763,Sandusky R.,252583059.7,199050.171
2018,OH,990,5.2,23.5,23.5,1,8.4,NA,0,64,0,0,4,3230,3298,Sandusky R.,252583059.7,199050.171
2018,OH,979,2.4,23,23,0.3,8.1,NA,0,1166,63,8,29,4866,6132,Sandusky R.,252583059.7,199050.171
2018,OH,984,2.4,23.2,23.2,0.9,8.9,NA,0,619,0,4,39,15941,16602,Sandusky R.,252583059.7,199050.171
2018,OH,984,1.2,22.9,22.9,1.8,9.4,NA,0,2656,0,37,0,10905,13599,Sandusky R.,252583059.7,199050.171
2018,ON,90,17.2,24.8,24.9,2,8.1,8.1,0,0,0,0,24,4055,4079,Central Basin,650277990.9,179233.111
2018,OH,994,13.5,23.6,23.6,1.8,7.7,NA,0,0,0,0,0,1163,1163,Central Basin,650277990.9,179233.111
2018,ON,98,12.7,24.2,24.5,2.5,8.4,8.5,0,0,0,0,22,3514,3535,Central Basin,650277990.9,179233.111
2018,OH,987,12.5,23.8,23.8,2,7.7,NA,0,9,0,0,53,3240,3302,Central Basin,650277990.9,179233.111
2018,OH,992,12.5,23.9,24,2.1,7.9,NA,0,9,0,0,19,2437,2465,Central Basin,650277990.9,179233.111
2018,ON,101,12.4,19.8,24.9,1.5,4.3,4.8,0,0,0,0,23,1790,1813,Central Basin,650277990.9,179233.111
2018,OH,986,12.2,23.9,24.1,1.5,7.7,NA,0,9,0,0,84,1730,1823,Central Basin,650277990.9,179233.111
2018,ON,97,11.8,24.8,24.9,2,8.2,8.4,0,0,0,0,7,2474,2481,Central Basin,650277990.9,179233.111
2018,ON,97,11.6,24.2,24.4,2,8.5,8.6,0,0,0,0,19,3039,3058,Central Basin,650277990.9,179233.111
2018,ON,77,11.5,24.9,25.4,1.2,7.8,7.7,0,7,3,0,1180,1607,2797,Central Basin,650277990.9,179233.111
2018,ON,63,11.2,24.7,25.7,1.5,6.6,6.8,0,3,0,0,142,4788,4934,Central Basin,650277990.9,179233.111
2018,ON,64,11,24.9,25.2,1.7,7.8,7.2,0,0,32,0,48,1020,1100,Central Basin,650277990.9,179233.111
2018,ON,102,11,21.5,24.8,1.5,5.8,6.8,0,0,0,0,4,618,622,Central Basin,650277990.9,179233.111
2018,ON,95,9.9,24.8,25.8,1.5,6.3,8,0,3,0,0,397,4884,5284,Central Basin,650277990.9,179233.111
2018,ON,31,11.2,24.5,24.4,1.5,8.5,8.2,0,24,0,0,522,2797,3342,Detroit R.,1066406006,353171.391
2018,OH,931,9.5,24,24,1.8,7.9,NA,0,0,0,16,431,2323,2770,Detroit R.,1066406006,353171.391
2018,ON,11,9.3,24.5,25.6,2,6.5,7.6,0,0,0,28,4146,3404,7578,Detroit R.,1066406006,353171.391
2018,ON,21,9.3,24.4,24.4,2,8.5,8.4,0,0,0,50,499,4041,4591,Detroit R.,1066406006,353171.391
2018,OH,918,9.2,23.9,23.9,2.7,8,NA,0,9,0,8,146,7797,7960,Detroit R.,1066406006,353171.391
2018,OH,905,8.8,23.7,23.8,2.4,8.2,NA,0,9,0,0,15,1392,1417,Detroit R.,1066406006,353171.391
2018,OH,911,8.8,23.8,23.7,2.7,8.1,NA,0,0,0,4,323,4688,5015,Detroit R.,1066406006,353171.391
2018,ON,20,8.7,24.4,24.4,1.8,8.4,8,0,0,0,3,6,76,85,Detroit R.,1066406006,353171.391
2018,OH,8,8.5,23.8,23.8,1.8,8.1,NA,0,0,242,23,536,2546,3347,Detroit R.,1066406006,353171.391
2018,ON,35,7.8,24.8,24.8,2,8.1,8,0,0,0,38,19,246,303,Detroit R.,1066406006,353171.391
2018,ON,6,7.7,25.3,25.7,NA,9.1,9.2,0,4,0,0,8121,1549,9673,Detroit R.,1066406006,353171.391
2018,OH,896,7.6,23.7,23.8,3.4,8,NA,0,0,0,0,21,2966,2988,Detroit R.,1066406006,353171.391
2018,OH,898,7.3,24.1,24.5,1.8,7.9,NA,0,0,189,0,5,1179,1373,Detroit R.,1066406006,353171.391
2018,OH,886,7.3,24,24.3,2.1,8,NA,0,0,0,0,16,1089,1105,Detroit R.,1066406006,353171.391
2018,OH,879,7,24.1,24.6,1.5,7.9,NA,0,0,0,0,28,1667,1695,Detroit R.,1066406006,353171.391
2018,ON,10,6.7,24.8,25.7,2,7.8,6,0,7,0,0,33,78,119,Detroit R.,1066406006,353171.391
2018,ON,60,11.5,24.2,24.3,1.5,7.3,8.4,0,0,0,0,306,1233,1539,Islands,545194199.1,185163.385
2018,ON,51,11.5,24.2,24.2,3,8.4,8.5,0,0,0,43,240,1760,2044,Islands,545194199.1,185163.385
2018,ON,45,10.7,24.7,25.5,2.5,6.9,6.8,0,57,0,0,373,6339,6769,Islands,545194199.1,185163.385
2018,ON,44,10.7,24.6,25.4,2.5,5.5,6.5,0,200,0,0,338,10504,11042,Islands,545194199.1,185163.385
2018,ON,33,10.6,24.4,25.3,2.5,6.1,6.2,0,65,0,0,602,12897,13563,Islands,545194199.1,185163.385
2018,OH,969,10.4,23.7,24,1.2,7.3,NA,0,9,0,0,53,2303,2365,Islands,545194199.1,185163.385
2018,ON,61,10.4,25,25,1.3,8.3,8.2,0,4,0,0,471,3182,3657,Islands,545194199.1,185163.385
2018,OH,975,10.1,23.7,23.9,1.2,7.6,NA,0,9,0,0,28,2469,2506,Islands,545194199.1,185163.385
2018,OH,34,9.8,24,24,1.2,7.8,NA,0,0,6,12,159,1237,1414,Islands,545194199.1,185163.385
2018,ON,54,9.1,25,25.3,2,8,8.4,0,143,0,0,516,3901,4561,Islands,545194199.1,185163.385
2018,ON,54,9,24.9,25.4,1,8,8.3,0,0,0,0,360,2047,2407,Islands,545194199.1,185163.385
2018,OH,970,8.8,23.6,23.8,1.2,6.8,NA,0,0,0,4,14,1065,1083,Islands,545194199.1,185163.385
2018,OH,972,6.4,23.6,24.1,1.5,7.1,NA,0,0,0,0,0,1301,1301,Islands,545194199.1,185163.385
2018,OH,972,3.7,23.3,24.6,1.2,5.9,NA,0,711,0,12,81,14780,15583,Islands,545194199.1,185163.385
2018,OH,967,3.1,23.3,24.5,0.9,6.9,NA,0,906,56,108,29,11801,12899,Islands,545194199.1,185163.385
2019,ON,67,11.7,23,23,2.3,8.4,8.4,0,4,0,0,28,363,394,Pidgeon Bay,290988370.2,91099.594
2019,ON,42,11.6,22.9,23,2.5,8.4,8.3,0,4,0,0,112,1071,1187,Pidgeon Bay,290988370.2,91099.594
2019,ON,66,11.5,23,23,2.2,8.4,8.3,0,4,0,4,21,571,600,Pidgeon Bay,290988370.2,91099.594
2019,ON,75,11.1,23,23.1,1.9,8.4,8.4,0,30,0,0,7,171,208,Pidgeon Bay,290988370.2,91099.594
2019,ON,56,9.7,23,23,2,8.3,8.3,0,0,0,9,26,370,404,Pidgeon Bay,290988370.2,91099.594
2019,ON,65,9.6,23,23,1.9,8.4,8.4,0,12,0,96,171,534,813,Pidgeon Bay,290988370.2,91099.594
2019,ON,82,9.5,23.2,25,NA,5.5,6.5,0,187,0,4,52,829,1072,Pidgeon Bay,290988370.2,91099.594
2019,ON,91,8.5,24.3,24.3,1.7,9.1,8.4,0,0,0,0,36,908,944,Pidgeon Bay,290988370.2,91099.594
2019,ON,99,7.8,24,24,1.8,8.6,8.8,0,0,0,0,0,3824,3824,Pidgeon Bay,290988370.2,91099.594
2019,OH,958,10.5,24.1,24.2,1.2,8.1,NA,0,0,0,0,39,2122,2161,Maumee R.,915615454.3,336325.905
2019,OH,943,10.3,24,24.2,0.9,8.3,NA,0,0,12,0,150,2835,2996,Maumee R.,915615454.3,336325.905
2019,OH,943,9.3,24.1,24.2,0.9,8.1,NA,0,0,0,4,72,3455,3531,Maumee R.,915615454.3,336325.905
2019,OH,952,9,24.3,24.9,1.2,8.5,NA,0,0,0,0,49,1974,2023,Maumee R.,915615454.3,336325.905
2019,OH,888,8.8,23.9,25.4,1.2,7,NA,0,0,0,0,16,1437,1453,Maumee R.,915615454.3,336325.905
2019,OH,873,7.8,23.8,26.1,0.9,7.1,NA,0,0,6,0,102,888,996,Maumee R.,915615454.3,336325.905
2019,OH,890,7.4,23.9,26.3,0.6,7.2,NA,0,0,0,7,95,876,979,Maumee R.,915615454.3,336325.905
2019,OH,874,6.4,23.8,26.4,0.6,7.2,NA,0,0,0,26,131,1742,1899,Maumee R.,915615454.3,336325.905
2019,OH,954,6,24.6,25.1,0.6,8,NA,0,0,0,54,39,1668,1762,Maumee R.,915615454.3,336325.905
2019,OH,996,8.9,23.8,24.7,1.5,3.8,NA,0,0,0,0,11,1941,1952,Sandusky R.,252583059.7,199050.171
2019,OH,989,7.9,24.1,24.2,1.5,6.1,NA,0,9,0,0,96,3883,3989,Sandusky R.,252583059.7,199050.171
2019,OH,990,5,24.1,24.1,2.1,5.8,NA,0,47,0,4,24,1380,1455,Sandusky R.,252583059.7,199050.171
2019,OH,984,4.5,24,24.1,2.4,6.3,NA,0,378,0,4,41,4145,4568,Sandusky R.,252583059.7,199050.171
2019,OH,979,3.7,25.2,25.2,0.6,7,NA,0,337,0,4,35,6960,7336,Sandusky R.,252583059.7,199050.171
2019,OH,984,2.4,24.3,24.2,1.2,6.4,NA,0,211,0,0,179,10579,10969,Sandusky R.,252583059.7,199050.171
2019,ON,101,12.9,16.5,23.8,NA,2.6,3.3,0,0,0,0,4,163,167,Central Basin,650277990.9,179233.111
2019,ON,95,11.8,21.1,24.9,NA,5.4,5.3,0,0,0,0,385,691,1076,Central Basin,650277990.9,179233.111
2019,ON,63,11.5,24.3,24.5,1.9,7.4,7.6,0,0,0,0,68,2370,2438,Central Basin,650277990.9,179233.111
2019,ON,31,12,24.4,25.8,NA,7.3,7.5,0,0,0,9,493,1725,2227,Detroit R.,1066406006,353171.391
2019,OH,931,10.7,23.9,24.4,2.1,7.7,NA,0,9,0,0,185,2457,2651,Detroit R.,1066406006,353171.391
2019,OH,918,10.5,23.8,24.3,2.4,7.3,NA,0,0,0,0,535,1505,2040,Detroit R.,1066406006,353171.391
2019,OH,905,10,23.9,24.8,2.1,7.1,NA,0,0,0,0,163,4581,4744,Detroit R.,1066406006,353171.391
2019,OH,911,10,23.7,24.8,2.1,7.5,NA,0,9,0,0,26,4466,4501,Detroit R.,1066406006,353171.391
2019,ON,21,9.9,24,24.9,NA,7.3,8.4,0,0,0,0,283,4701,4984,Detroit R.,1066406006,353171.391
2019,OH,8,9.7,23.8,24.9,1.8,7.4,NA,0,9,0,4,122,1397,1532,Detroit R.,1066406006,353171.391
2019,ON,11,9.5,23.8,24.4,2.1,8.1,8.2,0,0,0,0,176,2379,2556,Detroit R.,1066406006,353171.391
2019,ON,20,9.5,24.1,25.2,NA,7,7.3,0,4,0,0,168,2285,2457,Detroit R.,1066406006,353171.391
2019,OH,896,9.3,24.1,25.1,0.9,5.9,NA,0,0,0,0,23,1736,1759,Detroit R.,1066406006,353171.391
2019,OH,898,8.8,23.9,25.3,1.2,7,NA,0,0,0,0,30,2180,2210,Detroit R.,1066406006,353171.391
2019,OH,886,8.5,24,25.1,0.9,6.4,NA,0,0,0,0,52,777,828,Detroit R.,1066406006,353171.391
2019,ON,6,8.4,24.1,24.9,1.9,8.4,8.2,0,4,0,0,310,794,1109,Detroit R.,1066406006,353171.391
2019,ON,35,8.3,24,24.8,NA,6.3,7.9,0,0,0,11,34,617,662,Detroit R.,1066406006,353171.391
2019,OH,879,8.2,23.9,25.3,0.9,6.4,NA,0,0,0,0,89,3525,3614,Detroit R.,1066406006,353171.391
2019,ON,10,7.3,23.9,24.7,2.2,8.3,8.3,0,0,0,4,131,1279,1414,Detroit R.,1066406006,353171.391
2019,ON,59,12.1,24.4,24.6,1.9,7.1,7.5,0,12,12,0,267,8214,8505,Islands,545194199.1,185163.385
2019,ON,51,12.1,24.6,26,NA,6.9,6.9,0,0,0,0,146,1175,1321,Islands,545194199.1,185163.385
2019,OH,975,11.4,21.4,24,1.5,2.7,NA,0,0,0,0,4,128,132,Islands,545194199.1,185163.385
2019,ON,33,11.3,24.5,24.7,1.9,8,8,0,0,4,0,72,1374,1450,Islands,545194199.1,185163.385
2019,ON,45,11.3,24.8,24.8,1.8,7.5,7.5,0,0,0,0,20,1817,1837,Islands,545194199.1,185163.385
2019,ON,45,11.2,24.6,24,2.2,7.7,7.8,0,0,0,0,77,3811,3888,Islands,545194199.1,185163.385
2019,OH,34,11.1,24,24.5,1.8,7.6,NA,0,0,0,0,76,2368,2444,Islands,545194199.1,185163.385
2019,ON,61,11.1,24.6,25.3,1.5,6.4,6.4,0,0,0,0,269,1655,1924,Islands,545194199.1,185163.385
2019,OH,969,10.8,22.2,23.8,2.4,2.8,NA,0,18,0,0,0,977,995,Islands,545194199.1,185163.385
2019,OH,970,10,23.1,24,1.2,4.6,NA,0,36,0,0,86,946,1069,Islands,545194199.1,185163.385
2019,ON,54,9.7,24.6,25,1.8,6.7,6.7,0,0,0,0,237,7158,7396,Islands,545194199.1,185163.385
2019,OH,972,5,24.1,24.7,1.5,7.7,NA,0,0,0,15,18,2524,2557,Islands,545194199.1,185163.385
2019,OH,967,4.4,24.2,25.5,1.5,8.1,NA,0,0,0,149,22,2683,2854,Islands,545194199.1,185163.385
