year,Agency,grid,Latitude,Longitude,Depth,Btemp,Stemp,secchi,botoxy,botoxy2,ALEWIFN,GSHADN,ESHIN,MiscSHIN,OtherSOFT,SPINCAT,Total
2018,ON,90,41.6815,-82.5878,17.2,24.8,24.9,2,8.1,8.1,0,0,0,0,24,4055,4079
2018,OH,994,41.5284,-82.6017,13.5,23.6,23.6,1.8,7.7,,0,0,0,0,0,1163,1163
2015,OH,992,41.6018,-82.6,13.1,23.2,24.4,1.8,6.1,,0,39,0,8,410,2706,3164
2019,ON,101,41.8603,-82.5343,12.9,16.5,23.8,,2.6,3.3,0,0,0,0,4,163,167
2017,OH,992,41.5985,-82.589,12.8,22.5,23.4,2.1,3.6,,0,219,0,4,224,3387,3833
2013,ON,98,41.6877,-82.5447,12.7,22.5,23,1.7,7.4,8,29,79,61,0,298,2793,3259
2018,ON,98,41.701,-82.547,12.7,24.2,24.5,2.5,8.4,8.5,0,0,0,0,22,3514,3535
2015,ON,98,41.7023,-82.5505,12.6,21.7,24.1,2.1,8.6,,0,8,0,4,50,5709,5771
2011,OH,994,41.525,-82.6017,12.5,23.5,24,2.4,7.9,,0,0,0,0,5,409,414
2015,OH,994,41.5265,-82.6027,12.5,23.5,24.6,1.2,5.3,,0,954,0,0,456,4881,6291
2009,OH,994,41.5283,-82.6,12.5,22.7,25.1,3.4,4.2,,0,20,123,0,11098,5657,16899
2013,OH,994,41.5283,-82.6017,12.5,21.4,23.1,1.8,4.4,,0,0,6,0,138,775,920
2018,OH,987,41.5702,-82.6401,12.5,23.8,23.8,2,7.7,,0,9,0,0,53,3240,3302
2011,OH,992,41.6,-82.6,12.5,23.6,24.1,2.4,7.4,,0,11,7,0,5,15,38
2018,OH,992,41.6002,-82.5925,12.5,23.9,24,2.1,7.9,,0,9,0,0,19,2437,2465
2016,OH,992,41.6008,-82.5913,12.5,24.1,24.1,3.1,8.1,,0,0,0,0,12,770,783
2014,OH,992,41.6018,-82.6,12.5,22.2,22.8,2.1,7.9,,0,29,0,0,108,1684,1821
2009,OH,992,41.6033,-82.5983,12.5,22.6,26,3.7,5.6,,0,41,0,0,186,197,424
2006,OH,992,41.6033,-82.6,12.5,24.1,24.7,2.1,9,,0,10,0,4,748,920,1681
2013,OH,992,41.6033,-82.6,12.5,21.8,23.1,2.7,4.9,,0,161,956,0,199,3791,5107
2007,ON,98,41.6985,-82.5513,12.5,24.3,24.5,3,7.9,,0,4,70,0,25,9916,10016
2006,ON,98,41.6995,-82.5477,12.5,23.6,23.7,2.8,6,,0,0,0,0,26,130,156
2008,ON,98,41.6997,-82.5513,12.5,22.6,23,2.5,7.6,,0,0,4,0,84,0,88
2016,ON,98,41.7032,-82.5472,12.5,23.7,26.2,3.8,3.4,6.1,0,0,0,0,31,62,94
2009,ON,98,41.7008,-82.5498,12.4,22.8,23.4,2.2,7.1,,0,0,0,0,43,1273,1316
2014,ON,98,41.7015,-82.5512,12.4,22.9,22.9,2.5,9.6,9.5,0,0,0,0,42,1314,1356
2012,ON,98,41.7022,-82.5477,12.4,21.3,23.9,2.2,3.6,4.2,0,756,97,0,52,59,965
2017,ON,98,41.7023,-82.5493,12.4,22.7,23.6,2.3,6,6.3,0,18,4,0,86,2409,2517
2018,ON,101,41.8602,-82.5328,12.4,19.8,24.9,1.5,4.3,4.8,0,0,0,0,23,1790,1813
2010,ON,98,41.6997,-82.5447,12.3,22.6,23.2,1.9,7.4,,0,0,0,0,27,315,342
2014,OH,994,41.5265,-82.6027,12.2,22.1,23.2,1.8,7.9,,0,0,6,0,194,1710,1910
2006,OH,994,41.5283,-82.6033,12.2,24,24.2,1.8,8.4,,0,0,0,0,288,998,1286
2007,OH,994,41.5283,-82.6033,12.2,23.2,23.4,1.8,,,0,73,63,0,170,1614,1920
2008,OH,994,41.5283,-82.6033,12.2,22.5,22.5,0.6,8.3,,0,0,0,28,476,614,1118
2017,OH,987,41.5686,-82.6383,12.2,21.8,23.3,2.1,3,,0,0,0,0,4,4,8
2015,OH,987,41.5692,-82.6415,12.2,23.5,24.7,1.5,6.6,,0,104,24,0,546,4898,5572
2012,OH,992,41.6033,-82.6,12.2,23.6,24.5,2.7,4.8,,0,20,112,0,45,3944,4120
2007,OH,992,41.6033,-82.6,12.2,22.7,23.1,1.5,,,0,0,6,0,35,1580,1621
2008,OH,992,41.6033,-82.6,12.2,22.3,22.3,0.9,8.1,,0,0,0,0,1091,821,1911
2017,OH,986,41.6058,-82.6376,12.2,23.2,23.5,1.5,6.6,,0,0,0,12,301,2753,3066
2018,OH,986,41.6075,-82.6403,12.2,23.9,24.1,1.5,7.7,,0,9,0,0,84,1730,1823
2007,OH,986,41.6083,-82.6383,12.2,23.1,23.2,1.8,,,0,0,207,0,103,1498,1807
2017,ON,101,41.8585,-82.5318,12.2,19.7,22,1.5,6.7,6.7,0,0,0,0,1990,610,2599
2017,ON,98,41.683,-82.5823,12.1,23.4,23.6,2,7.8,8,0,15,0,0,2547,5036,7598
2015,ON,90,41.6865,-82.5833,12.1,21.6,24.9,1.8,5.6,6.1,0,0,0,0,87,686,773
2015,ON,101,41.8612,-82.5353,12.1,20.8,24.8,2.3,4.3,5.2,0,0,0,0,293,538,831
2019,ON,59,41.8892,-82.7212,12.1,24.4,24.6,1.9,7.1,7.5,0,12,12,0,267,8214,8505
2019,ON,51,41.8998,-82.7813,12.1,24.6,26,,6.9,6.9,0,0,0,0,146,1175,1321
2013,ON,98,41.6837,-82.5805,12,22.2,23.5,2.6,6.5,6.2,8,8,92,4,188,2670,2969
2011,ON,98,41.6815,-82.5797,12,23.5,23.7,1.8,8,,0,0,642,0,85,538,1265
2011,ON,101,41.8538,-82.5327,12,14.7,21.9,1.2,6.4,,0,0,22,0,133,125,280
2013,ON,101,41.8565,-82.5325,12,22.2,22.4,2.7,7.4,8.1,0,0,0,16,406,586,1008
2019,ON,31,41.887,-82.8775,12,24.4,25.8,,7.3,7.5,0,0,0,9,493,1725,2227
2012,OH,994,41.5283,-82.6017,11.9,23.5,24.3,2.1,4.8,,0,285,192,0,79,8884,9439
2009,OH,987,41.5667,-82.64,11.9,22.5,25.7,0.9,5.9,,0,23,103,0,24575,1595,26295
2011,OH,987,41.5683,-82.6417,11.9,24.1,24.3,1.8,7.4,,0,308,13,0,13,2017,2352
2014,OH,987,41.5692,-82.6415,11.9,22.4,22.6,2.4,8.5,,0,0,0,0,71,2264,2335
2013,OH,987,41.57,-82.64,11.9,21.8,22.9,2.1,5.3,,0,0,310,0,582,1045,1937
2016,OH,987,41.5704,-82.6404,11.9,21.6,23.7,3.7,4.3,,0,0,0,0,0,26,26
2011,OH,986,41.6017,-82.6417,11.9,23.8,24,3.4,6.5,,0,0,0,0,0,70,70
2009,OH,986,41.605,-82.6383,11.9,22.4,25.4,2.7,3.6,,0,98,1793,0,3059,16598,21548
2015,OH,986,41.6067,-82.6412,11.9,23.3,24.2,1.8,7,,0,9,0,20,474,2480,2983
2014,OH,986,41.6067,-82.6412,11.9,22.4,22.6,1.8,8.2,,0,21,20,0,13,600,655
2016,OH,986,41.6082,-82.6396,11.9,24.1,24.1,2.4,8,,0,0,0,0,19,4420,4440
2010,ON,98,41.682,-82.5788,11.9,22.6,23,2,8,,0,0,0,0,19,757,776
2016,ON,90,41.6853,-82.5847,11.9,24.9,25,2,8.4,8.4,0,0,0,4,18,477,498
2012,ON,90,41.6822,-82.5847,11.8,23.5,23.6,2.3,7.9,8,0,67,100,7,63,5671,5908
2008,ON,90,41.6848,-82.584,11.8,22.5,22.9,3,7.9,,0,0,7,0,272,3951,4231
2014,ON,98,41.6855,-82.5813,11.8,22.2,23,2.2,8.6,9.3,0,0,124,8,2813,956,3901
2007,ON,90,41.6857,-82.5835,11.8,22.6,23.8,1.5,8.2,,0,0,410,0,339,219,968
2018,ON,97,41.728,-82.5465,11.8,24.8,24.9,2,8.2,8.4,0,0,0,0,7,2474,2481
2019,ON,95,41.8152,-82.544,11.8,21.1,24.9,,5.4,5.3,0,0,0,0,385,691,1076
2014,ON,101,41.8597,-82.5312,11.8,21,23,3.1,8.4,8.1,0,0,0,32,303,127,462
2007,ON,101,41.8603,-82.5342,11.8,22.8,23.1,2,8.2,,0,12,534,0,255,2155,2956
2008,ON,101,41.8635,-82.534,11.8,21.7,22.4,3.5,7,,0,0,0,0,3899,154,4053
2006,ON,98,41.6862,-82.5818,11.7,23.8,24.7,3.5,7,,0,0,0,0,61,2155,2217
2017,ON,97,41.7283,-82.5422,11.7,23.3,23.5,1.5,8.1,8.3,0,0,0,4,519,2355,2877
2012,ON,101,41.8552,-82.534,11.7,23.3,23.5,2,8.2,7.4,0,0,0,7,37,10,54
2006,ON,101,41.8572,-82.534,11.7,24,24.1,3,7.2,,0,0,0,0,761,211,972
2010,ON,101,41.8597,-82.534,11.7,22.9,23.4,1.6,6.6,,0,0,0,0,12,131,143
2016,ON,101,41.8605,-82.5345,11.7,17,24.6,1.7,4.3,6.1,0,0,0,0,767,222,989
2019,ON,67,41.9498,-82.6932,11.7,23,23,2.3,8.4,8.4,0,4,0,0,28,363,394
2012,OH,987,41.57,-82.64,11.6,23.6,25,2.4,4.5,,0,59,248,0,114,3570,3992
2006,OH,987,41.57,-82.6417,11.6,24.1,25,2.1,8.8,,0,11,0,0,216,485,712
2007,OH,987,41.57,-82.6417,11.6,23.3,23.3,1.5,,,0,0,109,4,284,2921,3318
2006,OH,986,41.6083,-82.6383,11.6,24.1,24.9,2.7,8.8,,0,9,0,0,284,381,675
2008,OH,986,41.6083,-82.6383,11.6,22.6,22.7,1.2,8.3,,0,0,6,4,569,629,1209
2018,ON,97,41.7292,-82.5655,11.6,24.2,24.4,2,8.5,8.6,0,0,0,0,19,3039,3058
2018,ON,59,41.8917,-82.7148,11.6,24.8,25.4,2.5,6.7,6.7,0,212,0,0,620,6518,7350
2019,ON,42,41.9403,-82.793,11.6,22.9,23,2.5,8.4,8.3,0,4,0,0,112,1071,1187
2013,ON,104,41.731,-82.5398,11.5,21.3,23.3,2.5,6.8,7.2,11,18,36,7,1280,3693,5045
2017,ON,97,41.7315,-82.5675,11.5,22.9,23.7,2.1,6.7,5.9,4,46,0,138,1279,2912,4379
2019,ON,63,41.7248,-82.7352,11.5,24.3,24.5,1.9,7.4,7.6,0,0,0,0,68,2370,2438
2015,ON,97,41.7323,-82.5418,11.5,21.7,24.7,1.6,5.4,7.9,0,4,26,0,78,1309,1417
2018,ON,60,41.8562,-82.722,11.5,24.2,24.3,1.5,7.3,8.4,0,0,0,0,306,1233,1539
2006,ON,59,41.893,-82.7192,11.5,24.6,25.1,2,5.8,,0,7,486,4,26,675,1198
2017,ON,77,41.8973,-82.6315,11.5,20.3,22.7,2,6,6.1,0,0,0,0,94,760,854
2018,ON,51,41.8987,-82.7748,11.5,24.2,24.2,3,8.4,8.5,0,0,0,43,240,1760,2044
2018,ON,77,41.9007,-82.6327,11.5,24.9,25.4,1.2,7.8,7.7,0,7,3,0,1180,1607,2797
2019,ON,66,41.9743,-82.6933,11.5,23,23,2.2,8.4,8.3,0,4,0,4,21,571,600
2013,ON,59,41.888,-82.721,11.4,22.7,22.8,2.5,7.5,6.2,4,0,0,41,122,3101,3268
2019,OH,975,41.6372,-82.7398,11.4,21.4,24,1.5,2.7,,0,0,0,0,4,128,132
2011,ON,97,41.7248,-82.5678,11.4,21.4,23.1,2.3,6.2,,0,0,4,0,23,85,111
2008,ON,97,41.7292,-82.5452,11.4,22.4,23.1,4,7.5,,0,0,0,0,33,6090,6124
2011,ON,104,41.7297,-82.5397,11.4,23.4,23.7,2,7.9,,0,7,194,0,65,387,653
2015,ON,97,41.7302,-82.5667,11.4,21.9,23.4,1.2,9.5,9.9,0,0,0,0,516,2384,2901
2014,ON,97,41.7303,-82.5697,11.4,22.6,22.6,2.3,9.3,9.4,0,0,0,0,151,100,251
2017,ON,60,41.8538,-82.7208,11.4,23.8,23.8,1.5,8.2,8.1,0,0,56,52,36,2801,2944
2015,ON,60,41.8565,-82.726,11.4,23.8,24.6,3.4,6.6,7.8,0,4,0,0,0,8961,8965
2013,ON,60,41.8602,-82.7228,11.4,22.1,24,2.5,6,6.8,0,0,0,0,4,427,430
2017,ON,59,41.8895,-82.7195,11.4,23.7,23.8,2.1,8.3,8.4,0,59,0,234,249,8401,8942
2015,ON,59,41.8905,-82.719,11.4,23.7,24.1,2.1,8.1,8.2,0,0,0,18,11,233,262
2011,ON,59,41.8935,-82.7197,11.4,23.7,24,1.4,6.6,,0,45,26,0,0,56,126
2006,ON,51,41.8987,-82.7783,11.4,24.4,24.5,1.8,7.3,,0,0,4,4,633,1370,2012
2017,ON,51,41.901,-82.7795,11.4,23.6,24.6,2.7,7.5,7.5,0,156,0,125,444,1780,2505
2007,ON,97,41.7257,-82.5663,11.3,24.3,24.4,2,8.3,,0,0,54,4,534,1936,2528
2006,ON,97,41.728,-82.5647,11.3,23.5,23.6,2.7,7.7,,0,0,104,0,8,52,163
2010,ON,104,41.7288,-82.539,11.3,22.6,23.3,1.8,7.4,,0,0,0,0,15,246,261
2013,ON,97,41.729,-82.5663,11.3,21.3,23,2.3,6.7,7.5,0,75,79,4,82,774,1015
2012,ON,97,41.73,-82.5657,11.3,22.9,24.4,2.4,6.1,6.6,0,108,75,4,4,1101,1291
2007,ON,104,41.7303,-82.5402,11.3,21.6,23.5,1.5,7.3,,0,0,0,0,297,1039,1335
2019,ON,33,41.8208,-82.898,11.3,24.5,24.7,1.9,8,8,0,0,4,0,72,1374,1450
2019,ON,45,41.825,-82.797,11.3,24.8,24.8,1.8,7.5,7.5,0,0,0,0,20,1817,1837
2010,ON,60,41.856,-82.7263,11.3,24.7,24.6,1.3,7.4,,0,0,111,0,65,2347,2524
2009,ON,60,41.8568,-82.7262,11.3,24.8,24.8,2.8,7.7,,0,4,123,8,23,46,204
2011,ON,60,41.8577,-82.7227,11.3,24.1,24.2,1.8,7.5,,0,4,269,38,8,738,1056
2014,ON,60,41.8597,-82.7255,11.3,22.1,22.1,3.4,9.5,9.7,0,8,8,12,0,4552,4579
2014,ON,31,41.8865,-82.8812,11.3,21.9,22,2.1,8.7,8.8,0,185,7,7,30,4147,4377
2009,ON,31,41.8868,-82.8773,11.3,23.3,25.1,2.9,4.1,,0,7,19,45,352,1662,2084
2013,ON,51,41.8997,-82.7788,11.3,22.2,23.9,2.6,6.9,7.5,0,8,0,0,4,895,907
2015,ON,51,41.9003,-82.7782,11.3,23.7,24.5,2.5,7.6,7.2,0,8,4,438,85,2482,3016
2015,ON,77,41.9012,-82.629,11.3,23.5,25.3,2.7,6.5,7.5,0,26,0,0,29,113,169
2018,ON,67,41.9477,-82.6923,11.3,24.9,25.4,3,6.8,7.1,0,4,0,4,1317,8968,10292
2018,ON,63,41.7243,-82.7335,11.2,24.7,25.7,1.5,6.6,6.8,0,3,0,0,142,4788,4934
2008,ON,97,41.728,-82.5688,11.2,22.3,22.7,2.5,7.8,,0,8,0,0,1088,857,1952
2009,ON,97,41.7283,-82.5657,11.2,22.8,23.4,2.6,6.7,,0,0,348,0,57,351,757
2012,ON,97,41.7287,-82.5422,11.2,23.5,23.6,2.5,8,7.4,0,118,122,11,14,753,1018
2016,ON,97,41.7297,-82.5648,11.2,24.7,26.2,3,4.7,9.5,0,0,0,0,47,169,215
2006,ON,104,41.7308,-82.5415,11.2,23.8,24.5,3.5,6.8,,0,4,42,0,0,507,553
2014,ON,104,41.7312,-82.5393,11.2,21.9,23.1,2,9.6,9.4,0,8,0,0,1038,3008,4054
2016,ON,104,41.7322,-82.5402,11.2,21.8,25.1,2.1,6.6,7.8,0,0,0,0,4,52,56
2019,ON,45,41.8312,-82.8113,11.2,24.6,24,2.2,7.7,7.8,0,0,0,0,77,3811,3888
2016,ON,60,41.8592,-82.7227,11.2,25.4,25.5,1.6,8,8.4,0,3,0,0,40,719,763
2018,ON,31,41.8847,-82.8775,11.2,24.5,24.4,1.5,8.5,8.2,0,24,0,0,522,2797,3342
2016,ON,31,41.8863,-82.8758,11.2,25.3,26,2,8.7,8.6,0,19,4,15,52,1450,1539
2009,ON,59,41.8905,-82.7223,11.2,23.5,24.1,2.2,6.4,,0,0,21,0,364,576,961
2014,ON,59,41.8927,-82.7202,11.2,23,23,2,8.4,7.6,0,0,0,0,19,263,282
2016,ON,59,41.8932,-82.7197,11.2,26.1,26.1,1.7,8.2,8.1,0,0,4,21,29,1340,1394
2011,ON,51,41.8943,-82.7818,11.2,24.3,24.6,1.4,6.3,,0,8,0,0,12,542,562
2014,ON,51,41.899,-82.7832,11.2,22,22.3,2.5,8.7,8.9,0,4,4,724,29,46,807
2006,ON,77,41.9007,-82.628,11.2,24,24.8,2.2,7.6,,0,0,8,0,234,142,384
2013,ON,77,41.9013,-82.6273,11.2,22.1,23.2,2.8,6.1,6.6,0,0,0,0,4,7,11
2011,ON,77,41.9022,-82.6285,11.2,19.9,24.7,1.8,4.7,,0,4,116,0,8,0,127
2019,OH,34,41.7688,-82.8926,11.1,24,24.5,1.8,7.6,,0,0,0,0,76,2368,2444
2019,ON,61,41.801,-82.7348,11.1,24.6,25.3,1.5,6.4,6.4,0,0,0,0,269,1655,1924
2012,ON,60,41.8563,-82.7235,11.1,23.8,24.1,2.3,8.8,9.1,0,89,0,0,194,3719,4001
2008,ON,60,41.8563,-82.7277,11.1,23.4,23.4,1.8,8.2,,0,8,0,0,46,7349,7403
2006,ON,60,41.858,-82.7228,11.1,24.3,25.1,2.1,7.8,,0,12,462,4,155,4745,5378
2010,ON,31,41.8847,-82.8775,11.1,24.8,24.8,1.2,8.2,,0,30,415,7,226,3568,4247
2006,ON,31,41.8862,-82.8763,11.1,24.3,24.4,1.8,8,,0,4,0,69,434,1256,1763
2017,ON,37,41.8872,-82.8737,11.1,23.6,24.3,2.5,7.6,7.8,0,0,0,76,450,2824,3350
2008,ON,59,41.8897,-82.721,11.1,22,23.1,3.5,7.5,,0,0,0,0,131,398,530
2012,ON,59,41.89,-82.7218,11.1,24.3,24.2,1.7,8.2,8.2,0,351,7,75,125,3980,4539
2010,ON,51,41.892,-82.7853,11.1,24.9,25,1.2,8,,0,12,77,0,158,3653,3899
2009,ON,51,41.895,-82.7833,11.1,23.5,25.1,2.9,5,,0,88,0,0,657,23325,24071
2008,ON,77,41.9003,-82.6317,11.1,22.8,22.8,2.3,8.3,,0,0,0,0,97,1846,1943
2016,ON,51,41.9005,-82.779,11.1,25.4,26.1,2,8.8,8.9,0,0,0,70,339,8755,9164
2014,ON,77,41.9008,-82.628,11.1,22.4,22.5,2.7,9,9.2,0,0,4,0,4,44,52
2018,ON,42,41.94,-82.7948,11.1,24.8,25.8,2.5,7.4,5.9,0,136,0,25,1563,19461,21186
2017,ON,42,41.94,-82.7955,11.1,23.5,23.9,2.2,8.7,8,0,18,0,154,29,6145,6346
2013,ON,67,41.9455,-82.6955,11.1,22.6,22.5,2,7.8,8.2,0,15,8,4,188,5343,5559
2015,ON,67,41.946,-82.6945,11.1,23.6,23.7,0.7,8,8.2,0,104,0,33,89,2752,2978
2017,ON,67,41.9473,-82.6933,11.1,19.4,23.7,2.5,2.8,3.3,0,0,0,0,199,88,287
2019,ON,75,41.9803,-82.6325,11.1,23,23.1,1.9,8.4,8.4,0,30,0,0,7,171,208
2007,ON,51,41.8945,-82.7845,11,23.1,23.3,1.5,8.1,,8,633,1584,4,157,4112,6499
2007,ON,60,41.8577,-82.7243,11,23.2,23.2,1.7,7.4,,4,920,203,4,108,5008,6247
2007,ON,31,41.8847,-82.8807,11,23,23.1,1.6,8.1,,4,769,1789,44,108,10605,13318
2018,ON,64,41.7003,-82.7223,11,24.9,25.2,1.7,7.8,7.2,0,0,32,0,48,1020,1100
2015,ON,63,41.7228,-82.7345,11,23.8,24.2,2,7.8,8.2,0,0,0,0,65,2155,2220
2014,ON,63,41.726,-82.7345,11,23.1,23.2,3.8,7.6,7.7,0,0,0,0,299,8928,9226
2010,ON,97,41.7273,-82.5658,11,22.5,22.9,1.6,6.9,,0,0,12,0,40,96,147
2018,ON,102,41.8148,-82.5408,11,21.5,24.8,1.5,5.8,6.8,0,0,0,0,4,618,622
2010,ON,59,41.8905,-82.7217,11,25.3,25.3,1.1,7.5,,0,72,0,0,4,1000,1076
2008,ON,51,41.8937,-82.7867,11,23.5,23.5,2.5,6.6,,0,0,0,0,249,7273,7522
2012,ON,51,41.8965,-82.7835,11,23.8,24.4,2,7.9,8,0,583,257,489,1076,6572,8976
2012,ON,77,41.8998,-82.6315,11,23.7,23.7,1.9,8.4,8.8,0,4,0,36,29,6880,6948
2010,ON,77,41.9003,-82.6308,11,24.2,24.3,1.7,8.1,,0,0,7,0,7,849,864
2009,ON,77,41.9007,-82.6263,11,24.4,24.7,2.2,7.3,,0,0,0,0,0,7,7
2007,ON,77,41.901,-82.6307,11,24.4,22.9,2,7.1,,0,811,745,4,31,9584,11175
2016,ON,77,41.9018,-82.6273,11,17.6,25.7,1.5,6.3,6.6,0,0,0,0,40,32,72
2007,ON,42,41.9383,-82.798,11,24.9,24.9,2,8,,0,38,569,54,165,4337,5163
2011,ON,42,41.9387,-82.794,11,23.9,24.6,1.6,9.9,,0,7,93,26,4,89,219
2011,ON,67,41.9497,-82.6937,11,22,24.1,2.3,6.1,,0,38,0,0,0,92,131
2013,ON,63,41.7258,-82.7347,10.9,22.1,22.5,2.6,7.7,8.3,4,61,1058,0,154,613,1889
2016,ON,63,41.7267,-82.7353,10.9,25.9,26,2.3,7.9,8.3,0,0,0,0,75,656,731
2017,ON,63,41.7268,-82.7382,10.9,23.4,23.8,2.3,7.2,7.5,0,0,0,18,165,889,1072
2017,ON,102,41.8127,-82.5403,10.9,23.5,23.6,2,8.1,8.2,0,4,0,46,434,480,964
2008,ON,31,41.8877,-82.8777,10.9,23.5,23.7,2.5,8.5,,0,0,108,0,41,2797,2945
2007,ON,59,41.8923,-82.7197,10.9,25.1,25.1,2,7.1,,0,896,386,139,566,10485,12473
2006,ON,67,41.9473,-82.7003,10.9,24.6,24.7,1.5,8.1,,0,0,4,12,68,1936,2020
2010,ON,67,41.9477,-82.697,10.9,24.5,24.5,1.4,8,,0,0,4,0,4,1601,1609
2014,ON,67,41.9502,-82.6943,10.9,22.9,22.9,1.6,8.3,8.2,0,0,8,0,25,1336,1369
2019,OH,969,41.6607,-82.7621,10.8,22.2,23.8,2.4,2.8,,0,18,0,0,0,977,995
2017,ON,64,41.6993,-82.7195,10.8,23.5,23.7,1.3,6.3,7.8,0,0,0,0,1354,327,1681
2011,ON,63,41.7263,-82.7357,10.8,24,24.3,1.8,7.2,,0,54,15,4,123,522,718
2009,ON,63,41.7265,-82.7342,10.8,23.3,24.7,1.9,6.3,,0,0,4,0,459,11025,11488
2013,ON,95,41.815,-82.5425,10.8,22.4,23.3,3.3,7.9,8.1,0,0,7,0,315,0,323
2016,ON,95,41.8153,-82.5433,10.8,19.4,25.1,1.5,3.8,3.6,0,0,0,0,373,54,427
2015,ON,95,41.8163,-82.5452,10.8,23.4,25.6,2.1,7.2,7.9,0,0,0,0,246,2224,2470
2015,ON,37,41.8882,-82.875,10.8,23.6,24.4,2.8,7.7,8.2,0,15,0,0,19,1020,1053
2015,ON,42,41.9367,-82.7957,10.8,23.5,23.5,2.1,8.7,8.6,0,11,0,18,7,247,283
2009,ON,42,41.937,-82.7975,10.8,23.1,23.5,2.5,6.5,,0,0,7,0,4,59,70
2008,ON,42,41.9388,-82.7952,10.8,22.4,23.3,3.6,7,,0,0,16,0,48,279,343
2006,ON,42,41.9398,-82.7987,10.8,24.7,24.7,1.4,6.8,,0,12,4,8,66,803,894
2016,ON,42,41.9405,-82.7935,10.8,25.9,26.3,0.8,8,8,0,0,0,11,0,70,82
2016,ON,67,41.9495,-82.695,10.8,26,26.1,1.6,8.4,8.3,0,72,0,29,65,2901,3065
2006,ON,66,41.9743,-82.6983,10.8,24.7,24.7,1.5,7.4,,0,8,120,16,44,370,558
2018,ON,66,41.9758,-82.6942,10.8,24.9,25.3,2.5,6.5,6.7,0,232,0,3,1107,15617,16960
2012,ON,31,41.8887,-82.8782,10.7,23.5,24,2.7,8.3,7.4,4,864,89,263,274,7043,8538
2015,ON,64,41.7023,-82.7193,10.7,23.5,25,1.2,6.8,,0,7,26,4,208,760,1005
2019,OH,931,41.7699,-82.9711,10.7,23.9,24.4,2.1,7.7,,0,9,0,0,185,2457,2651
2014,ON,102,41.8148,-82.5385,10.7,22.3,23.1,3.4,8.9,9.2,0,0,0,0,108,1018,1125
2018,ON,45,41.824,-82.7935,10.7,24.7,25.5,2.5,6.9,6.8,0,57,0,0,373,6339,6769
2017,ON,45,41.8263,-82.7962,10.7,23.8,24.1,2.5,8,8.3,0,0,0,44,96,5211,5350
2018,ON,44,41.8343,-82.807,10.7,24.6,25.4,2.5,5.5,6.5,0,200,0,0,338,10504,11042
2011,ON,44,41.8357,-82.8092,10.7,24.3,24.8,1.3,6.9,,0,7,3,0,35,545,590
2014,ON,42,41.9378,-82.7942,10.7,22.5,22.6,1.8,10.7,10.9,0,23,910,4,184,2666,3788
2012,ON,42,41.939,-82.7947,10.7,24.2,24.2,1.7,8.3,8.6,0,272,0,57,44,1301,1674
2018,ON,92,41.94,-82.5508,10.7,16.9,24.8,2,4.1,3.7,0,11,0,0,4,37,52
2006,ON,92,41.9408,-82.552,10.7,24.1,24.2,2,7.1,,0,44,68,0,303,108,522
2012,ON,67,41.9465,-82.6978,10.7,24.2,24.2,1.8,8.3,8.3,0,70,0,45,56,2552,2722
2008,ON,67,41.9475,-82.695,10.7,22.4,22.7,3.9,7.2,,0,0,0,0,21,74,95
2007,ON,67,41.9485,-82.6942,10.7,25.1,25.1,2,8.1,,0,43,13,26,108,9448,9637
2013,ON,66,41.9725,-82.6958,10.7,22.5,22.5,2.3,8.5,8.1,0,0,0,0,28,131,159
2015,ON,66,41.9737,-82.6947,10.7,23.6,23.6,2.3,8.2,8.2,0,8,0,0,58,1368,1433
2010,ON,64,41.701,-82.7178,10.6,23.4,24.1,1.8,5.2,,0,4,0,0,4,279,287
2011,ON,64,41.7013,-82.7188,10.6,22.9,24.6,1.6,5.9,,0,0,0,0,74,23,96
2012,ON,63,41.7225,-82.7377,10.6,24,24,1.6,8,7.9,0,24,153,7,7,1197,1388
2006,ON,63,41.7255,-82.7352,10.6,24.2,24.2,2.1,7.3,,0,12,0,0,823,7715,8551
2011,ON,102,41.8105,-82.5415,10.6,24,24.2,1.2,7.4,,0,0,72,0,18,731,821
2013,ON,33,41.821,-82.896,10.6,21.9,21.9,1.9,8.2,8.2,0,0,0,0,26,78,104
2015,ON,45,41.8232,-82.7943,10.6,23.9,24.3,3.2,7.7,7.7,0,12,0,0,58,9423,9492
2018,ON,33,41.8248,-82.8953,10.6,24.4,25.3,2.5,6.1,6.2,0,65,0,0,602,12897,13563
2013,ON,44,41.8352,-82.8075,10.6,22.1,22.1,3,8.2,8.6,0,0,0,4,42,315,361
2013,ON,31,41.8882,-82.8768,10.6,21.8,23.5,2.7,7.2,6.8,0,0,0,0,8,19,27
2010,ON,42,41.9398,-82.7967,10.6,23.7,26,1.5,3.1,,0,80,708,0,0,2602,3390
2017,ON,92,41.9423,-82.5452,10.6,15.7,23.6,1.2,3.5,5.3,0,0,0,0,170,24,194
2017,ON,66,41.976,-82.6925,10.6,21.3,23.7,2.9,4.8,4.1,0,0,0,0,50,25,75
2011,ON,66,41.9763,-82.6942,10.6,18.7,23.8,2.6,4.7,,0,4,79,0,0,25,108
2018,ON,75,41.9798,-82.6343,10.6,24.9,25.2,2,6.5,6.9,0,27,0,3,0,4477,4507
2019,OH,958,41.6739,-82.8633,10.5,24.1,24.2,1.2,8.1,,0,0,0,0,39,2122,2161
2006,ON,64,41.6995,-82.7183,10.5,24.3,24.5,2,8.4,,0,0,0,0,96,181,277
2013,ON,64,41.7013,-82.718,10.5,22.3,23.4,1.9,7,6.9,0,0,0,0,183,76,259
2014,ON,64,41.7018,-82.7198,10.5,22.2,22.6,2,10.1,10.1,0,0,0,0,123,100,223
2008,ON,63,41.7245,-82.738,10.5,23,23.5,2.1,6.2,,0,28,0,0,418,474,920
2010,ON,63,41.7263,-82.7373,10.5,23,25.1,1.5,2.8,,0,7,250,0,295,555,1107
2012,ON,95,41.8125,-82.5442,10.5,23.2,23.6,3.1,7.3,7,0,4,126,4,7,59,200
2008,ON,95,41.8128,-82.5432,10.5,20.9,22.3,3.5,7.2,,0,0,0,0,1030,174,1204
2015,ON,33,41.8208,-82.8947,10.5,23.8,23.9,1.7,8.5,8.4,0,7,14,10,38,4483,4552
2017,ON,33,41.823,-82.8993,10.5,23.6,23.8,2.3,8.4,8.7,0,4,0,74,273,5328,5680
2011,ON,33,41.8243,-82.8953,10.5,24.4,24.8,1.1,10,,0,0,27,0,61,1671,1759
2009,ON,45,41.825,-82.7947,10.5,23.5,24.7,2.5,6.5,,0,67,138,0,350,1785,2339
2011,ON,45,41.825,-82.7958,10.5,24.4,24.6,1.5,6.9,,0,0,81,15,111,384,592
2016,ON,45,41.8253,-82.7953,10.5,26.1,26.4,1.6,8.1,8.1,0,4,0,16,52,3976,4047
2017,ON,45,41.8332,-82.8107,10.5,23.7,23.9,2,7.7,8.2,0,238,0,100,96,3269,3703
2019,OH,918,41.8393,-83.0559,10.5,23.8,24.3,2.4,7.3,,0,0,0,0,535,1505,2040
2011,ON,31,41.8813,-82.8803,10.5,24.4,24.7,1.1,6.4,,0,4,390,36,24,1008,1462
2015,ON,92,41.9418,-82.5523,10.5,23.6,24.8,2.7,8.2,8.7,0,7,0,0,15,408,430
2014,ON,66,41.9768,-82.6953,10.5,22.8,22.9,1.9,8.3,8.2,0,0,126,0,26,2989,3142
2013,ON,75,41.9783,-82.6355,10.5,22.5,22.5,2.3,8.3,8.9,0,19,0,0,23,42,85
2015,ON,75,41.9808,-82.6357,10.5,22.6,24.7,2.1,5.5,9.5,0,211,16,0,247,458,932
2017,ON,75,41.9818,-82.6345,10.5,18.2,24.4,3,3.2,7.2,0,0,0,0,8,12,20
2013,ON,92,41.9418,-82.5498,10.4,21.9,24,2.5,7.5,7.7,7,11,0,0,111,556,685
2018,OH,969,41.6612,-82.7628,10.4,23.7,24,1.2,7.3,,0,9,0,0,53,2303,2365
2009,ON,64,41.6998,-82.718,10.4,24.6,24.6,2.1,7.4,,0,4,4,0,442,1840,2290
2008,ON,64,41.7008,-82.719,10.4,23.1,23.1,2,7.9,,0,0,0,0,260,7214,7474
2007,ON,63,41.7262,-82.7358,10.4,25.3,25.3,2.5,7.9,,0,616,148,4,252,8620,9640
2018,ON,61,41.8045,-82.7305,10.4,25,25,1.3,8.3,8.2,0,4,0,0,471,3182,3657
2010,ON,95,41.8128,-82.5438,10.4,23,23.3,1.7,7.9,,0,4,0,0,0,715,718
2007,ON,95,41.8142,-82.5428,10.4,21.9,23.4,2,6.6,,0,28,255,0,932,1753,2968
2007,ON,33,41.8227,-82.8992,10.4,25.1,25.2,1.6,7.9,,0,159,104,28,279,9198,9768
2013,ON,45,41.8237,-82.7948,10.4,22,22.1,2.8,8,8.4,0,0,4,0,93,1035,1131
2008,ON,33,41.8238,-82.895,10.4,23.8,23.8,2.8,7.6,,0,4,4,0,82,7793,7882
2014,ON,45,41.8263,-82.7918,10.4,23,23.2,2.9,7.7,7.7,0,0,0,0,96,4352,4448
2015,ON,45,41.8322,-82.8085,10.4,23.8,23.8,2.8,8.5,8.4,0,11,0,74,0,1921,2007
2014,ON,45,41.8332,-82.8055,10.4,22.9,23.3,2.9,7.6,7.5,0,0,0,0,96,7140,7236
2009,ON,44,41.8352,-82.8077,10.4,23.4,24.6,2.1,6.4,,0,13,42,0,593,2761,3409
2013,ON,99,41.9282,-82.5267,10.4,23.1,23.1,2.6,6,8.6,0,0,0,29,610,556,1194
2014,ON,92,41.9417,-82.5528,10.4,22.1,22.7,1.7,9.5,9.9,0,12,327,0,370,3123,3832
2012,ON,66,41.9722,-82.6982,10.4,24.2,24.2,1.8,8.4,8.3,0,131,77,19,92,2835,3154
2009,ON,75,41.9793,-82.6338,10.4,19.7,23.9,2,3.3,,0,0,0,0,11,179,190
2019,OH,943,41.6652,-82.9227,10.3,24,24.2,0.9,8.3,,0,0,12,0,150,2835,2996
2015,ON,61,41.8053,-82.7318,10.3,24,25.1,2.3,7.3,9.2,0,126,96,0,197,1001,1421
2013,ON,61,41.8055,-82.7307,10.3,22.3,23.2,2,7.8,7,0,0,0,0,7,47,54
2006,ON,102,41.8138,-82.541,10.3,23.9,24.2,4,6.6,,0,0,0,0,1575,634,2209
2009,ON,33,41.8223,-82.8972,10.3,23.4,23.6,2.3,7.3,,0,11249,0,4,4,30,11286
2006,ON,33,41.8223,-82.8982,10.3,24.7,24.9,1.5,6.9,,0,12,0,4,761,7153,7929
2012,ON,33,41.823,-82.8942,10.3,24,24,2.3,8.5,8.1,0,338,0,31,227,5025,5620
2007,ON,45,41.8243,-82.7968,10.3,25.3,25.4,1.5,8.6,,0,797,8,0,36,1103,1944
2016,ON,33,41.825,-82.8972,10.3,25.9,26.1,2.1,8.5,8.4,0,0,0,33,46,14837,14915
2008,ON,92,41.94,-82.5538,10.3,22.7,22.7,2.3,7.6,,0,0,457,0,146,188,791
2016,ON,92,41.9422,-82.551,10.3,17.4,24.6,1.7,5.6,6.1,0,0,0,0,7,4,11
2008,ON,66,41.9727,-82.6967,10.3,22.5,22.6,3.7,7.7,,0,7,401,0,11,167,586
2016,ON,66,41.9767,-82.6952,10.3,26,26,1.8,8.3,8.3,0,165,0,161,79,2409,2815
2014,ON,75,41.9817,-82.6353,10.3,22.9,22.9,1.8,8.8,8.6,0,44,52,0,4,1235,1335
2012,ON,64,41.7015,-82.7182,10.2,23.7,23.8,1.8,8.3,8.6,0,8,8,0,115,960,1091
2017,ON,61,41.8027,-82.7303,10.2,24,24,1.5,8.2,7.5,0,0,0,7,148,3765,3920
2006,ON,61,41.8047,-82.7335,10.2,24.4,25,2.5,8.1,,0,8,0,16,199,8246,8469
2012,ON,45,41.8217,-82.7975,10.2,23.9,24.2,1.8,8.1,8.1,0,272,305,0,0,5382,5959
2010,ON,45,41.8218,-82.7953,10.2,25.2,25.7,1.7,7.5,,0,22,570,0,161,939,1692
2006,ON,45,41.8222,-82.798,10.2,24.6,24.7,1.8,8.1,,0,45,0,0,52,11599,11696
2014,ON,33,41.8225,-82.8938,10.2,22.5,22.6,3.2,10.7,,0,15,0,0,7,32865,32888
2016,ON,45,41.8298,-82.81,10.2,25.9,26.1,1.7,8.3,8.3,0,4,0,19,100,5256,5378
2012,ON,45,41.8308,-82.8107,10.2,24.1,24.2,1.9,8,8.2,0,129,817,0,0,57,1004
2006,ON,45,41.8327,-82.8115,10.2,24.7,24.8,2.1,5.2,,0,8,0,0,100,6111,6219
2011,ON,92,41.9383,-82.5523,10.2,15.7,23.6,0.8,6.7,,0,0,0,4,4,211,219
2016,ON,75,41.9795,-82.6367,10.2,24.4,26.5,1.7,9.1,9.3,0,52,0,14,21,1756,1842
2017,OH,996,41.4554,-82.5947,10.1,22,23.9,3.1,5.5,,0,0,0,0,0,236,236
2013,OH,996,41.4567,-82.5967,10.1,22.2,23.3,1.5,6,,0,18,22,0,754,2189,2983
2016,OH,996,41.4573,-82.5953,10.1,21.8,23.5,1.2,4.4,,0,0,0,0,0,1116,1116
2018,OH,996,41.4576,-82.5968,10.1,23.6,23.6,1.2,8.1,,0,18,0,0,4,1956,1978
2015,OH,975,41.6357,-82.7442,10.1,22.3,24.6,1.5,6.3,,0,19,484,0,590,2971,4064
2017,OH,975,41.6366,-82.7441,10.1,23.2,24.2,1.5,5.9,,0,9,0,0,62,331,402
2018,OH,975,41.6376,-82.7406,10.1,23.7,23.9,1.2,7.6,,0,9,0,0,28,2469,2506
2016,ON,64,41.7022,-82.7178,10.1,24.9,25.4,,9,9.3,0,0,0,0,46,123,169
2008,ON,45,41.8263,-82.7995,10.1,23.6,23.9,2.9,7.5,,0,0,0,0,19,96,115
2010,ON,44,41.8347,-82.8115,10.1,25.4,25.8,1.2,7.4,,0,115,17,0,323,2182,2637
2007,ON,44,41.8353,-82.8082,10.1,25.3,25.3,1.5,8.3,,0,378,19,4,252,619,1272
2008,ON,44,41.8357,-82.8115,10.1,23.5,24.4,3.1,7,,0,4,12,0,46,4318,4379
2010,ON,66,41.9738,-82.6962,10.1,19.9,24.9,1.5,2.1,,0,0,38,0,0,135,173
2007,ON,75,41.979,-82.6362,10.1,24.9,24.9,1.8,7.9,,0,149,17,0,8,7562,7736
2012,ON,75,41.9812,-82.6363,10.1,24.4,24.9,1.9,8.2,8,0,857,3,13,50,4192,5116
2010,ON,33,41.8238,-82.8967,10,25.3,25.4,1.2,7.5,,4,473,147,4,369,4166,5163
2012,ON,92,41.9412,-82.5518,10,23.6,24.4,1.9,8.3,8,4,936,258,47,36,1703,2983
2019,OH,970,41.6335,-82.7623,10,23.1,24,1.2,4.6,,0,36,0,0,86,946,1069
2007,ON,64,41.7007,-82.7215,10,22.8,23,2,7.5,,0,15,653,0,77,1867,2612
2010,ON,61,41.8023,-82.7338,10,24.6,24.6,1.3,7.8,,0,0,20,0,20,9067,9107
2008,ON,61,41.8025,-82.7358,10,23.4,23.4,1.9,8.7,,0,8,0,0,23,2793,2823
2007,ON,61,41.8028,-82.7328,10,23.1,23.2,2.1,7.2,,0,61,35,0,269,5947,6312
2009,ON,61,41.803,-82.731,10,24.8,24.9,2.5,7.2,,0,0,23,73,204,6484,6784
2011,ON,61,41.8043,-82.7322,10,23.5,24.2,2,6.5,,0,4,4,27,88,3050,3173
2016,ON,61,41.8048,-82.73,10,25.3,25.8,1.3,8.5,8.8,0,19,4,0,52,2641,2715
2019,OH,905,41.8488,-83.1359,10,23.9,24.8,2.1,7.1,,0,0,0,0,163,4581,4744
2019,OH,911,41.8632,-83.1043,10,23.7,24.8,2.1,7.5,,0,9,0,0,26,4466,4501
2009,ON,99,41.9317,-82.5277,10,17.8,23.4,2.4,4.5,,0,0,0,0,82,516,597
2006,ON,99,41.933,-82.5227,10,24.8,24.5,1.5,9,,0,0,7,4,136,93,240
2007,ON,92,41.9398,-82.5513,10,23.4,23.4,1.8,8.8,,0,818,711,4,223,6361,8117
2007,ON,66,41.9743,-82.6933,10,25,25,1.8,8.1,,0,45,19,63,178,5894,6198
2008,ON,75,41.9778,-82.6347,10,22.3,22.4,3.5,7.1,,0,0,66,0,25,178,269
2010,ON,75,41.98,-82.6362,10,23.1,25.2,1.6,6.4,,0,708,4,0,0,252,964
2012,ON,61,41.8045,-82.7322,9.9,23.7,23.7,2.5,9.2,9,0,59,111,111,63,21646,21991
2018,ON,95,41.8088,-82.5825,9.9,24.8,25.8,1.5,6.3,8,0,3,0,0,397,4884,5284
2019,ON,21,41.949,-82.9813,9.9,24,24.9,,7.3,8.4,0,0,0,0,283,4701,4984
2007,OH,996,41.4533,-82.5983,9.8,23,23.1,0.9,,,0,0,161,0,383,1884,2429
2011,OH,996,41.455,-82.5967,9.8,24.2,25.6,2.4,7.3,,0,12,0,0,34,3090,3136
2014,OH,996,41.4565,-82.5988,9.8,22.5,23.9,1.5,8.1,,0,57,0,0,116,1567,1740
2009,OH,975,41.635,-82.7417,9.8,23.2,23.3,1.5,7.8,,0,31,213,0,29243,2742,32229
2014,OH,975,41.6357,-82.7442,9.8,22.3,22.6,1.5,8.6,,0,304,0,0,113,1499,1916
2013,OH,975,41.6367,-82.74,9.8,22.1,23.5,1.2,6.7,,0,10027,3433,0,282,12516,26257
2007,OH,975,41.6367,-82.7467,9.8,23.4,24.5,1.5,,,0,170,7,0,445,3007,3628
2016,OH,975,41.6369,-82.7404,9.8,25.1,25.2,2,7.2,,0,179,0,0,73,3059,3312
2018,OH,34,41.7658,-82.8923,9.8,24,24,1.2,7.8,,0,0,6,12,159,1237,1414
2015,OH,34,41.7672,-82.8965,9.8,22.1,23.2,1.2,8,,0,0,0,8,57,2201,2266
2014,OH,34,41.7672,-82.8965,9.8,22.1,22.4,1.5,9,,0,0,6,4,9,4535,4555
2017,OH,34,41.7675,-82.8902,9.8,23.8,23.8,2.4,8.6,,0,36,0,0,23,3688,3748
2011,ON,87,41.8018,-82.5867,9.8,21.5,21.8,3.3,7,,0,0,0,0,22,54,75
2019,ON,54,41.7805,-82.7772,9.7,24.6,25,1.8,6.7,6.7,0,0,0,0,237,7158,7396
2019,OH,8,41.8917,-83.0959,9.7,23.8,24.9,1.8,7.4,,0,9,0,4,122,1397,1532
2019,ON,56,42.0012,-82.7473,9.7,23,23,2,8.3,8.3,0,0,0,9,26,370,404
2019,ON,65,42.0143,-82.7057,9.6,23,23,1.9,8.4,8.4,0,12,0,96,171,534,813
2008,OH,996,41.4533,-82.5983,9.5,23.5,23.6,1.4,8.7,,0,19,6,116,784,2344,3269
2012,OH,996,41.4567,-82.5967,9.5,23.4,24.3,1.2,4.4,,0,755,788,0,65,6132,7741
2012,OH,975,41.6367,-82.74,9.5,23.6,23.7,1.5,5.9,,0,677,571,0,70,2320,3638
2011,OH,975,41.6367,-82.7417,9.5,21.1,25.9,1.5,3.8,,0,0,0,0,526,30,556
2006,OH,975,41.6367,-82.7467,9.5,24.3,24.9,2.1,8.9,,0,9,6,4,988,4253,5261
2008,OH,975,41.6367,-82.7467,9.5,22.7,22.7,1.5,8,,0,0,236,4,458,2311,3009
2017,ON,54,41.7618,-82.7678,9.5,23.5,23.7,2,8.4,8.2,0,0,0,0,223,953,1175
2007,OH,34,41.765,-82.89,9.5,23.6,25,1.5,7.7,,0,1116,87,54,739,15263,17260
2008,OH,34,41.765,-82.89,9.5,23.1,23.3,1.8,7.4,,0,11,760,0,153,68080,69004
2013,OH,34,41.765,-82.8933,9.5,21.8,22.8,1.2,7.3,,0,947,0,0,69,2528,3545
2007,OH,931,41.765,-82.9683,9.5,23.3,23.5,1.8,7.9,,0,51,0,147,1735,11157,13089
2009,OH,34,41.7667,-82.8933,9.5,23.7,24.2,1.8,8.1,,0,14039,701,0,890,13240,28870
2016,OH,931,41.7669,-82.9698,9.5,25.1,25.2,2.7,8.1,,0,0,0,0,4,5962,5966
2018,OH,931,41.7677,-82.9695,9.5,24,24,1.8,7.9,,0,0,0,16,431,2323,2770
2011,OH,34,41.7683,-82.8917,9.5,24.2,25.4,1.2,6.2,,0,0,21,0,143,2142,2306
2017,OH,931,41.7685,-82.9692,9.5,23.7,23.7,2.4,8.6,,0,0,0,4,141,5233,5378
2015,OH,931,41.7697,-82.9693,9.5,22,22.8,1.8,8.2,,0,38,0,12,11,2407,2468
2011,OH,931,41.77,-82.97,9.5,24.7,26.3,1.2,7.3,,0,22,42,0,206,4793,5064
2015,ON,87,41.8047,-82.586,9.5,22.2,23.4,1,9.9,9.8,0,4,0,0,3127,3238,6369
2010,ON,99,41.9322,-82.5265,9.5,25.4,25.5,,8.5,,0,11,18,0,4,749,782
2019,ON,11,41.94,-83.048,9.5,23.8,24.4,2.1,8.1,8.2,0,0,0,0,176,2379,2556
2019,ON,20,41.9733,-82.98,9.5,24.1,25.2,,7,7.3,0,4,0,0,168,2285,2457
2019,ON,82,42.0042,-82.585,9.5,23.2,25,,5.5,6.5,0,187,0,4,52,829,1072
2017,ON,87,41.8065,-82.5868,9.4,23.2,23.9,3.1,7.5,7.9,4,0,0,2081,297,2040,4421
2006,ON,54,41.7612,-82.7687,9.4,24.3,24.8,2.2,7.8,,0,0,0,12,177,1375,1563
2006,ON,87,41.8042,-82.5955,9.4,24,24.2,3.1,7.2,,0,0,3,0,1058,538,1600
2013,ON,87,41.8047,-82.5858,9.4,22,22.8,3.5,8.1,8.5,0,0,0,4,178,41,223
2016,ON,87,41.8055,-82.5862,9.4,26.2,26.5,4.3,8.8,9,0,4,0,0,11,118,133
2014,ON,87,41.8062,-82.5873,9.4,22.9,23,2.2,9.6,9.7,0,0,0,3,7,645,656
2018,ON,83,42,-82.5915,9.4,25,25,1.5,8.3,8.1,0,0,364,0,90,10860,11315
2019,OH,943,41.6353,-82.9275,9.3,24.1,24.2,0.9,8.1,,0,0,0,4,72,3455,3531
2019,OH,896,41.8911,-83.1901,9.3,24.1,25.1,0.9,5.9,,0,0,0,0,23,1736,1759
2018,ON,11,41.9438,-83.0455,9.3,24.5,25.6,2,6.5,7.6,0,0,0,28,4146,3404,7578
2018,ON,21,41.9477,-82.9817,9.3,24.4,24.4,2,8.5,8.4,0,0,0,50,499,4041,4591
2017,ON,49,41.9992,-82.7517,9.3,23.5,24.1,3.1,8.1,8.2,0,4,0,123,327,1900,2354
2006,OH,996,41.4533,-82.5983,9.2,24.2,24.4,1.2,8.4,,0,0,87,0,63,521,672
2015,OH,969,41.6598,-82.7638,9.2,23.4,24.5,1.2,5.9,,0,0,0,40,192,3506,3738
2014,OH,969,41.6598,-82.7638,9.2,22.3,22.6,3.1,8.6,,0,210,0,0,15,1330,1555
2008,OH,969,41.66,-82.76,9.2,22.8,22.8,1.8,7.8,,0,10,6,0,1757,8500,10273
2017,OH,969,41.66,-82.7659,9.2,23.7,24.1,1.8,7.3,,0,0,0,4,10,1871,1885
2016,OH,969,41.661,-82.7625,9.2,25.1,25.1,2.1,7.1,,0,0,0,4,138,1270,1412
2009,OH,969,41.6617,-82.7633,9.2,23.4,23.5,1.5,7.6,,0,954,0,0,17095,3293,21342
2015,OH,958,41.6723,-82.8677,9.2,24.4,24.4,0.9,8.7,,0,186,12,125,204,3107,3634
2014,OH,958,41.6723,-82.8677,9.2,22.2,22.5,1.5,9.2,,0,0,0,0,107,16270,16377
2009,OH,958,41.6733,-82.8667,9.2,23.4,23.6,1.6,8.5,,0,756,801,52,5377,12825,19810
2017,OH,958,41.6734,-82.8671,9.2,23.8,24,2.4,8.3,,0,198,0,4,39,10187,10429
2018,OH,958,41.6745,-82.8639,9.2,24,24.1,0.9,7.5,,0,0,0,0,134,2679,2813
2006,OH,34,41.765,-82.89,9.2,24.9,25.2,1.8,8.6,,0,3020,103,30,536,4123,7813
2012,OH,34,41.765,-82.8933,9.2,23.4,23.5,2.1,7.3,,0,3561,0,0,249,12916,16726
2015,ON,54,41.7657,-82.7683,9.2,23.9,24.5,1.5,7,7.1,0,18,50,0,276,674,1018
2010,OH,931,41.7667,-82.97,9.2,24.7,24.7,1.3,7.4,,0,0,230,0,41,1584,1854
2012,OH,931,41.7667,-82.9717,9.2,23.3,23.4,1.8,7.2,,0,181,0,0,226,9098,9505
2013,OH,931,41.7667,-82.9717,9.2,21.6,22.8,2.1,6.1,,0,0,0,0,53,1726,1779
2009,OH,931,41.7683,-82.9717,9.2,24.6,24.8,3.1,7,,0,12171,288,0,3,2043,14504
2014,OH,931,41.7697,-82.9693,9.2,22.4,23.4,3.1,8.6,,0,0,0,0,12,112,124
2008,ON,87,41.8027,-82.5865,9.2,20,21.5,3,4.7,,0,0,0,0,22,7,29
2012,ON,87,41.8058,-82.5867,9.2,23.4,24.6,2.5,7.6,7.3,0,26,260,4,4,527,820
2017,OH,918,41.8369,-83.054,9.2,23.4,23.5,1.8,9.3,,0,0,0,4,394,5070,5468
2018,OH,918,41.8383,-83.0544,9.2,23.9,23.9,2.7,8,,0,9,0,8,146,7797,7960
2015,OH,918,41.8392,-83.0528,9.2,22,22.5,1.2,8.3,,0,76,0,16,138,2807,3037
2015,OH,905,41.8475,-83.134,9.2,21.8,22.2,1.5,8.5,,0,128,6,4,120,1329,1588
2017,ON,21,41.9487,-82.982,9.2,23.4,24.1,2.7,7.5,7.6,0,4,0,30,159,3601,3794
2015,ON,21,41.9513,-82.9813,9.2,23.2,24.6,2.2,8.1,8.5,0,32,4,18,32,4682,4769
2018,ON,56,42.0002,-82.7463,9.2,24.7,24.7,1.5,8.1,8.1,0,0,0,116,777,7932,8824
2018,ON,54,41.7653,-82.7727,9.1,25,25.3,2,8,8.4,0,143,0,0,516,3901,4561
2013,ON,54,41.7662,-82.7677,9.1,22.2,23.8,1.3,5.9,6.9,0,0,0,0,165,247,412
2007,ON,87,41.8035,-82.5867,9.1,24.8,24.9,3.1,8.6,,0,0,0,0,255,2131,2386
2006,ON,21,41.9507,-82.9822,9.1,24.2,24.3,3.1,7.8,,0,37,0,91,2453,4439,7020
2013,ON,21,41.9517,-82.9818,9.1,20.9,23.4,3,7.7,7.1,0,0,0,12,749,1721,2482
2017,ON,91,41.9703,-82.549,9.1,17.8,24.5,2,2.7,4.2,0,0,0,39,215,283,538
2016,ON,57,41.997,-82.7487,9.1,25.4,25.4,1.5,8.7,8.6,0,0,15,197,70,771,1053
2006,ON,49,41.9987,-82.7508,9.1,24.4,24.4,1.6,8,,0,15,42,146,196,1790,2190
2013,ON,56,42.0013,-82.7485,9,21.8,23.4,2.7,7.4,8,18,11,82,32,61,696,900
2019,OH,952,41.6035,-82.8974,9,24.3,24.9,1.2,8.5,,0,0,0,0,49,1974,2023
2010,ON,54,41.7638,-82.7697,9,24.5,24.5,1.3,8,,0,0,0,4,295,550,849
2012,ON,54,41.7643,-82.7685,9,23.5,23.5,2.1,8.6,8.6,0,0,446,42,376,3292,4156
2016,ON,54,41.7653,-82.7678,9,25.2,25.3,2.1,8.3,7.7,0,4,0,7,323,2599,2933
2018,ON,54,41.7807,-82.7795,9,24.9,25.4,1,8,8.3,0,0,0,0,360,2047,2407
2015,ON,54,41.7818,-82.779,9,23.9,24.6,1.6,6.9,8.4,0,19,0,15,89,3880,4002
2017,ON,11,41.9423,-83.0467,9,23.2,23.6,1.7,8.8,9.1,0,0,0,342,933,1175,2451
2013,ON,11,41.9433,-83.0497,9,21.7,21.8,2,8.8,8.6,0,0,31,65,542,4356,4994
2016,ON,21,41.9487,-82.9822,9,24.7,25.1,1.7,8.7,9.2,0,4,0,4,142,868,1018
2014,ON,21,41.949,-82.9863,9,21.7,21.8,1.5,7.1,7.4,0,0,0,7,471,5719,6198
2009,ON,21,41.9503,-82.9825,9,22.9,24.9,2.5,3.6,,0,0,4,19,56,63,141
2013,ON,91,41.9688,-82.549,9,22.8,23.2,2.5,8.2,9,0,0,0,0,52,199,251
2009,ON,91,41.9702,-82.5508,9,23.2,23.7,2,7.3,,0,22,119,11,11,2385,2548
2006,ON,91,41.9705,-82.5535,9,23.3,24.6,1.8,6.6,,0,0,28,0,0,20,48
2006,ON,20,41.974,-82.9805,9,24.3,24.4,2.7,7.6,,0,4,54,31,2708,3012,5808
2011,ON,57,41.9985,-82.7483,9,19.3,24.2,3.5,3.1,,0,4,0,0,0,0,4
2012,ON,49,41.9988,-82.7507,9,23.4,23.5,2,7.6,7.7,0,666,160,66,163,8053,9108
2010,ON,49,41.9997,-82.751,9,24.1,24.5,1.3,5.4,,0,24,159,8,4,398,594
2015,ON,56,42.0028,-82.7473,8.9,23.5,24.6,1.9,7.6,8.1,4,240,0,11,11,7698,7963
2019,OH,996,41.4489,-82.6029,8.9,23.8,24.7,1.5,3.8,,0,0,0,0,11,1941,1952
2011,ON,54,41.754,-82.7698,8.9,23.4,24.6,2,5.9,,0,280,4,0,58,2482,2823
2008,ON,54,41.7638,-82.7717,8.9,23.2,23.2,1.5,8.2,,0,0,0,0,167,530,697
2007,ON,54,41.7643,-82.769,8.9,23,23.1,1.7,7.9,,0,141,159,0,41,438,779
2009,ON,54,41.7647,-82.7673,8.9,24.6,24.6,2,6.6,,0,0,0,0,307,669,976
2014,ON,54,41.7652,-82.7712,8.9,22.3,22.5,2.1,10,10.1,0,12,19,0,100,3765,3895
2015,ON,11,41.9397,-83.0457,8.9,23,23.1,2.2,9.1,9,0,7,0,52,134,3156,3349
2012,ON,21,41.9502,-82.9845,8.9,23.1,23.3,2.6,8.6,8.3,0,0,173,138,230,2774,3315
2008,ON,21,41.951,-82.9807,8.9,22.8,22.9,2.8,8.5,,0,0,7,4,7,20322,20340
2016,ON,91,41.9692,-82.5477,8.9,26.4,27.2,2.6,7.9,8,0,305,0,4,22,97,427
2017,ON,20,41.974,-82.9818,8.9,23.6,24.2,2.5,7.2,7.8,0,207,0,0,20,5976,6203
2014,ON,49,41.9997,-82.753,8.9,22.2,22.2,1.6,10.1,9.7,0,31,21,21,66,4094,4233
2015,ON,82,42.003,-82.5885,8.9,24.4,24.6,1.9,8.6,8.7,0,1804,21,4,12,310,2151
2017,ON,82,42.0042,-82.5853,8.9,19.6,23.8,1.2,4.1,4.3,0,7,0,11,100,2196,2314
2010,OH,918,41.8367,-83.055,8.8,24.2,24.3,1.8,5.8,,5,44,414,0,206,5092,5761
2017,OH,970,41.6329,-82.7665,8.8,23.6,24.5,1.5,6.4,,0,19,0,0,74,1254,1347
2018,OH,970,41.6342,-82.763,8.8,23.6,23.8,1.2,6.8,,0,0,0,4,14,1065,1083
2006,OH,969,41.66,-82.76,8.8,24.5,24.9,2.1,8.7,,0,106,7,0,866,1134,2113
2007,OH,969,41.66,-82.76,8.8,23.5,24.4,1.5,6.7,,0,112,6,26,381,2623,3148
2011,OH,969,41.66,-82.7633,8.8,21.9,25.4,1.2,4.6,,0,0,7,0,188,83,278
2013,OH,969,41.6617,-82.7633,8.8,22.2,23.6,1.2,6.4,,0,18,317,0,143,1400,1878
2015,OH,943,41.6645,-82.927,8.8,24.2,24.3,0.9,8.2,,0,151,0,440,336,6160,7087
2017,OH,943,41.6646,-82.9268,8.8,23.8,24.1,2.1,8,,0,301,0,4,36,4874,5215
2018,OH,943,41.6672,-82.9243,8.8,23.6,23.9,0.9,6.6,,0,27,75,8,103,2297,2510
2007,OH,958,41.67,-82.8517,8.8,23.6,24,1.5,7.7,,0,213,141,0,157,13731,14242
2008,OH,958,41.67,-82.8517,8.8,23.3,23.3,1.5,8,,0,0,0,0,608,29448,30056
2010,OH,958,41.6717,-82.865,8.8,25.7,25.7,0.9,7.4,,0,10,6,0,165,3335,3517
2013,OH,958,41.6733,-82.8633,8.8,21.9,23.5,1.1,7.2,,0,0,18,0,128,4610,4757
2011,OH,958,41.6733,-82.865,8.8,24.4,24.9,1.2,6.6,,0,510,147,0,305,2709,3672
2008,OH,931,41.765,-82.9683,8.8,22.9,22.9,1,9.4,,0,9,125,52,142,386,715
2019,OH,888,41.7796,-83.2309,8.8,23.9,25.4,1.2,7,,0,0,0,0,16,1437,1453
2011,ON,54,41.7805,-82.7792,8.8,23.8,24.3,2.5,5.6,,0,8,17,0,765,931,1721
2010,ON,54,41.7815,-82.777,8.8,24.7,24.6,1.1,7.9,,0,8,23,0,146,7537,7714
2019,OH,898,41.8167,-83.1908,8.8,23.9,25.3,1.2,7,,0,0,0,0,30,2180,2210
2006,OH,918,41.8367,-83.0533,8.8,23.8,23.8,2.4,8.3,,0,0,0,133,350,2663,3146
2011,OH,918,41.8367,-83.055,8.8,24.2,24.3,1.8,5.8,,0,0,0,0,97,1213,1310
2013,OH,918,41.8367,-83.0567,8.8,21.5,23.1,2.7,7.2,,0,0,0,0,275,781,1056
2016,OH,918,41.838,-83.0537,8.8,25.2,25.3,2.4,7.5,,0,9,0,19,46,1839,1913
2009,OH,918,41.8383,-83.0567,8.8,23.8,24.8,3.1,2.2,,0,4491,40,0,14,108,4654
2014,OH,918,41.8392,-83.0528,8.8,22,22.9,4,8.3,,0,0,0,0,136,4794,4930
2018,OH,905,41.8471,-83.1332,8.8,23.7,23.8,2.4,8.2,,0,9,0,0,15,1392,1417
2017,OH,905,41.8485,-83.1341,8.8,23.6,23.6,1.5,9.4,,0,0,0,0,339,1870,2210
2017,OH,911,41.8611,-83.1046,8.8,23.5,23.5,1.8,9.1,,0,0,69,8,403,1258,1738
2018,OH,911,41.8615,-83.1015,8.8,23.8,23.7,2.7,8.1,,0,0,0,4,323,4688,5015
2015,OH,911,41.8618,-83.1023,8.8,21.7,21.9,2.1,8.4,,0,123,0,0,59,325,506
2007,ON,21,41.9488,-82.9847,8.8,22.6,22.6,1.4,8.2,,0,461,493,10,357,777,2099
2010,ON,21,41.952,-82.9847,8.8,24.4,24.4,2,8.3,,0,8,0,280,3930,1087,5305
2015,ON,20,41.9762,-82.9787,8.8,23.4,24.9,2.4,9.1,7.8,0,20,8,131,56,2817,3032
2008,ON,57,42,-82.7475,8.8,22.9,23,2.5,8,,0,0,351,118,72,1764,2305
2012,ON,54,41.7813,-82.779,8.7,23.5,23.6,2.3,8.8,8.8,0,154,0,538,204,32864,33760
2013,ON,54,41.7832,-82.7783,8.7,22.2,23.9,1,6.3,6.7,0,46,12,0,327,4448,4833
2009,ON,11,41.9397,-83.0473,8.7,23.3,23.5,2,7.5,,0,4,0,0,181,200,384
2007,ON,11,41.9418,-83.0487,8.7,24.5,24.8,1.6,8.3,,0,4,223,123,734,684,1767
2012,ON,11,41.9422,-83.0448,8.7,22.7,22.9,2.4,8.5,8.4,0,4,22,11,126,1502,1665
2016,ON,11,41.9443,-83.0463,8.7,25.3,25.5,1.7,8.2,8.2,0,10,0,57,3674,1499,5240
2011,ON,21,41.948,-82.982,8.7,23.6,23.7,1.8,6.3,,0,4,0,4,12,446,465
2015,ON,91,41.9682,-82.5443,8.7,20.8,24.2,2.4,5.7,6.2,0,0,0,0,64,303,367
2018,ON,20,41.9732,-82.9785,8.7,24.4,24.4,1.8,8.4,8,0,0,0,3,6,76,85
2014,ON,20,41.9757,-82.9828,8.7,21.9,22,1.7,9.1,7.4,0,0,0,0,148,1231,1380
2013,ON,20,41.9765,-82.9782,8.7,21.6,23.4,2.8,7.2,8.9,0,0,4,4,90,43,140
2007,ON,49,42,-82.7517,8.7,22.9,22.9,2,8.1,,0,711,31,342,65,16134,17283
2006,ON,11,41.9425,-83.0492,8.6,23.8,23.8,1.7,8.1,,7,0,0,0,1647,3294,4948
2017,ON,54,41.7775,-82.7795,8.6,23.6,23.6,1.5,8.6,8,0,54,0,0,2278,8321,10652
2014,ON,54,41.7805,-82.7805,8.6,22.3,22.5,1.3,9.6,9.5,0,30,59,19,70,10029,10207
2016,ON,54,41.7818,-82.7782,8.6,25.2,25.4,1.7,8.2,8.3,0,1245,0,0,54,4491,5789
2010,ON,11,41.9423,-83.0443,8.6,24.3,24.5,1.8,8,,0,8,0,19,3738,392,4156
2008,ON,11,41.9428,-83.046,8.6,22.3,22.6,2.3,7.9,,0,0,0,0,147,724,871
2010,ON,91,41.968,-82.5495,8.6,25.6,25.6,1,8.2,,0,17,0,0,0,871,888
2014,ON,91,41.9712,-82.5477,8.6,22.7,23.2,2.1,8.8,8.9,0,4,0,0,4,20,28
2011,ON,20,41.9728,-82.9782,8.6,22.9,23.9,2.4,4.4,,0,0,0,46,8,37,91
2014,ON,82,42.0045,-82.5868,8.6,22.8,22.8,1.9,9.3,9.6,0,22,262,4,34,990,1312
2013,OH,911,41.86,-83.1033,8.5,21.7,23.4,1.8,7.7,,4,0,0,0,326,6238,6567
2015,OH,970,41.6322,-82.7668,8.5,24.4,24.8,1.2,8.1,,0,9,66,24,435,1337,1871
2014,OH,970,41.6322,-82.7668,8.5,22.3,22.7,1.5,8.9,,0,224,0,0,189,1756,2170
2009,OH,970,41.6333,-82.765,8.5,23.3,23.3,1.2,8.2,,0,12,213,0,2551,2147,4923
2016,OH,970,41.634,-82.7627,8.5,25.1,25.2,2.5,7.4,,0,0,0,4,35,1352,1392
2012,OH,969,41.6617,-82.7633,8.5,23.7,23.7,1.5,6.3,,0,699,323,0,71,2652,3745
2014,OH,943,41.6645,-82.927,8.5,22.2,22.3,1.5,8.9,,0,0,25,0,29,8186,8240
2013,OH,943,41.665,-82.9233,8.5,22,23.9,1.5,7.6,,0,0,149,0,796,1948,2894
2016,OH,943,41.6657,-82.9236,8.5,25.3,25.3,1.5,8,,0,0,0,0,99,8345,8444
2006,OH,958,41.67,-82.8517,8.5,24.6,25.1,2.1,8,,0,20,413,0,371,14725,15530
2012,OH,958,41.6733,-82.8633,8.5,23.4,23.5,1.8,6.2,,0,245,0,0,94,8490,8830
2009,ON,54,41.7802,-82.7832,8.5,24.7,24.8,2.3,6.5,,0,6342,19,267,163,12729,19520
2008,ON,54,41.7815,-82.7767,8.5,23.4,23.4,1.8,8.7,,0,0,4,0,757,13486,14246
2007,OH,918,41.8367,-83.0533,8.5,22.4,23.2,1.8,6.3,,0,10,0,523,722,7985,9240
2012,OH,918,41.8367,-83.0567,8.5,22.5,22.6,3.7,6.6,,0,10,0,0,139,4308,4456
2016,OH,905,41.8463,-83.1349,8.5,25.2,25.4,2.4,7.5,,0,0,0,32,151,711,894
2006,OH,905,41.8467,-83.1333,8.5,23.7,23.9,1.5,7.7,,0,9,30,1848,420,4529,6837
2010,OH,905,41.8467,-83.135,8.5,24,24.2,1.8,5.8,,0,43,27,0,497,8009,8575
2009,OH,905,41.8467,-83.1367,8.5,23.8,25,2.1,3.5,,0,0,1719,0,143,1559,3421
2013,OH,905,41.8467,-83.1367,8.5,21.8,24,1.5,4.7,,0,0,0,0,98,1749,1847
2014,OH,905,41.8475,-83.134,8.5,22,22.8,2.7,8.1,,0,0,0,0,196,3754,3950
2011,OH,905,41.8483,-83.1333,8.5,24,24.4,1.8,8.3,,0,0,0,0,385,1690,2076
2019,OH,886,41.8544,-83.2297,8.5,24,25.1,0.9,6.4,,0,0,0,0,52,777,828
2006,OH,911,41.86,-83.1,8.5,23.6,24.1,1.8,7.9,,0,0,813,3680,992,3374,8860
2016,OH,911,41.8602,-83.1029,8.5,25.3,25.4,1.5,7.5,,0,0,0,12,41,1713,1766
2009,OH,911,41.8617,-83.1033,8.5,23.9,25.4,1.8,4,,0,46,519,0,886,3518,4968
2014,OH,911,41.8618,-83.1023,8.5,21.8,22.9,3.1,8.7,,0,0,0,0,66,5866,5932
2011,OH,911,41.8633,-83.1033,8.5,23.9,24.1,2.1,8,,0,0,0,0,245,1136,1380
2018,OH,8,41.8902,-83.0936,8.5,23.8,23.8,1.8,8.1,,0,0,242,23,536,2546,3347
2017,OH,8,41.8908,-83.0975,8.5,23.4,23.4,2.4,8.9,,0,0,0,15,195,1303,1513
2015,OH,8,41.8912,-83.0943,8.5,21.3,21.5,2.4,8.7,,0,9,0,0,40,110,160
2009,OH,8,41.8917,-83.0983,8.5,25,25.4,2.1,7.4,,0,0,428,0,286,855,1569
2014,ON,11,41.9402,-83.0442,8.5,22.4,22.5,1.1,10.3,10.6,0,72,88,8,1263,7916,9346
2011,ON,11,41.9425,-83.0457,8.5,23.7,24.1,1.6,10.9,,0,0,0,0,58,4,61
2011,ON,91,41.9708,-82.5458,8.5,21.1,24.7,1.6,5.3,,0,4,0,27,27,35,92
2019,ON,91,41.972,-82.5452,8.5,24.3,24.3,1.7,9.1,8.4,0,0,0,0,36,908,944
2012,ON,20,41.9735,-82.981,8.5,23.2,23.5,2.3,8.1,9,0,40,20,3956,474,1713,6203
2009,ON,20,41.9737,-82.9788,8.5,22.8,25,2.3,3.2,,0,24,16,199,3685,2183,6107
2016,ON,20,41.9742,-82.9798,8.5,24.9,25,1.3,8.7,8.8,0,4,0,47,280,1276,1606
2016,ON,82,42.0053,-82.5855,8.5,24.9,24.8,1.3,8.3,8.3,0,0,0,22,11,817,850
2008,ON,82,42.0057,-82.5867,8.5,22.9,22.8,1.7,8.5,,0,0,4,54,124,832,1014
2013,ON,82,42.0063,-82.5853,8.5,22.1,23.4,2.6,7.9,7.1,0,103,0,29,152,445,728
2007,ON,54,41.7807,-82.7788,8.4,23.1,23.2,1.9,7.9,,0,92,108,12,96,4114,4422
2010,ON,20,41.9733,-82.9798,8.4,24.6,24.6,1.8,8.1,,0,12,0,77,246,2908,3242
2007,ON,20,41.9737,-82.979,8.4,22.6,22.6,1,8.1,,0,140,398,22,387,1509,2456
2019,ON,6,41.9755,-83.0835,8.4,24.1,24.9,1.9,8.4,8.2,0,4,0,0,310,794,1109
2008,ON,20,41.9765,-82.9797,8.4,22.8,22.9,3,8.2,,0,0,4,4,80,1004,1092
2013,ON,65,42.0188,-82.7022,8.3,22.6,22.7,1.8,8.2,8.6,4,0,0,119,234,1621,1978
2006,ON,54,41.7788,-82.7792,8.3,24.4,24.6,2,7.8,,0,8,238,0,250,57111,57607
2010,ON,87,41.8035,-82.5872,8.3,17.7,25.4,1.7,2.7,,0,0,184,0,0,388,572
2019,ON,35,41.9835,-82.8688,8.3,24,24.8,,6.3,7.9,0,0,0,11,34,617,662
2015,ON,65,42.0182,-82.7038,8.3,23.6,23.6,2,8.4,8.4,0,4,0,7,75,1205,1291
2013,OH,970,41.635,-82.7617,8.2,22.2,22.9,1.8,7.1,,0,1020,227,0,126,505,1878
2011,OH,970,41.635,-82.765,8.2,22.7,24.5,1.5,5.2,,0,0,142,0,37,577,756
2007,OH,970,41.6367,-82.755,8.2,23.4,23.6,1.5,,,0,19,60,28,577,2666,3350
2008,OH,970,41.6367,-82.755,8.2,22.7,22.7,0.9,8.7,,0,38,0,0,263,965,1266
2006,OH,943,41.6633,-82.925,8.2,24.5,25.2,1.5,8.2,,0,214,710,0,250,8674,9848
2012,OH,943,41.665,-82.9233,8.2,23.3,23.6,1.2,5.8,,0,293,24,0,330,10826,11473
2019,OH,879,41.8285,-83.2684,8.2,23.9,25.3,0.9,6.4,,0,0,0,0,89,3525,3614
2008,OH,918,41.8367,-83.0533,8.2,22.5,23,2.1,6.7,,0,39,0,46,559,1516,2159
2008,OH,905,41.8467,-83.1333,8.2,22.7,23,2.1,6.2,,0,191,0,112,367,1810,2481
2012,OH,905,41.8467,-83.1367,8.2,22.7,23.8,4.9,5.5,,0,0,0,0,20,1603,1622
2007,OH,911,41.86,-83.1,8.2,22.7,23.5,1.8,5.9,,0,27,0,73,300,3855,4255
2008,OH,911,41.86,-83.1,8.2,22.5,22.9,2.5,7,,0,0,0,12,86,620,718
2012,OH,911,41.86,-83.1033,8.2,22.6,22.8,4.3,6,,0,0,0,0,21,86,107
2010,OH,911,41.8617,-83.1017,8.2,23.8,23.8,1.8,6.2,,0,29,6,0,637,4954,5626
2013,OH,8,41.89,-83.0967,8.2,21.4,22.8,2.4,6.9,,0,0,0,0,1150,4207,5356
2015,OH,896,41.8908,-83.188,8.2,21.8,22.2,1.5,8.2,,0,0,0,0,73,835,908
2016,OH,8,41.8909,-83.0946,8.2,24.8,25,1.8,7.8,,0,0,0,0,513,2884,3397
2014,OH,8,41.8912,-83.0943,8.2,21.6,23.2,1.8,8.4,,0,9,0,8,411,3387,3815
2008,OH,8,41.8917,-83.0933,8.2,22.8,23,2.2,9.8,,0,11,0,27,230,2426,2694
2011,OH,8,41.8917,-83.095,8.2,23.9,24,1.5,7.8,,0,0,0,0,121,668,789
2008,ON,91,41.9655,-82.5425,8.2,21.4,21.8,2.1,7.6,,0,28,33,14,108,1090,1272
2017,ON,65,42.0202,-82.705,8.1,23.5,24.1,1.5,8,8.1,4,1625,100,68,219,13589,15604
2012,ON,91,41.9698,-82.5452,8.1,24.3,24.3,1.2,8.8,7.6,0,296,31,8,12,5585,5931
2015,ON,35,41.9785,-82.8667,8.1,23.5,24.5,2.1,7.6,7.8,0,0,0,207,269,388,864
2016,ON,65,42.0188,-82.7015,8.1,25.8,22.8,1.3,8.2,8.2,0,4,0,19,92,2605,2720
2018,ON,65,42.02,-82.706,8.1,24.8,25.2,1.5,5.4,6,0,43,11,72,896,16615,17636
2007,ON,91,41.971,-82.5462,8,22.4,25.5,1.6,9,,0,0,0,0,0,41,41
2012,ON,19,42.0052,-82.5803,8,23.5,23.9,1.4,8,7.5,0,2209,11206,0,61,26299,39775
2007,ON,82,42.0057,-82.5895,8,23.8,23.9,1.5,9,,0,2155,430,8,8,2992,5593
2009,ON,82,42.008,-82.5872,8,20,26.1,1.2,7.7,,0,20,374,80,1514,323,2311
2008,ON,65,42.0185,-82.7012,8,22.5,23.1,3.4,7.3,,0,0,1446,4,36,96,1582
2019,OH,989,41.4741,-82.6534,7.9,24.1,24.2,1.5,6.1,,0,9,0,0,96,3883,3989
2012,OH,970,41.635,-82.7617,7.9,23.5,23.6,1.5,7.1,,0,363,105,4,134,4995,5602
2017,OH,943,41.6353,-82.9309,7.9,23.7,24,2.1,8.1,,0,36,0,0,38,9304,9378
2018,OH,943,41.6366,-82.9276,7.9,23.7,24,1.2,6.9,,0,73,0,0,70,1418,1561
2010,OH,943,41.6467,-82.9233,7.9,25.7,26,1.2,7.6,,0,10,850,0,56,2729,3645
2011,OH,943,41.6483,-82.9233,7.9,24.4,26.9,0.6,8.4,,0,36,8,0,167,1440,1651
2007,OH,943,41.6633,-82.925,7.9,23.4,25.2,1.5,7.6,,0,20,26,0,329,17769,18143
2012,OH,8,41.89,-83.0967,7.9,22.6,22.8,2.1,6.4,,0,10,0,0,301,4468,4779
2017,OH,896,41.891,-83.1901,7.9,23.8,23.8,2.4,8.9,,0,0,0,4,106,6217,6326
2006,OH,8,41.8917,-83.0933,7.9,23.5,24.1,1.3,7.9,,0,0,23,1180,880,2439,4523
2007,OH,8,41.8917,-83.0933,7.9,22.8,23.6,1.5,8.1,,0,0,25,370,351,1362,2107
2010,OH,8,41.8917,-83.095,7.9,23.7,23.7,1.8,6.5,,0,11,0,0,160,417,588
2006,OH,896,41.8917,-83.1867,7.9,23.7,24.3,1.5,7.9,,0,0,0,2692,497,2144,5333
2017,ON,35,41.9822,-82.869,7.9,23.7,24.4,2.2,8,8,0,20,0,16,48,52,135
2009,ON,65,42.0188,-82.702,7.9,23,23.1,1.5,6.6,,0,5176,5910,108,221,7706,19121
2014,ON,65,42.0197,-82.7017,7.9,22.8,22.6,1.8,7.8,8.1,0,40,4,0,0,729,773
2019,OH,873,41.7672,-83.2992,7.8,23.8,26.1,0.9,7.1,,0,0,6,0,102,888,996
2019,ON,99,41.9345,-82.5217,7.8,24,24,1.8,8.6,8.8,0,0,0,0,0,3824,3824
2018,ON,35,41.9813,-82.8677,7.8,24.8,24.8,2,8.1,8,0,0,0,38,19,246,303
2006,ON,35,41.9815,-82.8677,7.8,24.5,24.5,2.1,8.1,,0,0,4,0,19,111,134
2011,ON,82,42.0057,-82.5852,7.8,23.7,23.7,0.3,7.6,,0,8,15,12,8,19,61
2010,ON,82,42.0065,-82.586,7.8,21.4,24.3,1.4,3.3,,0,0,0,0,0,143,143
2018,ON,6,41.9713,-83.0882,7.7,25.3,25.7,,9.1,9.2,0,4,0,0,8121,1549,9673
2013,ON,35,41.9832,-82.865,7.7,22,23.5,2.7,7.7,7.8,0,4,0,0,4,23,31
2012,ON,65,42.0193,-82.7035,7.7,23.9,24.1,1.5,7.9,8,0,545,48,0,11,401,1005
2006,ON,56,42.0187,-82.7173,7.6,24.5,24.9,1.5,7,,4,5953,100,96,15,4410,10578
2017,OH,996,41.4476,-82.6188,7.6,22.9,23.1,2.4,6.9,,0,2961,0,0,4,10804,13768
2018,OH,996,41.4497,-82.6209,7.6,23.7,23.6,0.9,8.6,,0,18,0,0,0,229,247
2015,OH,996,41.4498,-82.6208,7.6,23.6,24.4,1.2,4.5,,0,49,6,0,870,1371,2296
2015,OH,943,41.6348,-82.9318,7.6,24.3,24.3,0.9,8.5,,0,216,0,129,284,2170,2798
2014,OH,943,41.6348,-82.9318,7.6,22.2,22.2,0.9,8.9,,0,0,0,0,37,372,410
2013,OH,943,41.635,-82.9283,7.6,22.1,24.5,1.2,7.2,,0,0,6,0,114,279,399
2009,OH,943,41.635,-82.9283,7.6,23.7,23.9,1.2,8.1,,0,208,60,0,296,2261,2825
2007,OH,943,41.635,-82.93,7.6,23.4,25.5,1.2,7.6,,0,10,516,173,527,28292,29519
2016,OH,943,41.6366,-82.9288,7.6,25.3,25.3,1.3,8,,0,9,0,16,40,3771,3836
2011,OH,943,41.6367,-82.9283,7.6,24.3,26.5,0.6,8.2,,0,22,0,5,181,1610,1817
2017,OH,888,41.778,-83.2285,7.6,23.6,23.8,2.1,8.5,,0,9,0,19,118,1649,1795
2009,OH,896,41.89,-83.1917,7.6,24.9,25.6,1.5,5.5,,0,10,949,0,379,330,1667
2013,OH,896,41.89,-83.1917,7.6,21.9,24.1,1.4,7.5,,0,9,0,0,182,3373,3564
2018,OH,896,41.8904,-83.1879,7.6,23.7,23.8,3.4,8,,0,0,0,0,21,2966,2988
2014,OH,896,41.8908,-83.188,7.6,21.9,23,2.7,8.4,,0,10,0,0,28,815,853
2016,OH,896,41.8908,-83.1903,7.6,25.9,26.1,1.8,7.5,,0,0,0,28,19,1306,1354
2011,OH,896,41.8917,-83.1883,7.6,24.2,24.5,2.4,8.2,,0,0,32,4,5517,3065,8618
2013,ON,6,41.9667,-83.0878,7.6,21,21.2,1.8,8.5,8.7,0,0,0,219,1014,599,1832
2009,ON,6,41.9672,-83.0868,7.6,22.9,23.8,2,7.6,,0,0,0,0,1450,11,1461
2017,ON,6,41.971,-83.0925,7.6,23.3,23.8,1.5,9.3,9.5,0,0,0,132,229,66,427
2007,ON,6,41.9688,-83.0902,7.5,24.3,24.7,1.5,8.4,,0,0,8,28,414,367,817
2011,ON,6,41.97,-83.0887,7.5,23.7,24.3,1.9,10.7,,0,0,20,0,984,131,1135
2009,ON,35,41.9822,-82.8675,7.5,22.9,25.5,2.1,3.6,,0,0,0,0,2562,104,2665
2016,ON,35,41.9823,-82.8653,7.5,25,25,1.6,8.9,8.9,0,0,0,16,26,75,117
2012,ON,35,41.9828,-82.867,7.5,23.6,23.7,2.6,8.3,8.2,0,101,0,0,62,73,236
2006,ON,19,42.0098,-82.5832,7.5,24.5,24.5,1.3,6.7,,0,81,511,63,63,2671,3388
2007,ON,65,42.0192,-82.7033,7.5,24.7,24.7,1.3,8,,0,885,25,695,33,3885,5523
2019,OH,890,41.7016,-83.2501,7.4,23.9,26.3,0.6,7.2,,0,0,0,7,95,876,979
2015,ON,6,41.9673,-83.0872,7.4,23.1,23.4,2,8.1,8.9,0,26,0,33,846,734,1639
2014,ON,6,41.9678,-83.0857,7.4,22,22,1.3,10,10.3,0,0,4,22,1058,1463,2546
2016,ON,6,41.9708,-83.0875,7.4,24.9,25.8,2.1,8.2,8.4,0,0,0,0,121,56,177
2007,OH,996,41.4467,-82.6167,7.3,22.8,23,1.5,,,0,39,763,0,155,5230,6188
2013,OH,996,41.4483,-82.6217,7.3,22.2,22.9,1.2,5.1,,0,47,191,0,111,3605,3954
2014,OH,996,41.4498,-82.6208,7.3,22.6,23.5,1.5,8.3,,0,98,6,0,25,1390,1520
2017,OH,952,41.6023,-82.9013,7.3,23.9,24,1.5,8.3,,0,383,0,4,23,2367,2777
2018,OH,952,41.6035,-82.8977,7.3,23.5,24.1,1.5,7.3,,0,73,0,0,5,1796,1874
2010,OH,943,41.6333,-82.9267,7.3,25.7,25.9,0.9,7.5,,0,0,54,0,8,267,328
2012,OH,943,41.635,-82.9283,7.3,23.3,23.5,1.5,5.4,,0,903,174,0,13,2766,3855
2006,OH,943,41.635,-82.93,7.3,24.5,25.2,1.8,8.4,,0,3591,68,224,374,639,4896
2008,OH,943,41.635,-82.93,7.3,23,23.3,1.5,7.4,,0,0,343,0,612,210,1165
2015,OH,888,41.779,-83.228,7.3,21.6,21.7,0.9,8,,0,1020,0,0,32,889,1942
2018,OH,888,41.7795,-83.2292,7.3,23.9,24.7,1.2,8.1,,0,9,0,0,248,1349,1607
2017,OH,898,41.8147,-83.1887,7.3,23.7,23.8,1.5,9.1,,0,0,0,0,30,187,217
2015,OH,898,41.815,-83.1877,7.3,21.9,22,0.9,7.7,,0,19,0,4,40,843,905
2018,OH,898,41.8162,-83.188,7.3,24.1,24.5,1.8,7.9,,0,0,189,0,5,1179,1373
2017,OH,886,41.8532,-83.2313,7.3,23.7,23.8,0.3,9.9,,0,0,0,4,83,683,770
2015,OH,886,41.8533,-83.2275,7.3,21.7,21.9,0.9,6.9,,0,10,0,4,4,263,281
2018,OH,886,41.8536,-83.2272,7.3,24,24.3,2.1,8,,0,0,0,0,16,1089,1105
2008,OH,886,41.855,-83.2283,7.3,23,23.9,2.7,8.9,,0,321,0,4,131,453,910
2010,OH,896,41.89,-83.1883,7.3,23.6,23.8,2,6.5,,0,13,0,0,1020,1057,2090
2012,OH,896,41.89,-83.1917,7.3,22.7,23.1,3.1,5.5,,0,0,105,0,95,283,483
2007,OH,896,41.8917,-83.1867,7.3,22.9,24.1,1.5,8,,0,0,0,65,167,277,509
2008,OH,896,41.8917,-83.1867,7.3,23.1,23.7,2.1,9,,0,0,0,26,272,265,563
2010,ON,6,41.9682,-83.0902,7.3,24,24.3,1.4,8.2,,0,11,0,0,140,61,212
2012,ON,6,41.9703,-83.087,7.3,22.6,23,2,8.4,8.3,0,4,4,1710,886,907,3510
2010,ON,35,41.9787,-82.868,7.3,24.8,24.9,1.9,8.4,,0,17,0,302,108,2490,2917
2008,ON,35,41.9808,-82.8628,7.3,22.9,22.9,3.5,8.1,,0,0,2143,0,390,363,2896
2007,ON,35,41.982,-82.8677,7.3,21.3,22.2,1.8,8.3,,0,60,52,12,12,231,367
2014,ON,35,41.9835,-82.8695,7.3,22.2,22.2,1.7,9.7,9.6,0,0,311,0,4,0,315
2019,ON,10,41.9995,-83.0583,7.3,23.9,24.7,2.2,8.3,8.3,0,0,0,4,131,1279,1414
2010,ON,65,42.0148,-82.6992,7.3,24.7,24.9,1.7,6.5,,0,32,163,315,4,964,1478
2006,OH,972,41.5733,-82.77,7.2,24.1,24.6,1.8,8.8,,0,0,7,0,108,1584,1699
2006,ON,6,41.969,-83.089,7.2,23.5,23.6,1.5,7.8,,0,0,0,478,2661,510,3649
2008,ON,6,41.971,-83.0905,7.1,22.2,22.6,1.9,5.8,,0,0,0,0,375,11,386
2013,OH,888,41.7783,-83.23,7,21.8,26,0.9,4.7,,4,0,0,4,23,21641,21672
2011,OH,996,41.4483,-82.62,7,24,25.8,1.4,7.3,,0,11,7,0,28,712,758
2012,OH,996,41.4483,-82.6217,7,23.5,24.1,0.9,4.7,,0,765,273,0,94,13473,14605
2015,OH,989,41.473,-82.6512,7,23.8,24.1,1.2,6.4,,0,0,0,0,412,317,729
2018,OH,989,41.473,-82.6516,7,23.5,23.4,0.7,8.5,,0,55,0,0,16,1692,1763
2007,OH,952,41.6017,-82.8983,7,23.4,25.2,0.9,7.9,,0,0,1829,0,199,4526,6554
2009,OH,952,41.6017,-82.8983,7,23.4,24.2,0.9,8.2,,0,0,0,0,76,5722,5798
2013,OH,952,41.6017,-82.9,7,22.1,24.9,1.5,7.9,,0,0,12,0,186,6436,6634
2015,OH,952,41.6023,-82.9013,7,24.7,24.8,0.9,7.9,,0,123,0,24,268,1108,1524
2014,OH,952,41.6023,-82.9013,7,22.2,22.2,1.2,9.1,,0,49,0,4,50,4440,4543
2016,OH,952,41.6031,-82.8984,7,25.3,25.3,1.2,8,,0,0,0,4,11,967,982
2011,OH,952,41.6033,-82.8983,7,24.1,25.6,1.2,7.2,,0,0,217,0,54,2263,2534
2009,OH,888,41.7783,-83.2317,7,24.8,25.8,2.1,6.7,,0,0,0,0,189,186,375
2014,OH,888,41.779,-83.228,7,22.4,22.7,1.8,9,,0,216,0,0,71,4665,4951
2011,OH,888,41.78,-83.23,7,24.3,25.4,1.2,8.1,,0,0,0,0,23,161,184
2016,OH,888,41.7805,-83.2303,7,25.1,27.1,1.2,7.4,,0,0,0,8,151,1608,1767
2009,OH,898,41.8133,-83.1883,7,24.5,25.4,2.1,4,,0,20,1730,0,83,1961,3793
2014,OH,898,41.815,-83.1877,7,22.2,22.8,3.1,8.5,,0,0,0,0,293,448,741
2013,OH,898,41.815,-83.1917,7,21.8,25.5,1.2,4.5,,0,9,0,0,52,2033,2094
2012,OH,898,41.815,-83.1917,7,23,23.2,2.7,5.6,,0,0,0,0,79,636,715
2016,OH,898,41.8162,-83.1907,7,25,26.4,1.2,7.9,,0,0,0,24,222,1003,1249
2006,OH,898,41.8167,-83.1867,7,24.1,25.2,2.4,7.4,,0,0,6,276,123,896,1302
2007,OH,898,41.8167,-83.1867,7,22.9,24.2,1.5,6.6,,0,0,24,16,408,36,484
2011,OH,898,41.8167,-83.19,7,24.2,24.9,1.5,8.1,,0,0,0,0,31,898,929
2017,OH,879,41.8265,-83.2668,7,23.6,23.7,1.5,9,,0,0,6,4,162,4201,4373
2018,OH,879,41.827,-83.2664,7,24.1,24.6,1.5,7.9,,0,0,0,0,28,1667,1695
2015,OH,879,41.8277,-83.2667,7,21.7,21.8,1.2,7.4,,0,20,0,0,34,1581,1634
2008,OH,879,41.83,-83.2667,7,23.1,24.9,0.4,9.2,,0,0,127,8,10,1243,1388
2009,OH,886,41.8533,-83.23,7,24.8,25.2,2.1,5.8,,0,1158,118,0,137,182,1594
2016,OH,886,41.8542,-83.2296,7,25,26.5,1.2,7.8,,0,0,0,36,28,754,818
2017,OH,989,41.4713,-82.6492,6.7,21.9,21.9,1.5,4.3,,4,106,0,0,7,1368,1485
2013,OH,886,41.8533,-83.23,6.7,21.7,25,0.9,3.4,,4,0,0,0,417,600,1021
2014,OH,989,41.473,-82.6512,6.7,22.5,23.1,1.5,8.6,,0,883,186,0,128,4690,5887
2016,OH,989,41.4731,-82.6506,6.7,23,23.8,1.8,6.3,,0,108,0,0,0,390,497
2009,OH,989,41.4733,-82.65,6.7,22.6,24,2.4,5.1,,0,0,92,0,68,8314,8475
2010,OH,952,41.6017,-82.5967,6.7,25.6,26.2,0.9,7.8,,0,47,0,4,75,3661,3787
2006,OH,952,41.6017,-82.8983,6.7,24.2,25.1,1.5,7.3,,0,51,6,43,504,2399,3003
2012,OH,952,41.6017,-82.9,6.7,23.2,24,1.8,5.6,,0,383,714,0,215,5509,6820
2008,OH,873,41.77,-83.3,6.7,22.9,23.7,0.4,7,,0,33,35,75,110,117,370
2010,OH,888,41.7767,-83.2283,6.7,24.6,25.1,1.2,5.7,,0,133,0,17,71,2446,2666
2012,OH,888,41.7783,-83.23,6.7,23,23.7,1.5,4.9,,0,198,0,0,11,1205,1415
2006,OH,888,41.78,-83.2283,6.7,24.1,26.7,0.9,6.7,,0,47,382,712,83,3400,4625
2007,OH,888,41.78,-83.2283,6.7,23.1,26.2,0.6,5.3,,0,20,37,216,659,1804,2736
2010,OH,898,41.815,-83.1867,6.7,24.6,24.8,1.2,5.1,,0,22,28,23,50,1051,1175
2008,OH,898,41.8167,-83.1867,6.7,24.1,24.6,1.3,9.1,,0,0,0,229,214,1170,1613
2009,OH,879,41.8267,-83.27,6.7,24.9,25.5,2.1,6.2,,0,292,0,0,99,232,622
2013,OH,879,41.8267,-83.27,6.7,21.6,25.1,0.9,2.7,,0,0,0,0,15,148,163
2014,OH,879,41.8277,-83.2667,6.7,22.4,22.8,2.4,9,,0,0,0,0,17,17,33
2011,OH,879,41.8283,-83.2683,6.7,24.3,25.3,1.2,8.2,,0,0,0,0,89,604,693
2016,OH,879,41.8285,-83.2682,6.7,25,27,0.9,7.1,,0,9,0,56,104,2803,2972
2010,OH,886,41.8517,-83.2283,6.7,24.1,24.4,2.1,6.2,,0,11,0,0,70,180,261
2014,OH,886,41.8533,-83.2275,6.7,22.3,22.7,3.4,8.2,,0,57,0,0,95,200,351
2012,OH,886,41.8533,-83.23,6.7,22.7,23.2,4.6,5.3,,0,0,56,0,212,160,428
2011,OH,886,41.855,-83.2283,6.7,24.3,25.1,1.2,8,,0,0,13,0,146,149,309
2006,OH,886,41.855,-83.2283,6.7,23.9,24.6,1.8,6.7,,0,0,0,478,175,6593,7246
2007,OH,886,41.855,-83.2283,6.7,23.1,24.4,1.5,6.1,,0,0,0,151,145,24,320
2018,ON,10,41.9992,-83.058,6.7,24.8,25.7,2,7.8,6,0,7,0,0,33,78,119
2013,ON,10,41.9982,-83.0567,6.6,22,22.1,2.6,9,8.9,0,0,125,143,179,1448,1897
2017,ON,9,42.0012,-83.0603,6.6,23.7,24.3,1.9,9.3,9.5,0,0,12,4,4,4,23
2013,OH,989,41.4733,-82.6517,6.4,22.1,23.1,0.9,5.1,,64,538,341,4,239,3780,4966
2011,OH,989,41.4717,-82.6517,6.4,23.9,25.6,1.2,7.7,,0,133,7,0,5,412,557
2010,OH,989,41.4733,-82.65,6.4,23.6,25.4,2.1,2.3,,0,82,77,0,60,19339,19559
2012,OH,989,41.4733,-82.6517,6.4,23.4,23.5,1.2,5.9,,0,2247,496,54,102,19165,22064
2008,OH,989,41.475,-82.6517,6.4,23.7,23.7,1.2,10.3,,0,49,0,17,173,1478,1717
2018,OH,972,41.5716,-82.7692,6.4,23.6,24.1,1.5,7.1,,0,0,0,0,0,1301,1301
2019,OH,874,41.7423,-83.309,6.4,23.8,26.4,0.6,7.2,,0,0,0,26,131,1742,1899
2008,OH,888,41.78,-83.2283,6.4,22.9,25.6,0.4,8.5,,0,10,37,87,32,405,571
2010,OH,879,41.8267,-83.2667,6.4,24.6,25,1.2,5.6,,0,20,13,9,10,1147,1199
2012,OH,879,41.8267,-83.27,6.4,22.8,23.4,1.8,5.4,,0,0,0,0,8,916,924
2006,OH,879,41.83,-83.2667,6.4,24.1,25.1,1.8,7.4,,0,0,0,40,58,364,462
2007,OH,879,41.83,-83.2667,6.4,23.4,24.9,0.8,5.7,,0,9,0,100,402,135,647
2015,ON,10,41.9992,-83.0577,6.4,23.5,23.7,2.1,9.2,9.2,0,0,0,4,12,28,44
2014,ON,10,41.9973,-83.0522,6.3,21.8,21.8,0.9,9.5,9.9,0,4,11,7,11,82,115
2018,ON,99,41.9342,-82.521,6.2,24.6,25.8,2.5,6.9,8,0,33,0,0,7,4955,4996
2016,ON,9,42.0012,-83.0585,6.2,25,25.7,1.9,8.5,8.4,0,0,0,4,33,41,78
2007,OH,989,41.475,-82.6517,6.1,22.9,23.1,1.2,,,4,62,122,30,88,2676,2981
2006,OH,989,41.4733,-82.6517,6.1,24,24.21,1.2,9.1,,0,410,991,8,81,497,1987
2017,OH,972,41.57,-82.7726,6.1,23.8,23.9,1.5,5.6,,0,38,0,0,100,1818,1956
2014,OH,972,41.5702,-82.7725,6.1,22.4,22.6,1.5,9.1,,0,20,0,8,87,2999,3114
2016,OH,972,41.5709,-82.7698,6.1,24.9,24.9,2.1,6.8,,0,0,0,0,17,76,93
2017,OH,890,41.7005,-83.2492,6.1,23.7,24.4,1.5,8.8,,0,19,0,16,46,2977,3058
2018,OH,890,41.7019,-83.2467,6.1,23.7,24.9,1.2,8.4,,0,0,0,19,168,2149,2335
2015,OH,890,41.702,-83.2477,6.1,21,21.1,0.9,8.7,,0,0,0,4,8,1555,1568
2016,OH,873,41.7652,-83.2992,6.1,24.9,26.2,0.9,7.4,,0,69,0,8,108,1741,1926
2017,OH,873,41.7654,-83.3007,6.1,23.7,23.8,2.4,8.3,,0,255,0,0,835,41202,42293
2018,OH,873,41.7676,-83.3005,6.1,23.8,24.9,1.8,8.4,,0,0,0,4,12,1222,1238
2014,OH,873,41.7677,-83.2995,6.1,22.4,22.7,1.2,9,,0,0,72,128,12,3576,3788
2015,OH,873,41.7677,-83.2995,6.1,21.5,21.6,0.9,8.1,,0,0,6,0,121,644,771
2015,ON,99,41.9338,-82.521,6.1,23.7,24.2,2.3,11.5,11.3,0,3761,0,0,49,97,3907
2009,ON,10,41.9997,-83.0582,6.1,23.3,24.3,2.3,7.5,,0,0,63,4,7225,749,8041
2019,OH,954,41.5348,-82.8892,6,24.6,25.1,0.6,8,,0,0,0,54,39,1668,1762
2011,OH,972,41.57,-82.77,6,23.7,23.7,1.2,7.1,,0,0,110,9,4,690,813
2007,ON,10,41.9998,-83.0593,6,24.3,24.5,1.3,8.3,,0,4,0,19,11,67,100
2006,ON,9,42.0002,-83.0593,6,23.9,23.9,1.5,8.3,,0,0,83,137,414,480,1113
2012,ON,9,42.0015,-83.0563,6,23.1,23.8,2.8,8.5,8.3,0,8,12,72,4,339,434
2011,ON,9,42.0018,-83.0558,6,23.7,24.7,1.2,10.7,,0,257,0,8,734,18139,19138
2014,OH,890,41.702,-83.2477,5.9,22.3,22.3,0.6,8.6,,0,0,12,8,519,759,1298
2008,ON,10,41.9995,-83.0572,5.9,22.7,22.8,1.5,8.6,,0,0,0,0,158,530,688
2012,OH,972,41.57,-82.7717,5.8,23.4,25,2.7,5.5,,0,20,12,12,287,1376,1707
2013,OH,972,41.57,-82.7717,5.8,22.4,22.8,1.5,4.7,,0,0,0,0,27,453,480
2007,OH,972,41.5733,-82.77,5.8,23.6,23.9,1.5,,,0,0,206,11,287,171,675
2008,OH,972,41.5733,-82.77,5.8,23.3,23.4,1.7,9.4,,0,0,0,4,264,369,637
2016,OH,890,41.7018,-83.2499,5.8,24.9,26.5,0.9,7.9,,0,0,0,4,17,3798,3820
2009,OH,890,41.7033,-83.2367,5.8,24.7,25.5,1.8,6.3,,0,1483,382,4,123,6571,8563
2011,OH,890,41.7033,-83.2483,5.8,23.9,24.8,0.6,6.9,,0,10,13,0,149,1350,1523
2013,OH,873,41.7667,-83.3033,5.8,22,24.1,0.6,8.4,,0,0,32,0,66,1667,1765
2011,OH,873,41.7667,-83.3183,5.8,24.1,25.6,0.9,7.9,,0,10,13,4,85,974,1087
2009,OH,873,41.77,-83.2917,5.8,24.9,25.8,2.1,5.9,,0,0,0,0,125,146,271
2006,OH,873,41.77,-83.3,5.8,23.7,27,0.9,5.3,,0,0,0,586,63,5133,5782
2012,OH,873,41.7667,-83.3033,5.7,22.6,23.2,1.2,4.8,,0,128,248,0,127,2586,3088
2009,OH,996,41.44,-82.62,5.6,22.6,24.2,2.7,4.2,,0,0,24,0,68,436,528
2010,OH,972,41.57,-82.7717,5.6,24.2,25.6,1.5,5.4,,0,0,0,0,0,119,119
2013,OH,890,41.7017,-83.25,5.6,22,24.8,1.2,7.3,,0,128,300,12,22,974,1435
2010,OH,873,41.765,-83.3,5.5,24.5,24.9,0.9,5.6,,4,96,175,99,156,3195,3724
2009,OH,990,41.4733,-82.6417,5.5,22.7,23.6,1.5,4.8,,0,28,311,0,108,9972,10419
2007,OH,972,41.5633,-82.787,5.5,23.5,23.8,1.4,,,0,28,12,68,257,4291,4656
2010,OH,890,41.7,-83.2433,5.5,24.3,24.9,0.6,6.4,,0,0,7,0,39,1764,1809
2006,OH,890,41.7033,-83.2467,5.5,23.9,27.3,0.9,7.1,,0,0,12,180,0,1398,1590
2008,OH,890,41.7033,-83.2467,5.5,22.8,24.9,0.6,9.3,,0,0,12,20,11,229,271
2007,OH,890,41.7033,-83.2467,5.5,23.9,24.3,0.9,8.3,,0,304,590,1387,452,2840,5573
2007,OH,873,41.77,-83.3,5.5,23.5,25.2,0.6,4.7,,0,18,11,93,52,251,424
2012,OH,890,41.7017,-83.25,5.4,22.4,23.7,1.2,5.2,,0,0,25,4,34,3508,3571
2018,OH,874,41.742,-83.3057,5.4,23.8,25,1.8,8.2,,0,0,0,42,48,1889,1979
2016,ON,99,41.9342,-82.5208,5.4,27.2,27.3,1.6,10.4,10.8,0,0,0,18,7,3098,3123
2010,ON,9,42.001,-83.0577,5.4,24.4,24.6,1.3,8.3,,0,4,0,43,125,1194,1366
2013,OH,990,41.455,-82.6433,5.2,22.2,22.3,0.9,4.4,,27,4318,196,0,50,632,5223
2017,ON,99,41.9343,-82.5207,5.2,23.8,25,2,9.3,9.8,4,1521,0,15,0,1424,2963
2015,OH,990,41.453,-82.642,5.2,23.8,24.3,1.2,6.4,,0,441,0,4,228,949,1623
2018,OH,990,41.4562,-82.6436,5.2,23.5,23.5,1,8.4,,0,64,0,0,4,3230,3298
2017,OH,874,41.7408,-83.3073,5.2,23.7,24.5,3.1,8.9,,0,0,0,4,0,832,836
2015,OH,874,41.7433,-83.31,5.2,21.3,21.3,0.9,8.4,,0,0,0,8,54,1577,1640
2019,OH,990,41.4535,-82.6428,5,24.1,24.1,2.1,5.8,,0,47,0,4,24,1380,1455
2019,OH,972,41.5504,-82.7913,5,24.1,24.7,1.5,7.7,,0,0,0,15,18,2524,2557
2016,OH,990,41.456,-82.6423,4.9,23.1,23.5,1.5,7.2,,0,0,0,0,0,439,439
2017,OH,961,41.5666,-82.8595,4.9,23.3,23.5,1.5,7.2,,0,73,0,42,41,26769,26926
2016,OH,874,41.7425,-83.3098,4.9,24.7,26.3,1.5,7.8,,0,20,0,83,18,456,577
2006,OH,874,41.7433,-83.3067,4.9,23.8,25.8,0.6,5,,0,0,0,0,216,53,269
2011,OH,874,41.7433,-83.3067,4.8,23.8,25,0.6,7.6,,0,643,6,13,56,3317,4036
2014,ON,99,41.9347,-82.5207,4.8,23,23.2,1.9,9.1,9,0,18,4,0,4,1474,1499
2011,OH,990,41.455,-82.6417,4.7,24.1,24.9,1.2,8.9,,0,173,0,0,26,637,837
2010,OH,972,41.5567,-82.7817,4.7,24.4,25.9,1.2,6.2,,0,88,0,96,583,55506,56273
2013,OH,874,41.7433,-83.31,4.7,23.1,25.4,1.2,6.9,,0,501,23,4,12,7090,7629
2008,ON,99,41.9252,-82.517,4.7,21.1,21.6,2,7.7,,0,0,8,0,0,728,736
2012,ON,99,41.928,-82.518,4.7,24.1,24.4,1.3,9.3,10,0,362,4,0,4,140,509
2017,OH,990,41.4548,-82.6426,4.6,21.6,21.7,1.5,3.6,,0,1476,0,0,4,5277,6757
2015,OH,654,41.5343,-82.8917,4.6,24.7,24.7,0.9,8.6,,0,161,0,16,15,266,457
2017,OH,654,41.5347,-82.8917,4.6,23.3,24.2,1.5,6.7,,0,0,0,23,15,1704,1742
2018,OH,954,41.5352,-82.8891,4.6,23.7,24.2,0.9,7.5,,0,36,0,50,4,5292,5383
2011,OH,961,41.5583,-82.8633,4.6,23.9,24.7,0.9,7,,0,5452,94,270,76,7637,13529
2010,OH,874,41.74,-83.3067,4.6,24.2,24.8,0.6,5,,0,69,0,677,64,3958,4768
2009,OH,874,41.7433,-83.3,4.6,24.9,25.6,1.2,5.8,,0,128,0,15,39,1214,1396
2007,OH,874,41.7433,-83.3067,4.6,23.7,27.3,0.6,5.4,,0,35,22,160,96,651,965
2008,OH,874,41.7433,-83.3067,4.6,22.9,25,0.3,8,,0,0,6,27,9,186,228
2019,OH,984,41.489,-82.6764,4.5,24,24.1,2.4,6.3,,0,378,0,4,41,4145,4568
2012,OH,874,41.7433,-83.31,4.5,22.6,23.5,1.5,4.7,,0,128,37,0,12,97,275
2007,ON,99,41.9388,-82.523,4.5,24.8,25.2,1.6,9,,0,394,40,0,0,16019,16453
2019,OH,967,41.5559,-82.7971,4.4,24.2,25.5,1.5,8.1,,0,0,0,149,22,2683,2854
2006,OH,990,41.4583,-82.6467,4.3,23.9,24,1.1,9.1,,0,214,103,4,212,910,1444
2015,OH,984,41.4892,-82.6752,4.3,23.8,23.9,1.2,6.8,,0,38,6,0,136,982,1161
2009,OH,954,41.5333,-82.89,4.3,23.2,24.4,0.9,8.7,,0,5678,18,180,16,24973,30865
2011,OH,954,41.5333,-82.89,4.3,23.6,24.1,0.8,6,,0,287,13,22,13,2555,2891
2013,OH,954,41.5333,-82.8917,4.3,21.9,24.7,1.8,6.7,,0,34624,2653,0,24,1843,39144
2014,OH,654,41.5343,-82.8917,4.3,22.1,22.1,1.5,8.8,,0,274,0,24,12,3539,3849
2016,OH,654,41.5356,-82.8895,4.3,25.1,25.1,1.8,8.1,,0,9,0,436,4,6110,6559
2014,OH,972,41.5513,-82.7893,4.3,22.6,22.7,0.9,9.5,,0,61,0,22,26,894,1003
2006,OH,972,41.5633,-82.787,4.3,23.9,25.4,1.5,9.4,,0,0,0,66,46,2074,2186
2011,ON,99,41.9347,-82.5205,4.2,22.7,23.7,2,7.1,,0,0,0,8,0,4,12
2012,OH,990,41.455,-82.6433,4.1,23.7,23.7,1.2,5.1,,0,2976,7469,80,59,20175,30759
2014,OH,979,41.4802,-82.735,4.1,22.2,22.3,0.6,8.8,,0,7805,6,0,0,4044,11856
2010,OH,954,41.5333,-82.89,4,24.9,26.4,0.6,8.3,,0,0,0,47,70,4214,4331
2012,OH,954,41.5333,-82.8917,4,22.7,24,2.1,5.4,,0,78,211,166,17,10289,10761
2007,OH,954,41.535,-82.89,4,23.4,24.1,0.6,7.8,,0,10,496,199,731,5267,6704
2017,OH,972,41.5521,-82.7922,4,23.9,23.9,1.2,9.5,,0,38,0,4,4,4267,4313
2017,OH,967,41.5575,-82.7975,4,24,24,1.2,9.4,,0,17610,6,4,76,3918,21613
2014,OH,990,41.453,-82.642,3.8,22.8,23.2,1.2,8.6,,0,8162,0,25,25,6206,14418
2019,OH,979,41.4803,-82.7351,3.7,25.2,25.2,0.6,7,,0,337,0,4,35,6960,7336
2017,OH,984,41.4884,-82.6745,3.7,22.2,22.6,1.5,4.8,,0,282,0,0,25,9022,9329
2015,OH,972,41.5513,-82.7893,3.7,23.8,24.2,1.2,6.8,,0,97,0,30,47,3609,3783
2018,OH,972,41.5516,-82.7924,3.7,23.3,24.6,1.2,5.9,,0,711,0,12,81,14780,15583
2012,OH,961,41.5633,-82.8583,3.7,22.6,23.7,1.5,5.4,,0,265,25,83,191,19906,20470
2014,OH,984,41.4892,-82.6752,3.6,22.6,23.2,1.5,8.3,,0,3363,120,8,8,5747,9245
2011,OH,984,41.4933,-82.6783,3.5,24.3,26.4,1.2,9.4,,0,399,182,0,5,445,1032
2016,OH,972,41.552,-82.7918,3.5,25,25.2,0.9,7.8,,0,19,0,28,16,3326,3388
2007,OH,967,41.5567,-82.7983,3.5,23.3,23.9,0.9,,,0,214,71,69,94,4746,5194
2008,OH,984,41.485,-82.6717,3.4,23.2,23.2,1,9,,0,2120,0,4,22,681,2827
2007,OH,984,41.485,-82.6717,3.4,22.5,22.6,0.6,,,0,1442,50,50,486,14265,16292
2016,OH,984,41.489,-82.6751,3.4,23.5,23.7,1.8,8.7,,0,38,0,0,0,39667,39704
2009,OH,984,41.4917,-82.67,3.4,23.2,23.3,1.5,7.1,,0,3146,293,0,0,66,3505
2011,OH,972,41.5517,-82.79,3.4,23.8,23.9,1.2,7.4,,0,97,0,0,77,377,551
2008,OH,967,41.5567,-82.7983,3.4,23.6,24.4,1,8.8,,0,236,0,288,167,3140,3831
2013,OH,972,41.5517,-82.7917,3.2,22.2,22.4,1.2,7.2,,4,32130,18,32,48,4896,37128
2012,OH,984,41.4883,-82.675,3.2,23.5,23.5,1.2,6.8,,0,548,2074,28,7,7304,9961
2013,OH,984,41.4883,-82.675,3.2,22.3,23.4,0.9,5,,0,3899,1291,27,7,12858,18081
2006,OH,984,41.4933,-82.6783,3.2,23.8,23.9,0.9,8.7,,0,147,130,50,54,4399,4780
2007,OH,984,41.4933,-82.6783,3.2,22.8,22.8,1,,,0,274,42,12,32,20326,20686
2008,OH,990,41.455,-82.6417,3.1,23.6,23.6,1,9.8,,0,0,0,0,192,3588,3780
2016,OH,967,41.5562,-82.7974,3.1,25,25.2,1.5,7.6,,0,128,0,179,4,8584,8894
2016,OH,961,41.5565,-82.8621,3.1,25.1,25.1,1.2,8.1,,0,9,12,88,104,3032,3245
2012,OH,967,41.5567,-82.7967,3.1,23.7,25,1.5,5.4,,0,285,0,66,4,2188,2543
2011,OH,967,41.5567,-82.7967,3.1,23.8,23.9,1.5,7.4,,0,0,0,0,117,42,159
2018,OH,967,41.5572,-82.7981,3.1,23.3,24.5,0.9,6.9,,0,906,56,108,29,11801,12899
2015,OH,961,41.5633,-82.8583,3.1,24.9,25,0.6,7.6,,0,3486,0,92,128,1229,4935
2013,OH,979,41.48,-82.735,3,23.1,23,0.6,5.4,,4,2604,390,0,0,6549,9547
2006,OH,967,41.5567,-82.7983,2.8,24.1,25.5,1.2,11.3,,0,0,0,30,4,1844,1878
2013,OH,967,41.5567,-82.7967,2.5,22.3,22.5,0.9,8.3,,0,137,0,0,4,3031,3171
2018,OH,979,41.4813,-82.7359,2.4,23,23,0.3,8.1,,0,1166,63,8,29,4866,6132
2019,OH,984,41.4891,-82.6814,2.4,24.3,24.2,1.2,6.4,,0,211,0,0,179,10579,10969
2018,OH,984,41.4894,-82.6763,2.4,23.2,23.2,0.9,8.9,,0,619,0,4,39,15941,16602
2015,OH,979,41.4802,-82.735,2.3,25.4,25.4,0.6,7.8,,0,9353,0,0,0,6448,15801
2009,OH,979,41.47,-82.7433,2.2,25.9,25.9,0.6,7.7,,0,14632,213,0,69,6462,21376
2011,OH,979,41.48,-82.7333,2.2,24,24,0.3,7.5,,0,11977,175,0,0,5888,18041
2009,OH,984,41.4833,-82.6733,2.2,23.2,23.3,1.5,6.7,,0,321,472,0,8,371,1172
2007,OH,979,41.4767,-82.74,2.1,24.1,21.3,0.4,,,0,1743,0,4,0,7914,9661
2017,OH,979,41.4809,-82.7337,2.1,23.8,23.8,0.6,7.8,,0,3501,0,7,335,2835,6678
2016,OH,979,41.4811,-82.7365,2,23.2,23.2,0.4,7.2,,0,595,6,0,0,3548,4149
2010,OH,979,41.4733,-82.7433,1.9,25.2,25.2,0.3,7.6,,0,1071,0,0,15,7084,8170
2006,OH,979,41.4767,-82.74,1.9,23.8,23.8,0.3,7.6,,0,3808,3751,0,45,2268,9872
2008,OH,979,41.4767,-82.74,1.8,23.4,23.4,0.4,9.1,,0,89,0,0,5,14251,14345
2015,OH,984,41.4882,-82.6793,1.8,23.7,23.8,0.6,6.5,,0,16982,19,12,4,14877,31894
2016,OH,984,41.4905,-82.6804,1.8,23.4,23.6,1.2,9.3,,0,27,6,19,8,9827,9887
2014,OH,984,41.4882,-82.6793,1.7,22.7,23.9,1.2,9.5,,0,3529,639,4,12,3692,7876
2012,OH,979,41.48,-82.735,1.6,22.3,22.3,0.3,8.9,,0,2561,391,0,0,4599,7550
2017,OH,984,41.4896,-82.6809,1.5,21.9,21.8,1.2,5,,0,1020,0,0,42,16869,17931
2011,OH,984,41.49,-82.68,1.5,25.3,26,0.6,10.2,,0,2604,81,49,9,1417,4160
2012,OH,984,41.49,-82.68,1.4,23.6,23.6,0.6,8.1,,0,1619,745,4,0,1280,3648
2013,OH,984,41.49,-82.68,1.2,22.5,22.7,0.6,3.8,,4,73132,0,13,0,2520,75670
2018,OH,984,41.4885,-82.6812,1.2,22.9,22.9,1.8,9.4,,0,2656,0,37,0,10905,13599
