"","Basin","Year","Type","Transect","Interval","Lat_M","Lon_M","NperHa"
"1","CB",2020,"R",717,1,41.94234217,-80.76885268,583.51
"2","CB",2020,"R",717,2,41.94014163,-80.76409396,1573.31
"3","CB",2020,"R",717,3,41.93773713,-80.75901592,3910.11
"4","CB",2020,"R",717,4,41.93519417,-80.75403408,23204.18
"5","CB",2020,"R",717,5,41.93384646,-80.75062831,22222.5
"6","CB",2020,"R",814,1,41.79686576,-81.27810353,273.42
"7","CB",2020,"R",814,2,41.79460163,-81.27290535,270.54
"8","CB",2020,"R",814,3,41.79234473,-81.2677378,585.79
"9","CB",2020,"R",814,4,41.79013393,-81.2625036,843.79
"10","CB",2020,"R",814,5,41.78828253,-81.25789266,13808.19
"11","CB",2020,"R",910,1,41.52691421,-81.94605795,1333.37
"12","CB",2020,"R",910,2,41.53005805,-81.9416847,1416.7
"13","CB",2020,"R",910,3,41.53280489,-81.93698666,688.58
"14","CB",2020,"R",910,4,41.53551497,-81.9322411,1339.94
"15","CB",2020,"R",910,5,41.53817513,-81.9274008,1236.2
"16","CB",2020,"R",910,6,41.54090574,-81.92269292,1378.4
"17","CB",2020,"R",910,7,41.54362377,-81.91794507,2301.75
"18","CB",2020,"R",910,8,41.54519385,-81.91501518,4006.56
"19","CB",2020,"R",912,1,41.61734597,-81.61187561,1852.15
"20","CB",2020,"R",912,2,41.6164947,-81.60599988,1320.96
"21","CB",2020,"R",912,3,41.61554638,-81.60016431,1164.84
"22","CB",2020,"R",912,4,41.61461773,-81.59431792,3530.15
"23","CB",2020,"R",912,5,41.61378379,-81.58844276,1412.13
"24","CB",2020,"R",912,6,41.6127856,-81.58260187,5890.16
"25","CB",2020,"R",912,7,41.61186684,-81.57690661,6078.9
"26","CB",2020,"R",57600,1,41.7482626,-81.75428979,17084
"27","CB",2020,"R",57600,1,41.91941266,-81.58904595,1092
"28","CB",2020,"R",57600,2,41.74580625,-81.75928145,21188
"29","CB",2020,"R",57600,2,41.92198701,-81.59403331,41962
"30","CB",2020,"R",57600,3,41.74352191,-81.764384,25079
"31","CB",2020,"R",57600,3,41.92496802,-81.59849735,4306
"32","CB",2020,"R",57600,4,41.74132728,-81.76965665,20199
"33","CB",2020,"R",57600,4,41.92792879,-81.60303317,6307
"34","CB",2020,"R",57600,5,41.73926929,-81.77502425,16036
"35","CB",2020,"R",57600,5,41.93083128,-81.60763489,3940
"36","CB",2020,"R",57600,6,41.7371768,-81.78032924,23770
"37","CB",2020,"R",57600,6,41.93373377,-81.61226321,9933
"38","CB",2020,"R",57600,7,41.7349955,-81.78556597,32062
"39","CB",2020,"R",57600,7,41.93636712,-81.61706366,6134
"40","CB",2020,"R",57600,8,41.73269314,-81.79070383,16362
"41","CB",2020,"R",57600,8,41.93907484,-81.62190402,4698
"42","CB",2020,"R",57600,9,41.73030677,-81.79583139,27257
"43","CB",2020,"R",57600,9,41.94179062,-81.62670844,9938
"44","CB",2020,"R",57600,10,41.72811748,-81.8010611,35240
"45","CB",2020,"R",57600,10,41.94453294,-81.63152464,9791
"46","CB",2020,"R",57600,11,41.7266652,-81.80438531,32872
"47","CB",2020,"R",57600,11,41.94600615,-81.63412437,436
"48","CB",2020,"R",57850,1,41.91328487,-81.25059362,23981
"49","CB",2020,"R",57850,1,42.07987857,-81.40897553,11326
"50","CB",2020,"R",57850,1,42.08333,-81.08333,170778
"51","CB",2020,"R",57850,2,41.90879202,-81.25083925,36185
"52","CB",2020,"R",57850,2,42.08302944,-81.40462738,49785
"53","CB",2020,"R",57850,2,42.08667043,-81.07944416,6412
"54","CB",2020,"R",57850,3,41.90429985,-81.25140675,23741
"55","CB",2020,"R",57850,3,42.08633446,-81.40057684,11924
"56","CB",2020,"R",57850,3,42.09001086,-81.07555832,9207
"57","CB",2020,"R",57850,4,41.89987726,-81.25243686,35680
"58","CB",2020,"R",57850,4,42.08958224,-81.39648637,43276
"59","CB",2020,"R",57850,4,42.0933513,-81.07167248,45888
"60","CB",2020,"R",57850,5,41.89558991,-81.2539679,20589
"61","CB",2020,"R",57850,5,42.09282873,-81.39226592,22543
"62","CB",2020,"R",57850,5,42.09669173,-81.06778664,35350
"63","CB",2020,"R",57850,6,41.89118085,-81.25521748,30043
"64","CB",2020,"R",57850,6,42.09617244,-81.3882099,19469
"65","CB",2020,"R",57850,6,42.10003216,-81.06390081,21278
"66","CB",2020,"R",57850,7,41.88679226,-81.25636651,33119
"67","CB",2020,"R",57850,7,42.09959518,-81.38431576,10531
"68","CB",2020,"R",57850,7,42.10337259,-81.06001497,28698
"69","CB",2020,"R",57850,8,41.88233144,-81.2572936,35341
"70","CB",2020,"R",57850,8,42.10309619,-81.38052755,44706
"71","CB",2020,"R",57850,8,42.10671302,-81.05612913,21303
"72","CB",2020,"R",57850,9,41.8778927,-81.25807558,32057
"73","CB",2020,"R",57850,9,42.10662355,-81.37678811,5281
"74","CB",2020,"R",57850,9,42.11005346,-81.05224329,127694
"75","CB",2020,"R",57850,10,41.8734495,-81.2588343,39883
"76","CB",2020,"R",57850,10,42.11020935,-81.37318273,34777
"77","CB",2020,"R",57850,10,42.11339389,-81.04835745,42998
"78","CB",2020,"R",57850,11,41.87056035,-81.25938764,37443
"79","CB",2020,"R",57850,11,42.11328289,-81.37011714,14171
"80","CB",2020,"R",57850,11,42.11673432,-81.04447161,29025
"81","CB",2020,"R",57850,12,42.12007475,-81.04058577,19895
"82","CB",2020,"R",58100,1,41.94681528,-80.9158514,2435
"83","CB",2020,"R",58100,1,42.08408285,-80.76132811,1576
"84","CB",2020,"R",58100,1,42.2244279,-80.91026653,2910
"85","CB",2020,"R",58100,2,41.94572441,-80.9099803,2142
"86","CB",2020,"R",58100,2,42.0875309,-80.76511823,612
"87","CB",2020,"R",58100,2,42.22781989,-80.90631439,2045
"88","CB",2020,"R",58100,3,41.94480844,-80.90405716,1644
"89","CB",2020,"R",58100,3,42.09102929,-80.76894096,943
"90","CB",2020,"R",58100,3,42.23132948,-80.90253552,2570
"91","CB",2020,"R",58100,4,41.94395623,-80.8981323,6979
"92","CB",2020,"R",58100,4,42.09449043,-80.77273365,701
"93","CB",2020,"R",58100,4,42.23501564,-80.89904068,3850
"94","CB",2020,"R",58100,5,41.94301336,-80.89224908,4849
"95","CB",2020,"R",58100,5,42.09797906,-80.77659395,481
"96","CB",2020,"R",58100,5,42.23881257,-80.89578111,3296
"97","CB",2020,"R",58100,6,41.94195721,-80.88642553,2726
"98","CB",2020,"R",58100,6,42.10146716,-80.78041954,484
"99","CB",2020,"R",58100,6,42.24262401,-80.89257933,6769
"100","CB",2020,"R",58100,7,41.94070183,-80.88065079,4703
"101","CB",2020,"R",58100,7,42.10490704,-80.78427154,2283
"102","CB",2020,"R",58100,7,42.24639095,-80.88924116,4123
"103","CB",2020,"R",58100,8,41.93950273,-80.87480787,1418
"104","CB",2020,"R",58100,8,42.10839594,-80.7880538,1632
"105","CB",2020,"R",58100,8,42.25004488,-80.88573197,5080
"106","CB",2020,"R",58100,9,41.93832006,-80.8690019,2885
"107","CB",2020,"R",58100,9,42.11185854,-80.79199121,1256
"108","CB",2020,"R",58100,9,42.25372347,-80.88224689,5963
"109","CB",2020,"R",58100,10,41.93708232,-80.86319844,1993
"110","CB",2020,"R",58100,10,42.11530259,-80.79583828,1582
"111","CB",2020,"R",58100,10,42.25647515,-80.87966768,6120
"112","CB",2020,"R",58100,11,41.93592938,-80.85736967,1235
"113","CB",2020,"R",58100,11,42.11848557,-80.79931714,1126
"114","CB",2020,"R",58100,12,41.93511495,-80.8529549,382
"115","CB",2020,"T",57350,1,41.5954561,-82.00369245,224.89
"116","CB",2020,"T",57350,2,41.59109897,-82.00164801,297.53
"117","CB",2020,"T",57350,3,41.58684806,-81.99967464,310.1
"118","CB",2020,"T",57350,4,41.58261703,-81.9976734,3794.44
"119","CB",2020,"T",57350,5,41.57838498,-81.99560305,522.37
"120","CB",2020,"T",57350,6,41.57418175,-81.99354146,2278.04
"121","CB",2020,"T",57350,7,41.56993692,-81.99159088,903.74
"122","CB",2020,"T",57350,8,41.565699,-81.98955569,1852.46
"123","CB",2020,"T",57350,9,41.56145818,-81.98756467,2441.77
"124","CB",2020,"T",57350,10,41.55721227,-81.98557359,3111.78
"125","CB",2020,"T",57350,11,41.55297607,-81.98360383,2831.44
"126","CB",2020,"T",57350,12,41.54870289,-81.98169306,2498.52
"127","CB",2020,"T",57350,13,41.54448992,-81.97970163,4399.11
"128","CB",2020,"T",57350,14,41.54020735,-81.97779036,2554.08
"129","CB",2020,"T",57350,15,41.53603303,-81.97570321,2305.76
"130","CB",2020,"T",57350,16,41.53175109,-81.97379648,3344.75
"131","CB",2020,"T",57350,17,41.52746268,-81.97201,3595.67
"132","CB",2020,"T",57600,1,41.62388917,-81.54101393,2508.53
"133","CB",2020,"T",57600,1,41.96923634,-81.70034192,32896
"134","CB",2020,"T",57600,2,41.62815956,-81.54290395,9422.14
"135","CB",2020,"T",57600,2,41.96500045,-81.69838,23587
"136","CB",2020,"T",57600,3,41.63242061,-81.54481158,13156.19
"137","CB",2020,"T",57600,3,41.96068772,-81.69665176,9431
"138","CB",2020,"T",57600,4,41.63671156,-81.54655828,50546.49
"139","CB",2020,"T",57600,4,41.95647983,-81.69453028,26553
"140","CB",2020,"T",57600,5,41.64099327,-81.5484322,38393.63
"141","CB",2020,"T",57600,5,41.95225266,-81.69250136,20790
"142","CB",2020,"T",57600,6,41.645147,-81.55063741,8169.56
"143","CB",2020,"T",57600,6,41.94799597,-81.69048937,25610
"144","CB",2020,"T",57600,7,41.64934831,-81.55271118,2910.73
"145","CB",2020,"T",57600,7,41.94377569,-81.68855717,19799
"146","CB",2020,"T",57600,8,41.65355668,-81.55471539,1205.54
"147","CB",2020,"T",57600,8,41.93959025,-81.68636914,14757
"148","CB",2020,"T",57600,9,41.65770181,-81.55696277,2781.98
"149","CB",2020,"T",57600,9,41.93527499,-81.684595,18480
"150","CB",2020,"T",57600,10,41.66185652,-81.55891491,1626.22
"151","CB",2020,"T",57600,10,41.93103293,-81.68265459,29052
"152","CB",2020,"T",57600,11,41.66597313,-81.56118007,1925.88
"153","CB",2020,"T",57600,11,41.92675692,-81.6808141,19297
"154","CB",2020,"T",57600,12,41.67010087,-81.56346418,2636.1
"155","CB",2020,"T",57600,12,41.92254595,-81.67868934,34982
"156","CB",2020,"T",57600,13,41.67431206,-81.56548764,2692.88
"157","CB",2020,"T",57600,13,41.9183053,-81.67671808,22015
"158","CB",2020,"T",57600,14,41.67856086,-81.56723256,3562.65
"159","CB",2020,"T",57600,14,41.91405459,-81.67470384,19757
"160","CB",2020,"T",57600,15,41.68271272,-81.56921633,3448.82
"161","CB",2020,"T",57600,15,41.9097909,-81.67285791,20818
"162","CB",2020,"T",57600,16,41.68630456,-81.56995346,3537.44
"163","CB",2020,"T",57600,16,41.90556843,-81.67084826,29419
"164","CB",2020,"T",57600,17,41.90136066,-81.66877239,32923
"165","CB",2020,"T",57600,18,41.89709113,-81.66680437,25432
"166","CB",2020,"T",57600,19,41.89281227,-81.66504781,21388
"167","CB",2020,"T",57600,20,41.88859802,-81.66296408,26991
"168","CB",2020,"T",57600,21,41.8843451,-81.66091797,33409
"169","CB",2020,"T",57600,22,41.88013047,-81.65885846,36680
"170","CB",2020,"T",57600,23,41.87591648,-81.65681449,36520
"171","CB",2020,"T",57600,24,41.87162948,-81.65496096,36351
"172","CB",2020,"T",57600,25,41.8673799,-81.65305702,24963
"173","CB",2020,"T",57600,26,41.8631317,-81.65105501,30092
"174","CB",2020,"T",57600,27,41.8588818,-81.64904431,44263
"175","CB",2020,"T",57600,28,41.85464419,-81.64729055,29168
"176","CB",2020,"T",57600,29,41.85046077,-81.64496436,22405
"177","CB",2020,"T",57600,30,41.846124,-81.64327178,42305
"178","CB",2020,"T",57600,31,41.84190013,-81.64133774,44082
"179","CB",2020,"T",57600,32,41.837676,-81.63927081,29764
"180","CB",2020,"T",57600,33,41.83340626,-81.63733085,15824
"181","CB",2020,"T",57600,34,41.8291517,-81.6354731,30187
"182","CB",2020,"T",57600,35,41.82489451,-81.63362572,36196
"183","CB",2020,"T",57600,36,41.8206315,-81.63161488,20370
"184","CB",2020,"T",57600,37,41.81649257,-81.62943641,36082
"185","CB",2020,"T",57600,38,41.81223466,-81.62738314,32749
"186","CB",2020,"T",57600,39,41.80800307,-81.6255002,11200
"187","CB",2020,"T",57600,40,41.80371648,-81.62353408,15608
"188","CB",2020,"T",57600,41,41.79945096,-81.62162191,23120
"189","CB",2020,"T",57600,42,41.79517701,-81.6197721,18399
"190","CB",2020,"T",57600,43,41.79093952,-81.61787887,13212
"191","CB",2020,"T",57600,44,41.78672104,-81.61569394,15405
"192","CB",2020,"T",57600,45,41.78245467,-81.61372259,24519
"193","CB",2020,"T",57600,46,41.77819226,-81.6118432,29555
"194","CB",2020,"T",57600,47,41.77396339,-81.60983694,34519
"195","CB",2020,"T",57600,48,41.76976462,-81.60770355,28095
"196","CB",2020,"T",57600,49,41.76547782,-81.60593748,24079
"197","CB",2020,"T",57600,50,41.7612396,-81.60390648,20364
"198","CB",2020,"T",57600,51,41.75701734,-81.60197592,9197
"199","CB",2020,"T",57600,52,41.75272879,-81.59996656,37747
"200","CB",2020,"T",57600,53,41.74851977,-81.59797378,36806
"201","CB",2020,"T",57600,54,41.7442939,-81.5960183,16100
"202","CB",2020,"T",57600,55,41.74006058,-81.59404906,27194
"203","CB",2020,"T",57600,56,41.73578865,-81.5921053,28942
"204","CB",2020,"T",57600,57,41.73148671,-81.59020289,22194
"205","CB",2020,"T",57600,58,41.72730545,-81.58821699,34620
"206","CB",2020,"T",57600,59,41.72309508,-81.5861373,16685
"207","CB",2020,"T",57600,60,41.71877959,-81.58426079,37505
"208","CB",2020,"T",57600,61,41.71453271,-81.58228052,37461
"209","CB",2020,"T",57600,62,41.71032865,-81.5803432,16260
"210","CB",2020,"T",57600,63,41.70598417,-81.57854505,18686
"211","CB",2020,"T",57600,64,41.70181323,-81.57647578,32067
"212","CB",2020,"T",57600,65,41.69758399,-81.57446315,12572
"213","CB",2020,"T",57600,66,41.69336176,-81.57249884,13733
"214","CB",2020,"T",57600,67,41.68908161,-81.57046963,39419
"215","CB",2020,"T",57600,68,41.68482269,-81.56866411,18893
"216","CB",2020,"T",57600,69,41.68062851,-81.56656012,15097
"217","CB",2020,"T",57600,70,41.67635975,-81.56461895,21500
"218","CB",2020,"T",57600,71,41.67210977,-81.5626439,32104
"219","CB",2020,"T",57600,72,41.66782673,-81.56076956,4572
"220","CB",2020,"T",57600,73,41.66357038,-81.5588458,4560
"221","CB",2020,"T",57600,74,41.659381,-81.55678265,5173
"222","CB",2020,"T",57600,75,41.65512037,-81.55487093,6245
"223","CB",2020,"T",57600,76,41.65085873,-81.55289631,1673
"224","CB",2020,"T",57600,77,41.6466295,-81.55086892,7264
"225","CB",2020,"T",57600,78,41.64233916,-81.54902676,4116
"226","CB",2020,"T",57600,79,41.63810812,-81.54693548,9888
"227","CB",2020,"T",57600,80,41.63385038,-81.54506269,3536
"228","CB",2020,"T",57600,81,41.62962404,-81.54307424,3939
"229","CB",2020,"T",57600,82,41.62542789,-81.54093491,5305
"230","CB",2020,"T",57600,83,41.62314673,-81.54000801,4607
"231","CB",2020,"T",57725,1,41.76932948,-81.36175664,4406.03
"232","CB",2020,"T",57725,2,41.76514823,-81.35948441,1193.88
"233","CB",2020,"T",57725,3,41.76092943,-81.35757536,1037.94
"234","CB",2020,"T",57725,4,41.75862589,-81.35641919,1580.32
"235","CB",2020,"T",57850,1,42.15935395,-81.29702974,23125
"236","CB",2020,"T",57850,2,42.15500164,-81.29542772,6495
"237","CB",2020,"T",57850,3,42.150616,-81.29428744,26570
"238","CB",2020,"T",57850,4,42.14625124,-81.29277763,37981
"239","CB",2020,"T",57850,5,42.14185721,-81.29139323,43258
"240","CB",2020,"T",57850,6,42.13758382,-81.28966391,32332
"241","CB",2020,"T",57850,7,42.13322535,-81.28793234,12386
"242","CB",2020,"T",57850,8,42.12899912,-81.28587889,27310
"243","CB",2020,"T",57850,9,42.12472833,-81.28405527,23767
"244","CB",2020,"T",57850,10,42.12040179,-81.2823518,11480
"245","CB",2020,"T",57850,11,42.11612606,-81.28053725,5508
"246","CB",2020,"T",57850,12,42.11182742,-81.27871322,20174
"247","CB",2020,"T",57850,13,42.10753566,-81.27697338,7844
"248","CB",2020,"T",57850,14,42.10321823,-81.27526309,10113
"249","CB",2020,"T",57850,15,42.09894906,-81.27334728,32027
"250","CB",2020,"T",57850,16,42.09463381,-81.27164104,23994
"251","CB",2020,"T",57850,17,42.09034857,-81.26982286,21794
"252","CB",2020,"T",57850,18,42.08609757,-81.26797357,21091
"253","CB",2020,"T",57850,19,42.08175202,-81.26623686,18498
"254","CB",2020,"T",57850,20,42.07748735,-81.26437422,24725
"255","CB",2020,"T",57850,21,42.07319391,-81.26259641,15571
"256","CB",2020,"T",57850,22,42.06890528,-81.26085878,13775
"257","CB",2020,"T",57850,23,42.06461398,-81.25905605,15417
"258","CB",2020,"T",57850,24,42.06034381,-81.25724251,26763
"259","CB",2020,"T",57850,25,42.05602701,-81.25550152,46861
"260","CB",2020,"T",57850,26,42.05173145,-81.25369659,17754
"261","CB",2020,"T",57850,27,42.0474659,-81.251919,8874
"262","CB",2020,"T",57850,28,42.04312621,-81.25016646,26672
"263","CB",2020,"T",57850,29,42.03890565,-81.24839707,26136
"264","CB",2020,"T",57850,30,42.03457421,-81.24655973,8529
"265","CB",2020,"T",57850,31,42.03033441,-81.24472249,7028
"266","CB",2020,"T",57850,32,42.02594581,-81.24311138,8947
"267","CB",2020,"T",57850,33,42.02177482,-81.24098189,6508
"268","CB",2020,"T",57850,34,42.01756319,-81.23882056,21372
"269","CB",2020,"T",57850,35,42.01332648,-81.23678909,17176
"270","CB",2020,"T",57850,36,42.00903619,-81.23496641,15825
"271","CB",2020,"T",57850,37,42.00470618,-81.23331984,10014
"272","CB",2020,"T",57850,38,42.00043619,-81.23148478,26986
"273","CB",2020,"T",57850,39,41.99614328,-81.22974816,6579
"274","CB",2020,"T",57850,40,41.99182854,-81.22795375,6727
"275","CB",2020,"T",57850,41,41.98755432,-81.22616791,25290
"276","CB",2020,"T",57850,42,41.98325367,-81.22437113,5915
"277","CB",2020,"T",57850,43,41.97901317,-81.22254674,13385
"278","CB",2020,"T",57850,44,41.97473969,-81.22073808,11314
"279","CB",2020,"T",57850,45,41.97046305,-81.21877616,4203
"280","CB",2020,"T",57850,46,41.96616611,-81.21702449,12055
"281","CB",2020,"T",57850,47,41.96189577,-81.21508031,8853
"282","CB",2020,"T",57850,48,41.95761604,-81.21330928,5950
"283","CB",2020,"T",57850,49,41.95332081,-81.21162277,4402
"284","CB",2020,"T",57850,50,41.94900435,-81.20985885,5833
"285","CB",2020,"T",57850,51,41.94474551,-81.20794315,24970
"286","CB",2020,"T",57850,52,41.94042246,-81.20623518,6469
"287","CB",2020,"T",57850,53,41.93615455,-81.20434515,8143
"288","CB",2020,"T",57850,54,41.93187769,-81.20253601,9494
"289","CB",2020,"T",57850,55,41.92757395,-81.20069164,14628
"290","CB",2020,"T",57850,56,41.92328212,-81.19894719,8300
"291","CB",2020,"T",57850,57,41.91900973,-81.19703037,6847
"292","CB",2020,"T",57850,58,41.91467712,-81.1953917,11644
"293","CB",2020,"T",57850,59,41.91039351,-81.19365562,7560
"294","CB",2020,"T",57850,60,41.90607655,-81.19193083,8093
"295","CB",2020,"T",57850,61,41.90179285,-81.19004726,6200
"296","CB",2020,"T",57850,62,41.89752518,-81.18823652,6125
"297","CB",2020,"T",57850,63,41.89322497,-81.18634113,9202
"298","CB",2020,"T",57850,64,41.88899268,-81.18446882,13119
"299","CB",2020,"T",57850,65,41.88468603,-81.18274252,2633
"300","CB",2020,"T",57850,66,41.88039184,-81.18089514,5502
"301","CB",2020,"T",57850,67,41.87613165,-81.17911081,3324
"302","CB",2020,"T",57850,68,41.87182366,-81.17731634,4248
"303","CB",2020,"T",57850,69,41.86750781,-81.17565037,3479
"304","CB",2020,"T",57850,70,41.86323728,-81.17381289,4912
"305","CB",2020,"T",57850,71,41.85893043,-81.17205073,3134
"306","CB",2020,"T",57850,72,41.8546232,-81.17036787,4824
"307","CB",2020,"T",57850,73,41.85039413,-81.16840518,1405
"308","CB",2020,"T",57850,74,41.84613097,-81.16650578,1848
"309","CB",2020,"T",57850,75,41.84184233,-81.16471139,1835
"310","CB",2020,"T",57850,76,41.83757621,-81.16288154,3351
"311","CB",2020,"T",57850,77,41.83327821,-81.1611336,3183
"312","CB",2020,"T",57850,78,41.828995,-81.15931028,3348
"313","CB",2020,"T",57850,79,41.82464587,-81.15765627,2467
"314","CB",2020,"T",57850,80,41.82116284,-81.1559813,2203
"315","CB",2020,"T",58100,1,42.26112851,-80.86315794,5213
"316","CB",2020,"T",58100,2,42.25671995,-80.86196785,5380
"317","CB",2020,"T",58100,3,42.25235271,-80.86052859,5885
"318","CB",2020,"T",58100,4,42.2481296,-80.85842142,4587
"319","CB",2020,"T",58100,5,42.24394678,-80.85628243,3357
"320","CB",2020,"T",58100,6,42.23966914,-80.85434784,3241
"321","CB",2020,"T",58100,7,42.23537588,-80.85251089,3008
"322","CB",2020,"T",58100,8,42.23105071,-80.85080007,3646
"323","CB",2020,"T",58100,9,42.22672352,-80.84915681,3026
"324","CB",2020,"T",58100,10,42.22236923,-80.84761304,2873
"325","CB",2020,"T",58100,11,42.21804274,-80.84604834,2778
"326","CB",2020,"T",58100,12,42.21373221,-80.84433209,3073
"327","CB",2020,"T",58100,13,42.20940433,-80.84266685,2746
"328","CB",2020,"T",58100,14,42.20511358,-80.84095356,2323
"329","CB",2020,"T",58100,15,42.20077716,-80.83923312,1976
"330","CB",2020,"T",58100,16,42.19647073,-80.83751438,1869
"331","CB",2020,"T",58100,17,42.19216857,-80.8357375,1464
"332","CB",2020,"T",58100,18,42.18783733,-80.83413605,1015
"333","CB",2020,"T",58100,19,42.18350537,-80.83237387,1286
"334","CB",2020,"T",58100,20,42.17923359,-80.83058758,1872
"335","CB",2020,"T",58100,21,42.17494219,-80.82883868,1927
"336","CB",2020,"T",58100,22,42.17053359,-80.82717572,1556
"337","CB",2020,"T",58100,23,42.16628501,-80.82545737,1843
"338","CB",2020,"T",58100,24,42.16195955,-80.82373771,1965
"339","CB",2020,"T",58100,25,42.1576918,-80.82195385,1769
"340","CB",2020,"T",58100,26,42.15335783,-80.82028308,1188
"341","CB",2020,"T",58100,27,42.14903633,-80.81858187,1835
"342","CB",2020,"T",58100,28,42.14471516,-80.81695178,1654
"343","CB",2020,"T",58100,29,42.14038847,-80.81525726,1666
"344","CB",2020,"T",58100,30,42.13605092,-80.81355799,878
"345","CB",2020,"T",58100,31,42.13174698,-80.81191139,1994
"346","CB",2020,"T",58100,32,42.12743749,-80.81016579,1509
"347","CB",2020,"T",58100,33,42.12314427,-80.80846218,1832
"348","CB",2020,"T",58100,34,42.11881305,-80.80681411,2065
"349","CB",2020,"T",58100,35,42.11450182,-80.80511005,1978
"350","CB",2020,"T",58100,36,42.11016983,-80.8034316,3288
"351","CB",2020,"T",58100,37,42.10586404,-80.80172712,2660
"352","CB",2020,"T",58100,38,42.10155622,-80.7999968,1924
"353","CB",2020,"T",58100,39,42.09725562,-80.79823036,1576
"354","CB",2020,"T",58100,40,42.09292427,-80.79650275,1230
"355","CB",2020,"T",58100,41,42.08864234,-80.79475124,1871
"356","CB",2020,"T",58100,42,42.08434989,-80.79299245,1257
"357","CB",2020,"T",58100,43,42.07999268,-80.79133959,1494
"358","CB",2020,"T",58100,44,42.07570071,-80.78961513,1614
"359","CB",2020,"T",58100,45,42.07139448,-80.78787313,1320
"360","CB",2020,"T",58100,46,42.06703979,-80.78624438,1894
"361","CB",2020,"T",58100,47,42.06273834,-80.78455911,2082
"362","CB",2020,"T",58100,48,42.0584026,-80.7829229,2835
"363","CB",2020,"T",58100,49,42.0540725,-80.78124703,7285
"364","CB",2020,"T",58100,50,42.04973852,-80.77965007,3898
"365","CB",2020,"T",58100,51,42.04542302,-80.77792089,2352
"366","CB",2020,"T",58100,52,42.04111689,-80.77623164,3334
"367","CB",2020,"T",58100,53,42.03679303,-80.77448498,3489
"368","CB",2020,"T",58100,54,42.03249122,-80.77271023,3177
"369","CB",2020,"T",58100,55,42.02818135,-80.77098844,5095
"370","CB",2020,"T",58100,56,42.0238611,-80.76930233,2529
"371","CB",2020,"T",58100,57,42.01953797,-80.76755004,3531
"372","CB",2020,"T",58100,58,42.01521822,-80.76584329,1413
"373","CB",2020,"T",58100,59,42.01090774,-80.76418387,3634
"374","CB",2020,"T",58100,60,42.00658873,-80.7624777,3252
"375","CB",2020,"T",58100,61,42.00229302,-80.7607736,4726
"376","CB",2020,"T",58100,62,41.99797445,-80.75908354,6256
"377","CB",2020,"T",58100,63,41.99363651,-80.75736208,7393
"378","CB",2020,"T",58100,64,41.98930851,-80.75572405,13816
"379","CB",2020,"T",58100,65,41.98502838,-80.75400308,6255
"380","CB",2020,"T",58100,66,41.98069799,-80.75229477,7362
"381","CB",2020,"T",58100,67,41.97637674,-80.75056622,3479
"382","CB",2020,"T",58100,68,41.97204709,-80.7489537,6863
"383","CB",2020,"T",58100,69,41.96772201,-80.7472712,2088
"384","CB",2020,"T",58100,70,41.96464463,-80.74604201,3617
"385","CB",2021,"R",315,1,42.57818182,-81.08218922,1145.7041517
"386","CB",2021,"R",315,2,42.57432331,-81.08536576,1848.9161665
"387","CB",2021,"R",315,3,42.57063003,-81.08880469,2630.1323455
"388","CB",2021,"R",315,4,42.56687492,-81.09220828,1437.0567608
"389","CB",2021,"R",315,5,42.56351246,-81.09618882,1741.5520892
"390","CB",2021,"R",315,6,42.5601959,-81.10029403,1808.1502771
"391","CB",2021,"R",315,7,42.55674038,-81.1042085,3188.310093
"392","CB",2021,"R",315,8,42.55324792,-81.1080058,2122.1982995
"393","CB",2021,"R",315,9,42.54964461,-81.11166691,5342.350694
"394","CB",2021,"R",315,10,42.54599438,-81.11520243,4439.120989
"395","CB",2021,"R",412,1,42.41332378,-81.58242697,962.26569486
"396","CB",2021,"R",412,2,42.40885732,-81.58221112,1496.93438683
"397","CB",2021,"R",412,3,42.40435273,-81.58207959,1268.17760106
"398","CB",2021,"R",412,4,42.39983783,-81.58212613,1259.1829874
"399","CB",2021,"R",412,5,42.39535763,-81.58266763,1359.2172086
"400","CB",2021,"R",412,6,42.39087832,-81.58258489,2695.2681691
"401","CB",2021,"R",412,7,42.38645181,-81.58304056,3052.6345989
"402","CB",2021,"R",412,8,42.38196666,-81.58305921,6975.8468317
"403","CB",2021,"R",412,9,42.37747603,-81.58313302,3102.9706373
"404","CB",2021,"R",412,10,42.37296731,-81.58314026,1412.7009294
"405","CB",2021,"R",414,1,42.41311857,-81.24724667,7943.0612071
"406","CB",2021,"R",414,2,42.41401492,-81.2413431,6289.9442314
"407","CB",2021,"R",414,3,42.41436693,-81.23527815,3396.3340752
"408","CB",2021,"R",414,4,42.41452866,-81.22923568,4690.0142079
"409","CB",2021,"R",414,5,42.41442694,-81.22316694,3316.2266067
"410","CB",2021,"R",414,6,42.414252,-81.21710014,4440.474239
"411","CB",2021,"R",414,7,42.41434407,-81.21105222,5492.592432
"412","CB",2021,"R",414,8,42.41452072,-81.20500275,6168.348348
"413","CB",2021,"R",414,9,42.41490353,-81.19895024,8774.979136
"414","CB",2021,"R",414,10,42.41524907,-81.1929148,11088.839333
"415","CB",2021,"R",416,1,42.41183437,-80.91812436,30034.27023
"416","CB",2021,"R",416,2,42.4074089,-80.91757211,10793.1944987
"417","CB",2021,"R",416,3,42.40293442,-80.91725543,20718.264594
"418","CB",2021,"R",416,4,42.39845107,-80.91760321,12947.6681287
"419","CB",2021,"R",416,5,42.39394399,-80.917819,18132.2215448
"420","CB",2021,"R",416,6,42.38947001,-80.91798935,8971.9585293
"421","CB",2021,"R",416,7,42.3849826,-80.91770401,13718.2767942
"422","CB",2021,"R",416,8,42.38047309,-80.917285,15613.4955725
"423","CB",2021,"R",416,9,42.37599446,-80.91717502,8269.9683594
"424","CB",2021,"R",416,10,42.37149563,-80.91715252,22530.5517003
"425","CB",2021,"R",512,1,42.24770842,-81.58043949,12319.060063
"426","CB",2021,"R",512,2,42.24436535,-81.57633947,14149.064279
"427","CB",2021,"R",512,3,42.24097263,-81.57238701,10469.613502
"428","CB",2021,"R",512,4,42.2374797,-81.56855523,19016.6078958
"429","CB",2021,"R",512,5,42.23394431,-81.56487833,12882.1726096
"430","CB",2021,"R",512,6,42.2303894,-81.56113948,7138.2622968
"431","CB",2021,"R",512,7,42.22682038,-81.55744549,13472.578749
"432","CB",2021,"R",512,8,42.22323072,-81.55379507,10745.6439855
"433","CB",2021,"R",512,9,42.2195618,-81.55034356,6129.5993374
"434","CB",2021,"R",512,10,42.21580606,-81.54703992,10372.9381914
"435","CB",2021,"R",516,1,42.21695345,-80.91749762,63865.3391531
"436","CB",2021,"R",516,2,42.21345324,-80.9212436,50499.9730647
"437","CB",2021,"R",516,3,42.20997523,-80.92510122,17174.2733484
"438","CB",2021,"R",516,4,42.20671892,-80.92925897,40490.0281677
"439","CB",2021,"R",516,5,42.20351861,-80.93351279,51416.6431318
"440","CB",2021,"R",516,6,42.20038133,-80.93782304,89307.0173276
"441","CB",2021,"R",516,7,42.19714,-80.94203438,50946.0529888
"442","CB",2021,"R",516,8,42.19380166,-80.94609305,49456.8430331
"443","CB",2021,"R",516,9,42.19037035,-80.94999157,52971.8607644
"444","CB",2021,"R",516,10,42.18700418,-80.95399618,22079.2606907
"445","CB",2021,"R",613,1,42.07959698,-81.41252837,25031.7645029
"446","CB",2021,"R",613,2,42.07627982,-81.40860389,25495.6701644
"447","CB",2021,"R",613,3,42.07284059,-81.40478785,22878.045605
"448","CB",2021,"R",613,4,42.06932596,-81.40098935,7051.584865
"449","CB",2021,"R",613,5,42.06573722,-81.39737309,25501.6212916
"450","CB",2021,"R",613,6,42.06191376,-81.39401485,23371.221278
"451","CB",2021,"R",613,7,42.0583002,-81.39057536,23305.549916
"452","CB",2021,"R",613,8,42.05469721,-81.38690639,31893.76075
"453","CB",2021,"R",613,9,42.05124742,-81.3830323,38514.9467501
"454","CB",2021,"R",613,10,42.04773149,-81.37909388,31520.4213234
"455","CB",2021,"R",615,1,42.07849526,-81.08284779,91956.8559845
"456","CB",2021,"R",615,2,42.07486268,-81.07928416,97934.0583216
"457","CB",2021,"R",615,3,42.07118542,-81.07570017,99291.7959286
"458","CB",2021,"R",615,4,42.06748726,-81.07246867,74986.6604335
"459","CB",2021,"R",615,5,42.06364195,-81.06924568,111524.6529588
"460","CB",2021,"R",615,6,42.0598409,-81.06594414,102007.5615916
"461","CB",2021,"R",615,7,42.0561618,-81.06248555,81382.0432575
"462","CB",2021,"R",615,8,42.05258106,-81.0589061,82887.2032909
"463","CB",2021,"R",615,9,42.04896575,-81.05526399,92219.9119452
"464","CB",2021,"R",615,10,42.04532896,-81.05164648,21922.8216036
"465","CB",2021,"R",714,1,41.91287815,-81.25360909,194964.6550269
"466","CB",2021,"R",714,2,41.91074646,-81.25883175,182389.4150058
"467","CB",2021,"R",714,3,41.90867316,-81.26408411,186266.8600947
"468","CB",2021,"R",714,4,41.90670023,-81.26944406,52411.9259276
"469","CB",2021,"R",714,5,41.90462241,-81.27476395,179618.1367424
"470","CB",2021,"R",714,6,41.90252354,-81.2800623,217469.8724461
"471","CB",2021,"R",714,7,41.90040427,-81.28536494,167336.1041503
"472","CB",2021,"R",714,8,41.89830227,-81.29067935,99521.968085
"473","CB",2021,"R",714,9,41.89647427,-81.29616006,76167.3724322
"474","CB",2021,"R",714,10,41.89485684,-81.30172905,59591.6033139
"475","CB",2021,"R",716,1,41.92971069,-80.93921535,63967.63142871
"476","CB",2021,"R",716,2,41.93014306,-80.93314801,76214.9978679
"477","CB",2021,"R",716,3,41.93008543,-80.92717368,71111.8211026
"478","CB",2021,"R",716,4,41.92993809,-80.92113626,116912.44727458
"479","CB",2021,"R",716,5,41.92936589,-80.91516424,127152.999854403
"480","CB",2021,"R",716,6,41.92863002,-80.90924214,154239.2815
"481","CB",2021,"R",716,7,41.92805814,-80.90324382,35263.97519
"482","CB",2021,"R",716,8,41.92767673,-80.8972782,136904.5898
"483","CB",2021,"R",716,9,41.92742787,-80.89123903,71439.36545
"484","CB",2021,"R",716,10,41.92714397,-80.88524168,57724.81977
"485","CB",2021,"T",57850,1,42.5616629,-81.46897134,3877.678903
"486","CB",2021,"T",57850,2,42.5575855,-81.46669619,1818.0597973
"487","CB",2021,"T",57850,3,42.55333929,-81.46463522,2048.6447508
"488","CB",2021,"T",57850,4,42.54907203,-81.46273458,3344.8241603
"489","CB",2021,"T",57850,5,42.54481908,-81.46082621,3697.1482911
"490","CB",2021,"T",57850,6,42.54049999,-81.4589913,878.9743672
"491","CB",2021,"T",57850,7,42.53622874,-81.4571447,1060.4418955
"492","CB",2021,"T",57850,8,42.53196504,-81.45532501,870.3083118
"493","CB",2021,"T",57850,9,42.52766699,-81.45344698,433.0583196
"494","CB",2021,"T",57850,10,42.52334053,-81.45168608,639.305608
"495","CB",2021,"T",57850,11,42.5190522,-81.44995671,2059.0899025
"496","CB",2021,"T",57850,12,42.51475729,-81.44811346,1547.3141202
"497","CB",2021,"T",57850,13,42.51044965,-81.44629233,1834.6885043
"498","CB",2021,"T",57850,14,42.50618708,-81.44441807,1174.6199933
"499","CB",2021,"T",57850,15,42.50186784,-81.44264004,3298.6442951
"500","CB",2021,"T",57850,16,42.49754682,-81.44101444,8750.8177324
"501","CB",2021,"T",57850,17,42.49321694,-81.4394181,5627.493534
"502","CB",2021,"T",57850,18,42.48894463,-81.43754512,4391.3617431
"503","CB",2021,"T",57850,19,42.48461077,-81.43598212,5055.4385881
"504","CB",2021,"T",57850,20,42.48030812,-81.43416023,9883.5798765
"505","CB",2021,"T",57850,21,42.47602616,-81.4326652,7831.1944774
"506","CB",2021,"T",57850,22,42.47174278,-81.43067684,13838.9597614
"507","CB",2021,"T",57850,23,42.46742459,-81.42895644,12774.9823662
"508","CB",2021,"T",57850,24,42.46314772,-81.42717493,11961.318629
"509","CB",2021,"T",57850,25,42.45889251,-81.42519604,5945.0046934
"510","CB",2021,"T",57850,26,42.45461132,-81.42338876,11417.7528949
"511","CB",2021,"T",57850,27,42.45031337,-81.42152721,11804.7821051
"512","CB",2021,"T",57850,28,42.44601413,-81.41982211,9556.0131293
"513","CB",2021,"T",57850,29,42.4417487,-81.41810263,10672.732831
"514","CB",2021,"T",57850,30,42.4374317,-81.41624723,9755.369214
"515","CB",2021,"T",57850,31,42.43315129,-81.41441429,10262.711301
"516","CB",2021,"T",57850,32,42.42886632,-81.41255213,9965.238321
"517","CB",2021,"T",57850,33,42.42459859,-81.41082846,6332.471222
"518","CB",2021,"T",57850,34,42.42033578,-81.40876231,6316.706045
"519","CB",2021,"T",57850,35,42.41607282,-81.40683371,3473.448201
"520","CB",2021,"T",57850,36,42.41177822,-81.40502785,9066.520727
"521","CB",2021,"T",57850,37,42.40749212,-81.40323825,12996.640658
"522","CB",2021,"T",57850,38,42.40319281,-81.40147233,14544.156312
"523","CB",2021,"T",57850,39,42.39890393,-81.39962884,14482.186831
"524","CB",2021,"T",57850,40,42.39461118,-81.39788624,18956.737937
"525","CB",2021,"T",57850,41,42.39034086,-81.39599217,15377.639894
"526","CB",2021,"T",57850,42,42.38603434,-81.39418589,10247.137935
"527","CB",2021,"T",57850,43,42.38173926,-81.39233881,9318.375525
"528","CB",2021,"T",57850,44,42.3774732,-81.39055553,6247.1060852
"529","CB",2021,"T",57850,45,42.37314637,-81.3888351,10363.2483434
"530","CB",2021,"T",57850,46,42.36884308,-81.38706436,11764.0936794
"531","CB",2021,"T",57850,47,42.36456313,-81.38521396,25224.6311185
"532","CB",2021,"T",57850,48,42.36027,-81.38345227,24514.5487871
"533","CB",2021,"T",57850,49,42.35599349,-81.38158119,7876.0198796
"534","CB",2021,"T",57850,50,42.35169564,-81.37973224,25196.0913512
"535","CB",2021,"T",57850,51,42.34741753,-81.37781323,11222.2104786
"536","CB",2021,"T",57850,52,42.34314022,-81.37605686,8540.5398672
"537","CB",2021,"T",57850,53,42.33884008,-81.37430761,26349.1959765
"538","CB",2021,"T",57850,54,42.33452962,-81.37257246,12765.6722287
"539","CB",2021,"T",57850,55,42.33024671,-81.37077643,9177.8778582
"540","CB",2021,"T",57850,56,42.32595378,-81.36895081,8490.5674036
"541","CB",2021,"T",57850,57,42.32167078,-81.36704606,6940.1632791
"542","CB",2021,"T",57850,58,42.31742115,-81.36520773,5993.436258
"543","CB",2021,"T",57850,59,42.31311551,-81.36343956,5700.0931336
"544","CB",2021,"T",57850,60,42.3088284,-81.36158902,5597.2846942
"545","CB",2021,"T",57850,61,42.30452628,-81.3597839,3967.7392831
"546","CB",2021,"T",57850,62,42.30024458,-81.35797648,4677.412575
"547","CB",2021,"T",57850,63,42.29597563,-81.35601523,8493.529132
"548","CB",2021,"T",57850,64,42.29167494,-81.35420114,6891.6379559
"549","CB",2021,"T",57850,65,42.28741327,-81.35229481,6526.7198965
"550","CB",2021,"T",57850,66,42.28309288,-81.35058336,14087.842363
"551","CB",2021,"T",57850,67,42.27878062,-81.34883695,10895.3631016
"552","CB",2021,"T",57850,68,42.27452029,-81.34697197,2703.5382451
"553","CB",2021,"T",57850,69,42.27021699,-81.34513715,6097.4358288
"554","CB",2021,"T",57850,70,42.26595024,-81.34325612,6677.8861404
"555","CB",2021,"T",57850,71,42.261646,-81.34140146,4511.6105587
"556","CB",2021,"T",57850,72,42.2573857,-81.339548,5979.5867684
"557","CB",2021,"T",57850,73,42.25308645,-81.33776358,10601.1509747
"558","CB",2021,"T",57850,74,42.24878755,-81.33595843,8128.18456
"559","CB",2021,"T",57850,75,42.2445032,-81.33416827,4620.7595953
"560","CB",2021,"T",57850,76,42.2402286,-81.33248269,9990.851201
"561","CB",2021,"T",57850,77,42.23590426,-81.33060464,15144.4260642
"562","CB",2021,"T",57850,78,42.23162114,-81.32868434,23338.8908082
"563","CB",2021,"T",57850,79,42.22735602,-81.32702182,13738.014697
"564","CB",2021,"T",57850,80,42.22308182,-81.32518798,10562.838142
"565","CB",2021,"T",57850,81,42.21879627,-81.32329293,6411.1789169
"566","CB",2021,"T",57850,82,42.21454788,-81.32147285,12363.6279917
"567","CB",2021,"T",57850,83,42.21022388,-81.31948142,9930.895308
"568","CB",2021,"T",57850,84,42.2059739,-81.31783445,13673.4831617
"569","CB",2021,"T",57850,85,42.20169342,-81.31611968,26858.7825165
"570","CB",2021,"T",57850,86,42.19735674,-81.31431094,29374.5253857
"571","CB",2021,"T",57850,87,42.19301171,-81.31304949,18820.2262298
"572","CB",2021,"T",57850,88,42.18874605,-81.31143232,16553.350163
"573","CB",2021,"T",57850,89,42.18448482,-81.30953171,19148.8714254
"574","CB",2021,"T",57850,90,42.18017906,-81.30774195,15090.3663446
"575","CB",2021,"T",57850,91,42.17589132,-81.3058536,17728.1198856
"576","CB",2021,"T",57850,92,42.17165484,-81.30418287,21911.6481885
"577","CB",2021,"T",57850,93,42.16738672,-81.30204524,29475.4846007
"578","CB",2021,"T",57850,94,42.16315642,-81.30022791,26299.7028274
"579","CB",2021,"T",57850,95,42.15887292,-81.2983889,50079.3835626
"580","CB",2021,"T",57850,96,42.15457491,-81.29647708,57969.0506337
"581","CB",2021,"T",57850,97,42.15027491,-81.29468288,41684.2973069
"582","CB",2021,"T",57850,98,42.145996,-81.2927585,44952.7843507
"583","CB",2021,"T",57850,99,42.14176208,-81.29103687,43859.6662458
"584","CB",2021,"T",57850,100,42.13747094,-81.28924405,35819.6426538
"585","CB",2021,"T",57850,101,42.13322155,-81.28737248,25975.7491084
"586","CB",2021,"T",57850,102,42.12893021,-81.2855838,41463.8568541
"587","CB",2021,"T",57850,103,42.12465743,-81.28368166,39529.9953303
"588","CB",2021,"T",57850,104,42.12036792,-81.28176345,49988.1486823
"589","CB",2021,"T",57850,105,42.11610434,-81.27990489,61877.7472004
"590","CB",2021,"T",57850,106,42.11183129,-81.27793844,52904.8414324
"591","CB",2021,"T",57850,107,42.1075431,-81.27612994,46527.5067621
"592","CB",2021,"T",57850,108,42.10326095,-81.27419675,55959.4531602
"593","CB",2021,"T",57850,109,42.09899381,-81.27231688,42286.784293
"594","CB",2021,"T",57850,110,42.09476136,-81.27039959,8024.1028773
"595","CB",2021,"T",57850,111,42.09042969,-81.2686069,38016.5233057
"596","CB",2021,"T",57850,112,42.08611948,-81.2666139,61490.1204978
"597","CB",2021,"T",57850,113,42.08188784,-81.26499192,39682.216145
"598","CB",2021,"T",57850,114,42.07757853,-81.2632666,18815.0931917
"599","CB",2021,"T",57850,115,42.07329933,-81.26132766,40649.4526246
"600","CB",2021,"T",57850,116,42.06904896,-81.25928021,20299.1135883
"601","CB",2021,"T",57850,117,42.06482477,-81.25734361,13651.0449849
"602","CB",2021,"T",57850,118,42.06050537,-81.25562596,16687.1166425
"603","CB",2021,"T",57850,119,42.05624617,-81.25381876,19537.0645106
"604","CB",2021,"T",57850,120,42.05193138,-81.25209476,9476.1666131
"605","CB",2021,"T",57850,121,42.04758105,-81.25038438,20191.1628631
"606","CB",2021,"T",57850,122,42.0432963,-81.24861977,29719.4584729
"607","CB",2021,"T",57850,123,42.03900341,-81.24680977,32795.61997252
"608","CB",2021,"T",57850,124,42.03470711,-81.24505684,34017.1054372
"609","CB",2021,"T",57850,125,42.03039655,-81.24333717,41685.42922972
"610","CB",2021,"T",57850,126,42.02612669,-81.24145742,52709.7681761
"611","CB",2021,"T",57850,127,42.02180108,-81.23982276,40441.7532602
"612","CB",2021,"T",57850,128,42.01742835,-81.23837301,37528.0881336
"613","CB",2021,"T",57850,129,42.01309121,-81.2367925,25547.4950368
"614","CB",2021,"T",57850,130,42.00876448,-81.23514326,20703.9583156
"615","CB",2021,"T",57850,131,42.00447963,-81.23342218,7005.2560614
"616","CB",2021,"T",57850,132,42.00021414,-81.23137738,15739.7872757
"617","CB",2021,"T",57850,133,41.99595374,-81.22943976,10730.5165104
"618","CB",2021,"T",57850,134,41.99170986,-81.22748774,10823.4152343
"619","CB",2021,"T",57850,135,41.98744241,-81.22570897,16926.9815363
"620","CB",2021,"T",57850,136,41.98315406,-81.22398716,22612.2486657
"621","CB",2021,"T",57850,137,41.97882265,-81.22224086,29163.7899695
"622","CB",2021,"T",57850,138,41.97452588,-81.2204802,17766.5833679
"623","CB",2021,"T",57850,139,41.97024609,-81.21871291,26199.0948605
"624","CB",2021,"T",57850,140,41.96595432,-81.21699421,31602.097073
"625","CB",2021,"T",57850,141,41.96165954,-81.21528255,78626.1674421
"626","CB",2021,"T",57850,142,41.95740704,-81.21342202,25413.3364135
"627","CB",2021,"T",57850,143,41.95315003,-81.21145744,144261.9163759
"628","CB",2021,"T",57850,144,41.948839,-81.20973943,137066.150127
"629","CB",2021,"T",57850,145,41.94454435,-81.20797417,146243.2198204
"630","CB",2021,"T",57850,146,41.94028436,-81.20603804,35182.6811811
"631","CB",2021,"T",57850,147,41.93601977,-81.20412262,86618.4688533
"632","CB",2021,"T",57850,148,41.93179994,-81.2022991,60917.2056894
"633","CB",2021,"T",57850,149,41.92760707,-81.19988288,47862.6434164
"634","CB",2021,"T",57850,150,41.92338611,-81.19795017,31276.1140612
"635","CB",2021,"T",57850,151,41.91913596,-81.19579972,24973.0119768
"636","CB",2021,"T",57850,152,41.9149007,-81.19390765,4714.4125214
"637","CB",2021,"T",57850,153,41.91060365,-81.1920656,1857.9984777
"638","CB",2021,"T",57850,154,41.9063132,-81.19032952,17007.7813306
"639","CB",2021,"T",57850,155,41.90204397,-81.18851282,26347.6380841
"640","CB",2021,"T",57850,156,41.89775367,-81.18657699,15498.6636493
"641","CB",2021,"T",57850,157,41.8934959,-81.18472554,1445.0586844
"642","CB",2021,"T",57850,158,41.88927008,-81.1827928,5502.8854108
"643","CB",2021,"T",57850,159,41.88504922,-81.18061427,3026.8788229
"644","CB",2021,"T",57850,160,41.88077005,-81.1787149,18114.8477607
"645","CB",2021,"T",57850,161,41.87648334,-81.17716529,42137.1718027
"646","CB",2021,"T",57850,162,41.87221798,-81.17519598,36433.065207
"647","CB",2021,"T",57850,163,41.86803405,-81.17328374,56627.2143
"648","CB",2021,"T",57850,164,41.86384857,-81.17069616,45236.63362902
"649","CB",2021,"T",57850,165,41.85959388,-81.16990593,55828.78304509
"650","CB",2021,"T",57850,166,41.85516231,-81.16937886,128485.7698373
"651","CB",2021,"T",57850,167,41.85080711,-81.16864367,144869.6495935
"652","CB",2021,"T",57850,168,41.84646107,-81.16702109,110287.85944507
"653","CB",2021,"T",57850,169,41.84224545,-81.16508126,68046.50270067
"654","CB",2021,"T",57850,170,41.83792817,-81.16303175,148367.245443039
"655","CB",2021,"T",57850,171,41.83361218,-81.16167771,50911.44976
"656","CB",2021,"T",57850,172,41.82925978,-81.16033013,25355.86994
"657","CB",2021,"T",57850,173,41.82492277,-81.15851761,2626.60787
"658","CB",2021,"T",57850,174,41.82184271,-81.1572613,15946.86614
"659","CB",2021,"T",58100,1,42.62818358,-81.01279503,3832.580621
"660","CB",2021,"T",58100,2,42.62398209,-81.01049505,2222.1294638
"661","CB",2021,"T",58100,3,42.61978104,-81.00841212,3055.9545767
"662","CB",2021,"T",58100,4,42.61547064,-81.00664401,1385.857543
"663","CB",2021,"T",58100,5,42.61104908,-81.00561327,5420.644666
"664","CB",2021,"T",58100,6,42.60658333,-81.0044251,6611.30516
"665","CB",2021,"T",58100,7,42.60232176,-81.00298753,7144.636294
"666","CB",2021,"T",58100,8,42.59793308,-81.00139515,6392.793088
"667","CB",2021,"T",58100,9,42.59364348,-80.99960292,8682.449575
"668","CB",2021,"T",58100,10,42.58942334,-80.99762084,6232.490271
"669","CB",2021,"T",58100,11,42.58515828,-80.99568718,3731.983192
"670","CB",2021,"T",58100,12,42.58082495,-80.99394868,3510.692244
"671","CB",2021,"T",58100,13,42.57655379,-80.99218123,3744.022696
"672","CB",2021,"T",58100,14,42.57218835,-80.99058554,4072.687947
"673","CB",2021,"T",58100,15,42.56791519,-80.9887957,4031.195664
"674","CB",2021,"T",58100,16,42.56356268,-80.98718341,2998.260023
"675","CB",2021,"T",58100,17,42.55924092,-80.9854153,2265.3275467
"676","CB",2021,"T",58100,18,42.55494893,-80.98363385,3943.857559
"677","CB",2021,"T",58100,19,42.55064736,-80.98193568,4493.857284
"678","CB",2021,"T",58100,20,42.54635667,-80.980135,5103.494356
"679","CB",2021,"T",58100,21,42.54205587,-80.97826833,5865.722349
"680","CB",2021,"T",58100,22,42.53779235,-80.97651895,7269.884687
"681","CB",2021,"T",58100,23,42.53351043,-80.97476,4406.423158
"682","CB",2021,"T",58100,24,42.52918398,-80.97314047,2399.814189
"683","CB",2021,"T",58100,25,42.5248655,-80.97142438,4016.58726
"684","CB",2021,"T",58100,26,42.52052664,-80.96975263,6100.28489
"685","CB",2021,"T",58100,27,42.5162012,-80.96810239,7063.270509
"686","CB",2021,"T",58100,28,42.51192871,-80.96625405,10065.081846
"687","CB",2021,"T",58100,29,42.50763417,-80.96450547,9581.036358
"688","CB",2021,"T",58100,30,42.50330605,-80.96278729,15860.4183419
"689","CB",2021,"T",58100,31,42.49901014,-80.96106432,10318.920219
"690","CB",2021,"T",58100,32,42.49470243,-80.95931921,12831.575158
"691","CB",2021,"T",58100,33,42.4903812,-80.95757035,11549.37812
"692","CB",2021,"T",58100,34,42.48609807,-80.95585682,12034.1279792
"693","CB",2021,"T",58100,35,42.48179194,-80.95406305,15095.1697584
"694","CB",2021,"T",58100,36,42.47747908,-80.95231461,16296.3824667
"695","CB",2021,"T",58100,37,42.47315239,-80.95061026,20786.4521115
"696","CB",2021,"T",58100,38,42.46884204,-80.94889363,45082.5589958
"697","CB",2021,"T",58100,39,42.46453455,-80.94717885,53102.9375268
"698","CB",2021,"T",58100,40,42.46020598,-80.94544408,22362.627772
"699","CB",2021,"T",58100,41,42.45592692,-80.94362901,55702.8342912
"700","CB",2021,"T",58100,42,42.4516407,-80.9418811,31396.706612
"701","CB",2021,"T",58100,43,42.4473277,-80.94011082,68779.682179
"702","CB",2021,"T",58100,44,42.44302087,-80.93832347,30595.371232
"703","CB",2021,"T",58100,45,42.43871483,-80.9365727,23065.528585
"704","CB",2021,"T",58100,46,42.43440585,-80.93481255,28778.240471
"705","CB",2021,"T",58100,47,42.43011087,-80.93304774,36532.260585
"706","CB",2021,"T",58100,48,42.42580199,-80.93129846,63164.908249
"707","CB",2021,"T",58100,49,42.42145816,-80.92962588,32411.050905
"708","CB",2021,"T",58100,50,42.41718634,-80.92788821,35417.1958295
"709","CB",2021,"T",58100,51,42.41286445,-80.92619576,55903.6906858
"710","CB",2021,"T",58100,52,42.40857748,-80.92448784,27840.9574369
"711","CB",2021,"T",58100,53,42.40424978,-80.92266191,29764.1649508
"712","CB",2021,"T",58100,54,42.39996268,-80.92079215,22770.9363447
"713","CB",2021,"T",58100,55,42.39568685,-80.91905456,16775.148341
"714","CB",2021,"T",58100,56,42.39140952,-80.91727357,25852.928715
"715","CB",2021,"T",58100,57,42.38706712,-80.9155791,17998.390063
"716","CB",2021,"T",58100,58,42.38276081,-80.91384883,12424.696503
"717","CB",2021,"T",58100,59,42.37843644,-80.91209286,17642.7942836
"718","CB",2021,"T",58100,60,42.37415083,-80.91040956,12137.93111
"719","CB",2021,"T",58100,61,42.36982386,-80.90870407,8512.6047912
"720","CB",2021,"T",58100,62,42.365493,-80.90693983,14597.6575037
"721","CB",2021,"T",58100,63,42.36120709,-80.90520636,8502.433927
"722","CB",2021,"T",58100,64,42.3568898,-80.90340039,12220.835514
"723","CB",2021,"T",58100,65,42.35260404,-80.90168399,20127.791132
"724","CB",2021,"T",58100,66,42.34830889,-80.89991381,20734.653539
"725","CB",2021,"T",58100,67,42.34397237,-80.89823181,29190.036351
"726","CB",2021,"T",58100,68,42.3396744,-80.89646358,28530.3141611
"727","CB",2021,"T",58100,69,42.33536402,-80.89474817,23424.9216736
"728","CB",2021,"T",58100,70,42.33105115,-80.89303012,14909.2580718
"729","CB",2021,"T",58100,71,42.32672025,-80.89143138,24699.6892605
"730","CB",2021,"T",58100,72,42.32242046,-80.88969478,17983.8850092
"731","CB",2021,"T",58100,73,42.31812113,-80.88787778,11605.8931287
"732","CB",2021,"T",58100,74,42.31380437,-80.88616679,17708.3484132
"733","CB",2021,"T",58100,75,42.3095071,-80.8844304,29168.8494007
"734","CB",2021,"T",58100,76,42.30517599,-80.88276276,33568.2415068
"735","CB",2021,"T",58100,77,42.30087912,-80.8810599,35774.9445731
"736","CB",2021,"T",58100,78,42.2965877,-80.87924602,38291.619826
"737","CB",2021,"T",58100,79,42.29227771,-80.8774954,37099.4829808
"738","CB",2021,"T",58100,80,42.28799095,-80.87566734,40854.1653763
"739","CB",2021,"T",58100,81,42.28369989,-80.87394401,50316.8781583
"740","CB",2021,"T",58100,82,42.27939558,-80.87208886,53235.2905993
"741","CB",2021,"T",58100,83,42.27507443,-80.87042809,64854.0452733
"742","CB",2021,"T",58100,84,42.27075227,-80.86870512,71699.4829484
"743","CB",2021,"T",58100,85,42.26644243,-80.86695923,53352.9404325
"744","CB",2021,"T",58100,86,42.26212365,-80.86517027,9613.988968
"745","CB",2021,"T",58100,87,42.25782195,-80.86351292,14221.7050136
"746","CB",2021,"T",58100,88,42.25348807,-80.86182134,13256.4845249
"747","CB",2021,"T",58100,89,42.24918713,-80.86012091,12852.5236447
"748","CB",2021,"T",58100,90,42.24492354,-80.85813292,4756.764123
"749","CB",2021,"T",58100,91,42.24077561,-80.85583018,26280.1918856
"750","CB",2021,"T",58100,92,42.23667393,-80.85343947,34123.7525404
"751","CB",2021,"T",58100,93,42.23260423,-80.85087192,29002.3464973
"752","CB",2021,"T",58100,94,42.22858672,-80.8481175,15472.5181059
"753","CB",2021,"T",58100,95,42.22453877,-80.8453321,40033.4441403
"754","CB",2021,"T",58100,96,42.22026601,-80.84406124,19818.9665386
"755","CB",2021,"T",58100,97,42.2161144,-80.84174839,99456.813225
"756","CB",2021,"T",58100,98,42.21186869,-80.83957971,7198.5169741
"757","CB",2021,"T",58100,99,42.20757077,-80.83786267,8376.2342189
"758","CB",2021,"T",58100,100,42.20315691,-80.83683412,24129.1418625
"759","CB",2021,"T",58100,101,42.19873307,-80.83565523,51347.9075145
"760","CB",2021,"T",58100,102,42.19436227,-80.83421539,12942.5081914
"761","CB",2021,"T",58100,103,42.19004488,-80.83250397,58730.4155487
"762","CB",2021,"T",58100,104,42.18575529,-80.83071737,29012.1476867
"763","CB",2021,"T",58100,105,42.18145593,-80.82898442,10374.0487407
"764","CB",2021,"T",58100,106,42.17716067,-80.82712691,30488.5364357
"765","CB",2021,"T",58100,107,42.17281246,-80.82554076,29693.6335633
"766","CB",2021,"T",58100,108,42.16849461,-80.82390917,14700.58815
"767","CB",2021,"T",58100,109,42.16416198,-80.82223381,17343.0049497
"768","CB",2021,"T",58100,110,42.15980525,-80.82052169,38339.3858276
"769","CB",2021,"T",58100,111,42.15551713,-80.81901444,14173.2471347
"770","CB",2021,"T",58100,112,42.15115569,-80.8174253,13378.26198357
"771","CB",2021,"T",58100,113,42.14682457,-80.81571538,21766.03495021
"772","CB",2021,"T",58100,114,42.14252567,-80.81404921,14243.7227622
"773","CB",2021,"T",58100,115,42.13817346,-80.8122938,33401.50655004
"774","CB",2021,"T",58100,116,42.13385334,-80.81067567,39742.4903964
"775","CB",2021,"T",58100,117,42.12954973,-80.80896272,23119.2186915
"776","CB",2021,"T",58100,118,42.12524449,-80.80730743,52028.8702125
"777","CB",2021,"T",58100,119,42.12089143,-80.80563963,57645.8488493
"778","CB",2021,"T",58100,120,42.11655472,-80.80396386,21355.2105466
"779","CB",2021,"T",58100,121,42.11224789,-80.8023205,49632.8355353
"780","CB",2021,"T",58100,122,42.10796474,-80.80064043,45753.6426374
"781","CB",2021,"T",58100,123,42.10360094,-80.79901221,3696.6804577
"782","CB",2021,"T",58100,124,42.09927876,-80.79729306,54518.5914406
"783","CB",2021,"T",58100,125,42.09495544,-80.79556902,64590.8882962
"784","CB",2021,"T",58100,126,42.09068286,-80.79377839,64317.2282328
"785","CB",2021,"T",58100,127,42.08637098,-80.79200304,63120.4513309
"786","CB",2021,"T",58100,128,42.0820632,-80.79038381,73594.6186324
"787","CB",2021,"T",58100,129,42.07774841,-80.78874165,63987.6902071
"788","CB",2021,"T",58100,130,42.07337947,-80.78716505,8135.8735481
"789","CB",2021,"T",58100,131,42.06904355,-80.7854853,62856.1472072
"790","CB",2021,"T",58100,132,42.06472035,-80.78387044,55177.192653
"791","CB",2021,"T",58100,133,42.0604119,-80.78224229,18111.0856431
"792","CB",2021,"T",58100,134,42.05607705,-80.78056985,54228.0618098
"793","CB",2021,"T",58100,135,42.05174555,-80.77901443,65497.742811
"794","CB",2021,"T",58100,136,42.04743133,-80.77731525,52264.2405626
"795","CB",2021,"T",58100,137,42.0431035,-80.7756112,11157.6919725
"796","CB",2021,"T",58100,138,42.03878145,-80.7739613,16589.8585465
"797","CB",2021,"T",58100,139,42.03445048,-80.77232851,36402.3459914
"798","CB",2021,"T",58100,140,42.0301271,-80.77064263,50998.9492539
"799","CB",2021,"T",58100,141,42.02579423,-80.76898247,20658.115166
"800","CB",2021,"T",58100,142,42.02149064,-80.76728454,5603.7146752
"801","CB",2021,"T",58100,143,42.01716793,-80.76562065,16837.3457041
"802","CB",2021,"T",58100,144,42.01285954,-80.7638265,23827.311212
"803","CB",2021,"T",58100,145,42.00858123,-80.76212239,53985.7070926
"804","CB",2021,"T",58100,146,42.00427294,-80.76033795,44382.072638
"805","CB",2021,"T",58100,147,41.99998621,-80.75853334,70877.1613099
"806","CB",2021,"T",58100,148,41.99566564,-80.7567204,22374.4704887
"807","CB",2021,"T",58100,149,41.99135426,-80.75515019,6700.17523944
"808","CB",2021,"T",58100,150,41.98697774,-80.75371288,37758.21658
"809","CB",2021,"T",58100,151,41.98262132,-80.75223074,25230.4765
"810","CB",2021,"T",58100,152,41.97828514,-80.75059863,50076.27355
"811","CB",2021,"T",58100,153,41.97397973,-80.74904302,4553.924725
"812","CB",2021,"T",58100,154,41.96965305,-80.74730422,54807.07291
"813","CB",2021,"T",58100,155,41.96558948,-80.74580625,61752.06347
