Basin,Year,type,TRANSECT,LAYER,Interval,Lat_M,Lon_M,NperHa
CB,2021,grid,315,1,1,42.57818182,-81.08218922,730.4915499
CB,2021,grid,315,1,2,42.57432331,-81.08536576,1202.410011
CB,2021,grid,315,1,3,42.57063003,-81.08880469,1892.218028
CB,2021,grid,315,1,4,42.56687492,-81.09220828,677.8606643
CB,2021,grid,315,1,5,42.56351246,-81.09618882,946.0348047
CB,2021,grid,315,1,6,42.5601959,-81.10029403,823.8797296
CB,2021,grid,315,1,7,42.55674038,-81.1042085,1966.292904
CB,2021,grid,315,1,8,42.55324792,-81.1080058,777.4330665
CB,2021,grid,315,1,9,42.54964461,-81.11166691,3826.159412
CB,2021,grid,315,1,10,42.54599438,-81.11520243,3201.641357
CB,2021,grid,315,2,1,42.57818182,-81.08218922,415.2126018
CB,2021,grid,315,2,2,42.57432331,-81.08536576,646.5061555
CB,2021,grid,315,2,3,42.57063003,-81.08880469,737.9143175
CB,2021,grid,315,2,4,42.56687492,-81.09220828,759.1960965
CB,2021,grid,315,2,5,42.56351246,-81.09618882,795.5172845
CB,2021,grid,315,2,6,42.5601959,-81.10029403,984.2705475
CB,2021,grid,315,2,7,42.55674038,-81.1042085,1222.017189
CB,2021,grid,315,2,8,42.55324792,-81.1080058,1344.765233
CB,2021,grid,315,2,9,42.54964461,-81.11166691,1516.191282
CB,2021,grid,315,2,10,42.54599438,-81.11520243,1237.479632
CB,2021,grid,412,1,1,42.41332378,-81.58242697,903.364686
CB,2021,grid,412,1,2,42.40885732,-81.58221112,1443.388276
CB,2021,grid,412,1,3,42.40435273,-81.58207959,1183.036672
CB,2021,grid,412,1,4,42.39983783,-81.58212613,1067.59823
CB,2021,grid,412,1,5,42.39535763,-81.58266763,1225.93835
CB,2021,grid,412,1,6,42.39087832,-81.58258489,2544.928603
CB,2021,grid,412,1,7,42.38645181,-81.58304056,2694.989739
CB,2021,grid,412,1,8,42.38196666,-81.58305921,6713.394709
CB,2021,grid,412,1,9,42.37747603,-81.58313302,2677.388877
CB,2021,grid,412,1,10,42.37296731,-81.58314026,996.2898638
CB,2021,grid,412,2,1,42.41332378,-81.58242697,58.90100886
CB,2021,grid,412,2,2,42.40885732,-81.58221112,53.54611083
CB,2021,grid,412,2,3,42.40435273,-81.58207959,85.14092906
CB,2021,grid,412,2,4,42.39983783,-81.58212613,191.5847574
CB,2021,grid,412,2,5,42.39535763,-81.58266763,133.2788586
CB,2021,grid,412,2,6,42.39087832,-81.58258489,150.3395661
CB,2021,grid,412,2,7,42.38645181,-81.58304056,357.6448599
CB,2021,grid,412,2,8,42.38196666,-81.58305921,262.4521227
CB,2021,grid,412,2,9,42.37747603,-81.58313302,425.5817603
CB,2021,grid,412,2,10,42.37296731,-81.58314026,416.4110656
CB,2021,grid,414,1,1,42.41311857,-81.24724667,7251.317528
CB,2021,grid,414,1,2,42.41401492,-81.2413431,5510.261842
CB,2021,grid,414,1,3,42.41436693,-81.23527815,2569.618326
CB,2021,grid,414,1,4,42.41452866,-81.22923568,3793.959601
CB,2021,grid,414,1,5,42.41442694,-81.22316694,2471.875676
CB,2021,grid,414,1,6,42.414252,-81.21710014,3251.439843
CB,2021,grid,414,1,7,42.41434407,-81.21105222,4161.280852
CB,2021,grid,414,1,8,42.41452072,-81.20500275,4700.820516
CB,2021,grid,414,1,9,42.41490353,-81.19895024,7101.006272
CB,2021,grid,414,1,10,42.41524907,-81.1929148,8329.925975
CB,2021,grid,414,2,1,42.41311857,-81.24724667,691.7436791
CB,2021,grid,414,2,2,42.41401492,-81.2413431,779.6823894
CB,2021,grid,414,2,3,42.41436693,-81.23527815,826.7157492
CB,2021,grid,414,2,4,42.41452866,-81.22923568,896.0546069
CB,2021,grid,414,2,5,42.41442694,-81.22316694,844.3509307
CB,2021,grid,414,2,6,42.414252,-81.21710014,1189.034396
CB,2021,grid,414,2,7,42.41434407,-81.21105222,1331.31158
CB,2021,grid,414,2,8,42.41452072,-81.20500275,1467.527832
CB,2021,grid,414,2,9,42.41490353,-81.19895024,1673.972864
CB,2021,grid,414,2,10,42.41524907,-81.1929148,2758.913358
CB,2021,grid,416,1,1,42.41183437,-80.91812436,29687.74724
CB,2021,grid,416,1,2,42.4074089,-80.91757211,10075.5892
CB,2021,grid,416,1,3,42.40293442,-80.91725543,19967.62729
CB,2021,grid,416,1,4,42.39845107,-80.91760321,12089.42671
CB,2021,grid,416,1,5,42.39394399,-80.917819,17403.47875
CB,2021,grid,416,1,6,42.38947001,-80.91798935,8272.254365
CB,2021,grid,416,1,7,42.3849826,-80.91770401,13061.18094
CB,2021,grid,416,1,8,42.38047309,-80.917285,14939.50128
CB,2021,grid,416,1,9,42.37599446,-80.91717502,7492.123279
CB,2021,grid,416,1,10,42.37149563,-80.91715252,22102.76922
CB,2021,grid,416,2,1,42.41183437,-80.91812436,346.52299
CB,2021,grid,416,2,2,42.4074089,-80.91757211,717.6052987
CB,2021,grid,416,2,3,42.40293442,-80.91725543,750.637304
CB,2021,grid,416,2,4,42.39845107,-80.91760321,858.2414187
CB,2021,grid,416,2,5,42.39394399,-80.917819,728.7427948
CB,2021,grid,416,2,6,42.38947001,-80.91798935,699.7041643
CB,2021,grid,416,2,7,42.3849826,-80.91770401,657.0958542
CB,2021,grid,416,2,8,42.38047309,-80.917285,673.9942925
CB,2021,grid,416,2,9,42.37599446,-80.91717502,777.8450804
CB,2021,grid,416,2,10,42.37149563,-80.91715252,427.7824803
CB,2021,grid,512,1,1,42.24770842,-81.58043949,11107.044
CB,2021,grid,512,1,2,42.24436535,-81.57633947,13022.66524
CB,2021,grid,512,1,3,42.24097263,-81.57238701,9615.614654
CB,2021,grid,512,1,4,42.2374797,-81.56855523,18374.63821
CB,2021,grid,512,1,5,42.23394431,-81.56487833,12032.22156
CB,2021,grid,512,1,6,42.2303894,-81.56113948,6604.059878
CB,2021,grid,512,1,7,42.22682038,-81.55744549,12905.77819
CB,2021,grid,512,1,8,42.22323072,-81.55379507,10094.56027
CB,2021,grid,512,1,9,42.2195618,-81.55034356,5401.401099
CB,2021,grid,512,1,10,42.21580606,-81.54703992,9948.248917
CB,2021,grid,512,2,1,42.24770842,-81.58043949,1212.016063
CB,2021,grid,512,2,2,42.24436535,-81.57633947,1126.399039
CB,2021,grid,512,2,3,42.24097263,-81.57238701,853.998848
CB,2021,grid,512,2,4,42.2374797,-81.56855523,641.9696858
CB,2021,grid,512,2,5,42.23394431,-81.56487833,849.9510496
CB,2021,grid,512,2,6,42.2303894,-81.56113948,534.2024188
CB,2021,grid,512,2,7,42.22682038,-81.55744549,566.800559
CB,2021,grid,512,2,8,42.22323072,-81.55379507,651.0837155
CB,2021,grid,512,2,9,42.2195618,-81.55034356,728.1982384
CB,2021,grid,512,2,10,42.21580606,-81.54703992,424.6892744
CB,2021,grid,516,1,1,42.21695345,-80.91749762,63664.7162
CB,2021,grid,516,1,2,42.21345324,-80.9212436,49622.08108
CB,2021,grid,516,1,3,42.20997523,-80.92510122,16675.28642
CB,2021,grid,516,1,4,42.20671892,-80.92925897,40057.13511
CB,2021,grid,516,1,5,42.20351861,-80.93351279,50948.8324
CB,2021,grid,516,1,6,42.20038133,-80.93782304,88914.83737
CB,2021,grid,516,1,7,42.19714,-80.94203438,50424.46732
CB,2021,grid,516,1,8,42.19380166,-80.94609305,48564.05381
CB,2021,grid,516,1,9,42.19037035,-80.94999157,52402.92669
CB,2021,grid,516,1,10,42.18700418,-80.95399618,21467.9779
CB,2021,grid,516,2,1,42.21695345,-80.91749762,200.6229531
CB,2021,grid,516,2,2,42.21345324,-80.9212436,877.8919847
CB,2021,grid,516,2,3,42.20997523,-80.92510122,498.9869284
CB,2021,grid,516,2,4,42.20671892,-80.92925897,432.8930577
CB,2021,grid,516,2,5,42.20351861,-80.93351279,467.8107318
CB,2021,grid,516,2,6,42.20038133,-80.93782304,392.1799576
CB,2021,grid,516,2,7,42.19714,-80.94203438,521.5856688
CB,2021,grid,516,2,8,42.19380166,-80.94609305,892.7892231
CB,2021,grid,516,2,9,42.19037035,-80.94999157,568.9340744
CB,2021,grid,516,2,10,42.18700418,-80.95399618,611.2827907
CB,2021,grid,613,1,1,42.07959698,-81.41252837,24212.403
CB,2021,grid,613,1,2,42.07627982,-81.40860389,24723.58848
CB,2021,grid,613,1,3,42.07284059,-81.40478785,21485.56215
CB,2021,grid,613,1,4,42.06932596,-81.40098935,5704.802284
CB,2021,grid,613,1,5,42.06573722,-81.39737309,24565.6221
CB,2021,grid,613,1,6,42.06191376,-81.39401485,22307.21594
CB,2021,grid,613,1,7,42.0583002,-81.39057536,22496.43514
CB,2021,grid,613,1,8,42.05469721,-81.38690639,30849.93784
CB,2021,grid,613,1,9,42.05124742,-81.3830323,37599.05356
CB,2021,grid,613,1,10,42.04773149,-81.37909388,30864.59951
CB,2021,grid,613,2,1,42.07959698,-81.41252837,819.3615029
CB,2021,grid,613,2,2,42.07627982,-81.40860389,772.0816844
CB,2021,grid,613,2,3,42.07284059,-81.40478785,1392.483455
CB,2021,grid,613,2,4,42.06932596,-81.40098935,1346.782581
CB,2021,grid,613,2,5,42.06573722,-81.39737309,935.9991916
CB,2021,grid,613,2,6,42.06191376,-81.39401485,1064.005338
CB,2021,grid,613,2,7,42.0583002,-81.39057536,809.114776
CB,2021,grid,613,2,8,42.05469721,-81.38690639,1043.82291
CB,2021,grid,613,2,9,42.05124742,-81.3830323,915.8931901
CB,2021,grid,613,2,10,42.04773149,-81.37909388,655.8218134
CB,2021,grid,615,1,1,42.07849526,-81.08284779,91647.20709
CB,2021,grid,615,1,2,42.07486268,-81.07928416,97567.83911
CB,2021,grid,615,1,3,42.07118542,-81.07570017,99011.86965
CB,2021,grid,615,1,4,42.06748726,-81.07246867,74508.42943
CB,2021,grid,615,1,5,42.06364195,-81.06924568,111078.9746
CB,2021,grid,615,1,6,42.0598409,-81.06594414,101522.0103
CB,2021,grid,615,1,7,42.0561618,-81.06248555,80738.82831
CB,2021,grid,615,1,8,42.05258106,-81.0589061,81919.32221
CB,2021,grid,615,1,9,42.04896575,-81.05526399,91278.26561
CB,2021,grid,615,1,10,42.04532896,-81.05164648,21052.56528
CB,2021,grid,615,2,1,42.07849526,-81.08284779,309.6488945
CB,2021,grid,615,2,2,42.07486268,-81.07928416,366.2192116
CB,2021,grid,615,2,3,42.07118542,-81.07570017,279.9262786
CB,2021,grid,615,2,4,42.06748726,-81.07246867,478.2310035
CB,2021,grid,615,2,5,42.06364195,-81.06924568,445.6783588
CB,2021,grid,615,2,6,42.0598409,-81.06594414,485.5512916
CB,2021,grid,615,2,7,42.0561618,-81.06248555,643.2149475
CB,2021,grid,615,2,8,42.05258106,-81.0589061,967.8810809
CB,2021,grid,615,2,9,42.04896575,-81.05526399,941.6463352
CB,2021,grid,615,2,10,42.04532896,-81.05164648,870.2563236
CB,2021,grid,714,1,1,41.91287815,-81.25360909,194177.8755
CB,2021,grid,714,1,2,41.91074646,-81.25883175,181498.9703
CB,2021,grid,714,1,3,41.90867316,-81.26408411,185451.3482
CB,2021,grid,714,1,4,41.90670023,-81.26944406,51546.86058
CB,2021,grid,714,1,5,41.90462241,-81.27476395,178855.6023
CB,2021,grid,714,1,6,41.90252354,-81.2800623,217019.7323
CB,2021,grid,714,1,7,41.90040427,-81.28536494,166729.2884
CB,2021,grid,714,1,8,41.89830227,-81.29067935,99098.08581
CB,2021,grid,714,1,9,41.89647427,-81.29616006,75678.39795
CB,2021,grid,714,1,10,41.89485684,-81.30172905,59185.27534
CB,2021,grid,714,2,1,41.91287815,-81.25360909,786.7795269
CB,2021,grid,714,2,2,41.91074646,-81.25883175,890.4447058
CB,2021,grid,714,2,3,41.90867316,-81.26408411,815.5118947
CB,2021,grid,714,2,4,41.90670023,-81.26944406,865.0653476
CB,2021,grid,714,2,5,41.90462241,-81.27476395,762.5344424
CB,2021,grid,714,2,6,41.90252354,-81.2800623,450.1401461
CB,2021,grid,714,2,7,41.90040427,-81.28536494,606.8157503
CB,2021,grid,714,2,8,41.89830227,-81.29067935,423.882275
CB,2021,grid,714,2,9,41.89647427,-81.29616006,488.9744822
CB,2021,grid,714,2,10,41.89485684,-81.30172905,406.3279739
CB,2021,grid,716,1,1,41.92971069,-80.93921535,63933.38424
CB,2021,grid,716,1,2,41.93014306,-80.93314801,76001.66876
CB,2021,grid,716,1,3,41.93008543,-80.92717368,70977.29639
CB,2021,grid,716,1,4,41.92993809,-80.92113626,116899.2924
CB,2021,grid,716,1,5,41.92936589,-80.91516424,127151.3019
CB,2021,grid,716,1,6,41.92863002,-80.90924214,154239.2815
CB,2021,grid,716,1,7,41.92805814,-80.90324382,35263.97519
CB,2021,grid,716,1,8,41.92767673,-80.8972782,136904.5898
CB,2021,grid,716,1,9,41.92742787,-80.89123903,71439.36545
CB,2021,grid,716,1,10,41.92714397,-80.88524168,57724.81977
CB,2021,grid,716,2,1,41.92971069,-80.93921535,34.24718871
CB,2021,grid,716,2,2,41.93014306,-80.93314801,213.3291079
CB,2021,grid,716,2,3,41.93008543,-80.92717368,134.5247126
CB,2021,grid,716,2,4,41.92993809,-80.92113626,13.15487458
CB,2021,grid,716,2,5,41.92936589,-80.91516424,1.697954403
CB,2020,transect,57600,1,27,41.8588818,-81.64904431,42317
CB,2020,transect,57600,1,31,41.84190013,-81.64133774,41616
CB,2020,transect,57850,1,5,42.14185721,-81.29139323,40081
CB,2020,transect,57600,1,30,41.846124,-81.64327178,40077
CB,2020,transect,57850,1,25,42.05602701,-81.25550152,39427
CB,2020,transect,57600,1,67,41.68908161,-81.57046963,39133
CB,2020,transect,57600,1,52,41.75272879,-81.59996656,37654
CB,2020,transect,57600,1,61,41.71453271,-81.58228052,37050
CB,2020,transect,57600,1,60,41.71877959,-81.58426079,37034
CB,2020,transect,57600,1,53,41.74851977,-81.59797378,36772
CB,2020,transect,57850,1,4,42.14625124,-81.29277763,35952
CB,2020,transect,57600,1,23,41.87591648,-81.65681449,35114
CB,2020,transect,57600,1,22,41.88013047,-81.65885846,35061
CB,2020,transect,57600,1,24,41.87162948,-81.65496096,35055
CB,2020,transect,57600,1,37,41.81649257,-81.62943641,34756
CB,2020,transect,57600,1,35,41.82489451,-81.63362572,34708
CB,2020,transect,57600,1,58,41.72730545,-81.58821699,34603
CB,2020,transect,57600,1,12,41.92254595,-81.67868934,33350
CB,2020,transect,57600,1,71,41.67210977,-81.5626439,31992
CB,2020,transect,57600,1,64,41.70181323,-81.57647578,31941
CB,2020,transect,57600,1,21,41.8843451,-81.66091797,31756
CB,2020,transect,57600,1,38,41.81223466,-81.62738314,31529
CB,2020,transect,57600,1,1,41.96923634,-81.70034192,30991
CB,2020,transect,57600,1,17,41.90136066,-81.66877239,30663
CB,2020,transect,57850,1,6,42.13758382,-81.28966391,29811
CB,2020,transect,57600,1,34,41.8291517,-81.6354731,28970
CB,2020,transect,57600,1,56,41.73578865,-81.5921053,28912
CB,2020,transect,57600,1,46,41.77819226,-81.6118432,28574
CB,2020,transect,57600,1,10,41.93103293,-81.68265459,28389
CB,2020,transect,57600,1,26,41.8631317,-81.65105501,28318
CB,2020,transect,57850,1,15,42.09894906,-81.27334728,28046
CB,2020,transect,57600,1,48,41.76976462,-81.60770355,27740
CB,2020,transect,57600,1,16,41.90556843,-81.67084826,27431
CB,2020,transect,57600,1,32,41.837676,-81.63927081,27390
CB,2020,transect,57600,1,47,41.77396339,-81.60983694,27338
CB,2020,transect,57600,1,28,41.85464419,-81.64729055,27320
CB,2020,transect,57600,1,55,41.74006058,-81.59404906,27034
CB,2020,transect,57600,1,4,41.95647983,-81.69453028,25496
CB,2020,transect,57600,1,20,41.88859802,-81.66296408,24702
CB,2020,transect,57850,1,8,42.12899912,-81.28587889,24603
CB,2020,transect,57600,1,6,41.94799597,-81.69048937,24415
CB,2020,transect,57600,1,25,41.8673799,-81.65305702,23746
CB,2020,transect,57600,1,49,41.76547782,-81.60593748,23621
CB,2020,transect,57600,1,45,41.78245467,-81.61372259,23491
CB,2020,transect,57850,1,3,42.150616,-81.29428744,23487
CB,2020,transect,57600,1,18,41.89709113,-81.66680437,23206
CB,2020,transect,57600,1,2,41.96500045,-81.69838,22145
CB,2020,transect,57600,1,57,41.73148671,-81.59020289,22004
CB,2020,transect,57850,1,41,41.98755432,-81.22616791,21898
CB,2020,transect,57600,1,41,41.79945096,-81.62162191,21522
CB,2020,transect,57850,1,1,42.15935395,-81.29702974,21349
CB,2020,transect,57850,1,9,42.12472833,-81.28405527,21271
CB,2020,transect,57600,1,70,41.67635975,-81.56461895,21183
CB,2020,transect,57600,1,13,41.9183053,-81.67671808,20803
CB,2020,transect,57850,1,38,42.00043619,-81.23148478,20623
CB,2020,transect,57600,1,29,41.85046077,-81.64496436,20365
CB,2020,transect,57850,1,16,42.09463381,-81.27164104,20279
CB,2020,transect,57600,1,50,41.7612396,-81.60390648,20165
CB,2020,transect,57850,1,20,42.07748735,-81.26437422,19973
CB,2020,transect,57850,1,24,42.06034381,-81.25724251,19952
CB,2020,transect,57600,1,5,41.95225266,-81.69250136,19561
CB,2020,transect,57850,1,28,42.04312621,-81.25016646,19481
CB,2020,transect,57600,1,15,41.9097909,-81.67285791,19421
CB,2020,transect,57850,1,17,42.09034857,-81.26982286,19167
CB,2020,transect,57850,1,51,41.94474551,-81.20794315,19124
CB,2020,transect,57600,1,36,41.8206315,-81.63161488,18931
CB,2020,transect,57600,1,19,41.89281227,-81.66504781,18606
CB,2020,transect,57600,1,7,41.94377569,-81.68855717,18495
CB,2020,transect,57600,1,68,41.68482269,-81.56866411,18396
CB,2020,transect,57600,1,63,41.70598417,-81.57854505,18316
CB,2020,transect,57600,1,14,41.91405459,-81.67470384,18236
CB,2020,transect,57850,1,18,42.08609757,-81.26797357,18185
CB,2020,transect,57600,1,11,41.92675692,-81.6808141,18181
CB,2020,transect,57850,1,29,42.03890565,-81.24839707,18142
CB,2020,transect,57600,1,9,41.93527499,-81.684595,17705
CB,2020,transect,57600,1,42,41.79517701,-81.6197721,17167
CB,2020,transect,57850,1,12,42.11182742,-81.27871322,16798
CB,2020,transect,57600,1,59,41.72309508,-81.5861373,16546
CB,2020,transect,57600,1,54,41.7442939,-81.5960183,15930
CB,2020,transect,57600,1,62,41.71032865,-81.5803432,15384
CB,2020,transect,57850,1,19,42.08175202,-81.26623686,15245
CB,2020,transect,57850,1,34,42.01756319,-81.23882056,14704
CB,2020,transect,57600,1,40,41.80371648,-81.62353408,14455
CB,2020,transect,57600,1,69,41.68062851,-81.56656012,14422
CB,2020,transect,57600,1,44,41.78672104,-81.61569394,14014
CB,2020,transect,57600,1,8,41.93959025,-81.68636914,13944
CB,2020,transect,57600,1,33,41.83340626,-81.63733085,13651
CB,2020,transect,57600,1,66,41.69336176,-81.57249884,13572
CB,2020,transect,57600,1,65,41.69758399,-81.57446315,12396
CB,2020,transect,57600,1,43,41.79093952,-81.61787887,11906
CB,2020,transect,57850,1,26,42.05173145,-81.25369659,11377
CB,2020,transect,57850,1,35,42.01332648,-81.23678909,11352
CB,2020,transect,57850,1,7,42.13322535,-81.28793234,10267
CB,2020,transect,57850,1,64,41.88899268,-81.18446882,10221
CB,2020,transect,57600,1,39,41.80800307,-81.6255002,10193
CB,2020,transect,57850,1,36,42.00903619,-81.23496641,10019
CB,2020,transect,57850,1,21,42.07319391,-81.26259641,10004
CB,2020,transect,57600,1,79,41.63810812,-81.54693548,9888
CB,2020,transect,57850,1,10,42.12040179,-81.2823518,9242
CB,2020,transect,57850,1,23,42.06461398,-81.25905605,8903
CB,2020,transect,57850,1,46,41.96616611,-81.21702449,8851
CB,2020,transect,57850,1,55,41.92757395,-81.20069164,8763
CB,2020,transect,57600,1,51,41.75701734,-81.60197592,8611
CB,2020,transect,57850,1,43,41.97901317,-81.22254674,8524
CB,2020,transect,57600,1,3,41.96068772,-81.69665176,8237
CB,2020,transect,57850,1,22,42.06890528,-81.26085878,7624
CB,2020,transect,57850,1,58,41.91467712,-81.1953917,7497
CB,2020,transect,57600,1,77,41.6466295,-81.55086892,7264
CB,2020,transect,57850,1,44,41.97473969,-81.22073808,7156
CB,2020,transect,58100,1,68,41.97204709,-80.7489537,6244
CB,2020,transect,57600,1,75,41.65512037,-81.55487093,6205
CB,2020,transect,57850,1,14,42.10321823,-81.27526309,6203
CB,2020,transect,57850,1,63,41.89322497,-81.18634113,6139
CB,2020,transect,57850,1,47,41.96189577,-81.21508031,5711
CB,2020,transect,57600,1,82,41.62542789,-81.54093491,5305
CB,2020,transect,57850,1,2,42.15500164,-81.29542772,5082
CB,2020,transect,57600,1,74,41.659381,-81.55678265,5034
CB,2020,transect,57850,1,60,41.90607655,-81.19193083,4863
CB,2020,transect,58100,1,49,42.0540725,-80.78124703,4747
CB,2020,transect,57600,1,83,41.62314673,-81.54000801,4607
CB,2020,transect,57600,1,73,41.66357038,-81.5588458,4490
CB,2020,transect,57600,1,72,41.66782673,-81.56076956,4335
CB,2020,transect,57850,1,66,41.88039184,-81.18089514,4297
CB,2020,transect,57600,1,78,41.64233916,-81.54902676,4116
CB,2020,transect,57600,1,81,41.62962404,-81.54307424,3939
CB,2020,transect,57850,1,32,42.02594581,-81.24311138,3887
CB,2020,transect,57850,1,59,41.91039351,-81.19365562,3700
CB,2020,transect,57850,1,13,42.10753566,-81.27697338,3696
CB,2020,transect,57850,1,11,42.11612606,-81.28053725,3675
CB,2020,transect,57600,1,80,41.63385038,-81.54506269,3536
CB,2020,transect,57850,1,72,41.8546232,-81.17036787,3418
CB,2020,transect,58100,1,64,41.98930851,-80.75572405,3384
CB,2020,transect,57850,1,78,41.828995,-81.15931028,3348
CB,2020,transect,57850,1,37,42.00470618,-81.23331984,3192
CB,2020,transect,58100,1,63,41.99363651,-80.75736208,3132
CB,2020,transect,57850,1,76,41.83757621,-81.16288154,3108
CB,2020,transect,57850,1,77,41.83327821,-81.1611336,3070
CB,2020,transect,57850,1,70,41.86323728,-81.17381289,2958
CB,2020,transect,57850,1,56,41.92328212,-81.19894719,2878
CB,2020,transect,57850,1,42,41.98325367,-81.22437113,2483
CB,2020,transect,57850,1,54,41.93187769,-81.20253601,2477
CB,2020,transect,57850,1,62,41.89752518,-81.18823652,2477
CB,2020,transect,57850,1,79,41.82464587,-81.15765627,2467
CB,2020,transect,57850,1,40,41.99182854,-81.22795375,2443
CB,2020,transect,57850,1,61,41.90179285,-81.19004726,2308
CB,2020,transect,57850,1,48,41.95761604,-81.21330928,2282
CB,2020,transect,57850,1,80,41.82116284,-81.1559813,2203
CB,2020,transect,57850,1,69,41.86750781,-81.17565037,2148
CB,2020,transect,57850,1,68,41.87182366,-81.17731634,2051
CB,2020,transect,57850,1,39,41.99614328,-81.22974816,2047
CB,2020,transect,57850,1,71,41.85893043,-81.17205073,2032
CB,2020,transect,58100,1,67,41.97637674,-80.75056622,1954
CB,2020,transect,57850,1,67,41.87613165,-81.17911081,1927
CB,2020,transect,57850,1,45,41.97046305,-81.21877616,1724
CB,2020,transect,57850,1,27,42.0474659,-81.251919,1661
CB,2020,transect,58100,1,8,42.23105071,-80.85080007,1615
CB,2020,transect,57850,1,33,42.02177482,-81.24098189,1610
CB,2020,transect,58100,1,62,41.99797445,-80.75908354,1519
CB,2020,transect,58100,1,1,42.26112851,-80.86315794,1500
CB,2020,transect,57600,1,76,41.65085873,-81.55289631,1479
CB,2020,transect,57850,1,50,41.94900435,-81.20985885,1450
CB,2020,transect,58100,1,66,41.98069799,-80.75229477,1426
CB,2020,transect,57850,1,74,41.84613097,-81.16650578,1425
CB,2020,transect,57850,1,30,42.03457421,-81.24655973,1410
CB,2020,transect,57850,1,57,41.91900973,-81.19703037,1327
CB,2020,transect,58100,1,24,42.16195955,-80.82373771,1302
CB,2020,transect,58100,1,52,42.04111689,-80.77623164,1289
CB,2020,transect,58100,1,3,42.25235271,-80.86052859,1255
CB,2020,transect,57850,1,31,42.03033441,-81.24472249,1234
CB,2020,transect,58100,1,37,42.10586404,-80.80172712,1208
CB,2020,transect,58100,1,2,42.25671995,-80.86196785,1188
CB,2020,transect,58100,1,21,42.17494219,-80.82883868,1172
CB,2020,transect,57850,1,52,41.94042246,-81.20623518,1138
CB,2020,transect,57850,1,65,41.88468603,-81.18274252,1137
CB,2020,transect,57850,1,49,41.95332081,-81.21162277,1131
CB,2020,transect,58100,1,25,42.1576918,-80.82195385,1119
CB,2020,transect,57850,1,75,41.84184233,-81.16471139,1106
CB,2020,transect,58100,1,51,42.04542302,-80.77792089,1100
CB,2020,transect,58100,1,50,42.04973852,-80.77965007,1082
CB,2020,transect,58100,1,12,42.21373221,-80.84433209,1061
CB,2020,transect,58100,1,36,42.11016983,-80.8034316,1054
CB,2020,transect,58100,1,56,42.0238611,-80.76930233,1032
CB,2020,transect,58100,1,48,42.0584026,-80.7829229,1005
CB,2020,transect,58100,1,55,42.02818135,-80.77098844,998
CB,2020,transect,58100,1,7,42.23537588,-80.85251089,982
CB,2020,transect,58100,1,23,42.16628501,-80.82545737,954
CB,2020,transect,58100,1,22,42.17053359,-80.82717572,949
CB,2020,transect,58100,1,57,42.01953797,-80.76755004,927
CB,2020,transect,57850,1,73,41.85039413,-81.16840518,910
CB,2020,transect,58100,1,4,42.2481296,-80.85842142,905
CB,2020,transect,58100,1,11,42.21804274,-80.84604834,898
CB,2020,transect,58100,1,54,42.03249122,-80.77271023,863
CB,2020,transect,58100,1,69,41.96772201,-80.7472712,855
CB,2020,transect,58100,1,41,42.08864234,-80.79475124,822
CB,2020,transect,58100,1,31,42.13174698,-80.81191139,812
CB,2020,transect,58100,1,5,42.24394678,-80.85628243,752
CB,2020,transect,57850,1,53,41.93615455,-81.20434515,749
CB,2020,transect,58100,1,70,41.96464463,-80.74604201,713
CB,2020,transect,58100,1,9,42.22672352,-80.84915681,707
CB,2020,transect,58100,1,53,42.03679303,-80.77448498,707
CB,2020,transect,58100,1,26,42.15335783,-80.82028308,697
CB,2020,transect,58100,1,65,41.98502838,-80.75400308,688
CB,2020,transect,58100,1,27,42.14903633,-80.81858187,680
CB,2020,transect,58100,1,58,42.01521822,-80.76584329,680
CB,2020,transect,58100,1,13,42.20940433,-80.84266685,661
CB,2020,transect,58100,1,47,42.06273834,-80.78455911,658
CB,2020,transect,58100,1,20,42.17923359,-80.83058758,615
CB,2020,transect,58100,1,44,42.07570071,-80.78961513,553
CB,2020,transect,58100,1,6,42.23966914,-80.85434784,552
CB,2020,transect,58100,1,34,42.11881305,-80.80681411,546
CB,2020,transect,58100,1,46,42.06703979,-80.78624438,544
CB,2020,transect,58100,1,38,42.10155622,-80.7999968,532
CB,2020,transect,58100,1,19,42.18350537,-80.83237387,527
CB,2020,transect,58100,1,33,42.12314427,-80.80846218,520
CB,2020,transect,58100,1,29,42.14038847,-80.81525726,518
CB,2020,transect,58100,1,43,42.07999268,-80.79133959,499
CB,2020,transect,58100,1,10,42.22236923,-80.84761304,473
CB,2020,transect,58100,1,28,42.14471516,-80.81695178,446
CB,2020,transect,58100,1,39,42.09725562,-80.79823036,436
CB,2020,transect,58100,1,14,42.20511358,-80.84095356,387
CB,2020,transect,58100,1,30,42.13605092,-80.81355799,357
CB,2020,transect,58100,1,17,42.19216857,-80.8357375,354
CB,2020,transect,58100,1,32,42.12743749,-80.81016579,325
CB,2020,transect,58100,1,45,42.07139448,-80.78787313,317
CB,2020,transect,58100,1,40,42.09292427,-80.79650275,287
CB,2020,transect,58100,1,61,42.00229302,-80.7607736,237
CB,2020,transect,58100,1,35,42.11450182,-80.80511005,222
CB,2020,transect,58100,1,60,42.00658873,-80.7624777,195
CB,2020,transect,58100,1,59,42.01090774,-80.76418387,180
CB,2020,transect,58100,1,16,42.19647073,-80.83751438,179
CB,2020,transect,58100,1,18,42.18783733,-80.83413605,124
CB,2020,transect,58100,1,42,42.08434989,-80.79299245,100
CB,2020,transect,58100,1,15,42.20077716,-80.83923312,88
CB,2020,grid,57850,1,1,42.08333,-81.08333,166729
CB,2020,grid,57850,1,9,42.11005346,-81.05224329,122901
CB,2020,grid,57850,1,2,42.08302944,-81.40462738,45313
CB,2020,grid,57850,1,4,42.0933513,-81.07167248,43488
CB,2020,grid,57600,1,2,41.92198701,-81.59403331,41159
CB,2020,grid,57850,1,8,42.10309619,-81.38052755,40245
CB,2020,grid,57850,1,10,41.8734495,-81.2588343,39115
CB,2020,grid,57850,1,4,42.08958224,-81.39648637,39078
CB,2020,grid,57850,1,10,42.11339389,-81.04835745,37471
CB,2020,grid,57850,1,11,41.87056035,-81.25938764,36218
CB,2020,grid,57600,1,10,41.72811748,-81.8010611,35108
CB,2020,grid,57850,1,8,41.88233144,-81.2572936,34599
CB,2020,grid,57850,1,4,41.89987726,-81.25243686,34199
CB,2020,grid,57850,1,5,42.09669173,-81.06778664,33308
CB,2020,grid,57850,1,2,41.90879202,-81.25083925,33175
CB,2020,grid,57600,1,11,41.7266652,-81.80438531,32723
CB,2020,grid,57850,1,7,41.88679226,-81.25636651,31982
CB,2020,grid,57600,1,7,41.7349955,-81.78556597,31689
CB,2020,grid,57850,1,9,41.8778927,-81.25807558,31178
CB,2020,grid,57850,1,10,42.11020935,-81.37318273,29573
CB,2020,grid,57850,1,6,41.89118085,-81.25521748,27572
CB,2020,grid,57600,1,9,41.73030677,-81.79583139,27162
CB,2020,grid,57850,1,11,42.11673432,-81.04447161,26068
CB,2020,grid,57850,1,7,42.10337259,-81.06001497,25789
CB,2020,grid,57600,1,3,41.74352191,-81.764384,25016
CB,2020,grid,57600,1,6,41.7371768,-81.78032924,23681
CB,2020,grid,57850,1,3,41.90429985,-81.25140675,21763
CB,2020,grid,57850,1,1,41.91328487,-81.25059362,21730
CB,2020,grid,57600,1,2,41.74580625,-81.75928145,20937
CB,2020,grid,57600,1,4,41.74132728,-81.76965665,19949
CB,2020,grid,57850,1,5,41.89558991,-81.2539679,19209
CB,2020,grid,57850,1,6,42.10003216,-81.06390081,18746
CB,2020,grid,57850,1,5,42.09282873,-81.39226592,17628
CB,2020,grid,57600,1,1,41.7482626,-81.75428979,16745
CB,2020,grid,57850,1,8,42.10671302,-81.05612913,16596
CB,2020,grid,57600,1,8,41.73269314,-81.79070383,16276
CB,2020,grid,57850,1,12,42.12007475,-81.04058577,16009
CB,2020,grid,57600,1,5,41.73926929,-81.77502425,15888
CB,2020,grid,57850,1,6,42.09617244,-81.3882099,14709
CB,2020,grid,57600,1,9,41.94179062,-81.62670844,9526
CB,2020,grid,57600,1,10,41.94453294,-81.63152464,9121
CB,2020,grid,57850,1,11,42.11328289,-81.37011714,8966
CB,2020,grid,57600,1,6,41.93373377,-81.61226321,8903
CB,2020,grid,57850,1,3,42.09001086,-81.07555832,7962
CB,2020,grid,57850,1,3,42.08633446,-81.40057684,7581
CB,2020,grid,57850,1,1,42.07987857,-81.40897553,6035
CB,2020,grid,57600,1,4,41.92792879,-81.60303317,5854
CB,2020,grid,57850,1,7,42.09959518,-81.38431576,5653
CB,2020,grid,58100,1,6,42.24262401,-80.89257933,5463
CB,2020,grid,57600,1,7,41.93636712,-81.61706366,5291
CB,2020,grid,57850,1,2,42.08667043,-81.07944416,4668
CB,2020,grid,57600,1,8,41.93907484,-81.62190402,4470
CB,2020,grid,58100,1,9,42.25372347,-80.88224689,4102
CB,2020,grid,58100,1,10,42.25647515,-80.87966768,4049
CB,2020,grid,57600,1,3,41.92496802,-81.59849735,3928
CB,2020,grid,57600,1,5,41.93083128,-81.60763489,3398
CB,2020,grid,58100,1,8,42.25004488,-80.88573197,3108
CB,2020,grid,58100,1,7,42.24639095,-80.88924116,2115
CB,2020,grid,58100,1,5,42.23881257,-80.89578111,2102
CB,2020,grid,58100,1,4,42.23501564,-80.89904068,1747
CB,2020,grid,58100,1,4,41.94395623,-80.8981323,1257
CB,2020,grid,58100,1,3,42.23132948,-80.90253552,1122
CB,2020,grid,58100,1,1,42.2244279,-80.91026653,1092
CB,2020,grid,57850,1,9,42.10662355,-81.37678811,1036
CB,2020,grid,58100,1,5,41.94301336,-80.89224908,1000
CB,2020,grid,58100,1,8,42.10839594,-80.7880538,975
CB,2020,grid,58100,1,7,42.10490704,-80.78427154,904
CB,2020,grid,58100,1,2,41.94572441,-80.9099803,864
CB,2020,grid,58100,1,1,41.94681528,-80.9158514,823
CB,2020,grid,57600,1,1,41.91941266,-81.58904595,797
CB,2020,grid,58100,1,10,42.11530259,-80.79583828,769
CB,2020,grid,58100,1,9,42.11185854,-80.79199121,753
CB,2020,grid,58100,1,7,41.94070183,-80.88065079,623
CB,2020,grid,58100,1,2,42.22781989,-80.90631439,621
CB,2020,grid,58100,1,3,41.94480844,-80.90405716,460
CB,2020,grid,58100,1,4,42.09449043,-80.77273365,434
CB,2020,grid,58100,1,9,41.93832006,-80.8690019,403
CB,2020,grid,58100,1,1,42.08408285,-80.76132811,391
CB,2020,grid,58100,1,3,42.09102929,-80.76894096,364
CB,2020,grid,58100,1,6,41.94195721,-80.88642553,361
CB,2020,grid,58100,1,8,41.93950273,-80.87480787,350
CB,2020,grid,58100,1,10,41.93708232,-80.86319844,262
CB,2020,grid,58100,1,11,41.93592938,-80.85736967,250
CB,2020,grid,58100,1,5,42.09797906,-80.77659395,247
CB,2020,grid,58100,1,6,42.10146716,-80.78041954,192
CB,2020,grid,58100,1,12,41.93511495,-80.8529549,176
CB,2020,grid,58100,1,11,42.11848557,-80.79931714,121
CB,2020,grid,58100,1,2,42.0875309,-80.76511823,88
CB,2020,grid,57600,1,11,41.94600615,-81.63412437,54
CB,2020,transect,57600,2,78,41.64233916,-81.54902676,0
CB,2020,transect,57600,2,79,41.63810812,-81.54693548,0
CB,2020,transect,57600,2,80,41.63385038,-81.54506269,0
CB,2020,transect,57600,2,81,41.62962404,-81.54307424,0
CB,2020,transect,57600,2,82,41.62542789,-81.54093491,0
CB,2020,transect,57600,2,83,41.62314673,-81.54000801,0
CB,2020,transect,57850,2,78,41.828995,-81.15931028,0
CB,2020,transect,57850,2,79,41.82464587,-81.15765627,0
CB,2020,transect,57850,2,80,41.82116284,-81.1559813,0
CB,2020,transect,58100,2,64,41.98930851,-80.75572405,10432
CB,2020,transect,57850,2,29,42.03890565,-81.24839707,7994
CB,2020,transect,57850,2,25,42.05602701,-81.25550152,7434
CB,2020,transect,57850,2,53,41.93615455,-81.20434515,7394
CB,2020,transect,57850,2,27,42.0474659,-81.251919,7213
CB,2020,transect,57850,2,28,42.04312621,-81.25016646,7191
CB,2020,transect,57600,2,47,41.77396339,-81.60983694,7181
CB,2020,transect,57850,2,30,42.03457421,-81.24655973,7119
CB,2020,transect,57850,2,54,41.93187769,-81.20253601,7017
CB,2020,transect,57850,2,37,42.00470618,-81.23331984,6822
CB,2020,transect,57850,2,24,42.06034381,-81.25724251,6811
CB,2020,transect,57850,2,34,42.01756319,-81.23882056,6668
CB,2020,transect,57850,2,23,42.06461398,-81.25905605,6514
CB,2020,transect,57850,2,26,42.05173145,-81.25369659,6377
CB,2020,transect,57850,2,38,42.00043619,-81.23148478,6363
CB,2020,transect,57850,2,22,42.06890528,-81.26085878,6151
CB,2020,transect,58100,2,66,41.98069799,-80.75229477,5936
CB,2020,transect,57850,2,55,41.92757395,-81.20069164,5865
CB,2020,transect,57850,2,51,41.94474551,-81.20794315,5846
CB,2020,transect,57850,2,35,42.01332648,-81.23678909,5824
CB,2020,transect,57850,2,36,42.00903619,-81.23496641,5806
CB,2020,transect,57850,2,31,42.03033441,-81.24472249,5794
CB,2020,transect,57850,2,21,42.07319391,-81.26259641,5567
CB,2020,transect,58100,2,65,41.98502838,-80.75400308,5567
CB,2020,transect,57850,2,57,41.91900973,-81.19703037,5520
CB,2020,transect,57850,2,56,41.92328212,-81.19894719,5422
CB,2020,transect,57850,2,52,41.94042246,-81.20623518,5331
CB,2020,transect,57850,2,32,42.02594581,-81.24311138,5060
CB,2020,transect,57850,2,33,42.02177482,-81.24098189,4898
CB,2020,transect,57850,2,43,41.97901317,-81.22254674,4861
CB,2020,transect,57850,2,20,42.07748735,-81.26437422,4752
CB,2020,transect,58100,2,62,41.99797445,-80.75908354,4737
CB,2020,transect,58100,2,3,42.25235271,-80.86052859,4630
CB,2020,transect,57850,2,39,41.99614328,-81.22974816,4532
CB,2020,transect,58100,2,61,42.00229302,-80.7607736,4489
CB,2020,transect,57850,2,50,41.94900435,-81.20985885,4383
CB,2020,transect,57850,2,40,41.99182854,-81.22795375,4284
CB,2020,transect,58100,2,63,41.99363651,-80.75736208,4261
CB,2020,transect,58100,2,2,42.25671995,-80.86196785,4192
CB,2020,transect,57850,2,44,41.97473969,-81.22073808,4158
CB,2020,transect,57850,2,13,42.10753566,-81.27697338,4148
CB,2020,transect,57850,2,58,41.91467712,-81.1953917,4147
CB,2020,transect,58100,2,55,42.02818135,-80.77098844,4097
CB,2020,transect,57850,2,15,42.09894906,-81.27334728,3981
CB,2020,transect,57850,2,14,42.10321823,-81.27526309,3910
CB,2020,transect,57850,2,61,41.90179285,-81.19004726,3892
CB,2020,transect,57850,2,59,41.91039351,-81.19365562,3860
CB,2020,transect,57850,2,16,42.09463381,-81.27164104,3715
CB,2020,transect,58100,2,1,42.26112851,-80.86315794,3713
CB,2020,transect,58100,2,4,42.2481296,-80.85842142,3682
CB,2020,transect,57850,2,48,41.95761604,-81.21330928,3668
CB,2020,transect,57850,2,62,41.89752518,-81.18823652,3648
CB,2020,transect,58100,2,59,42.01090774,-80.76418387,3454
CB,2020,transect,57850,2,42,41.98325367,-81.22437113,3432
CB,2020,transect,57850,2,41,41.98755432,-81.22616791,3392
CB,2020,transect,57850,2,12,42.11182742,-81.27871322,3376
CB,2020,transect,57850,2,49,41.95332081,-81.21162277,3271
CB,2020,transect,57850,2,19,42.08175202,-81.26623686,3253
CB,2020,transect,57850,2,60,41.90607655,-81.19193083,3230
CB,2020,transect,57850,2,46,41.96616611,-81.21702449,3204
CB,2020,transect,57850,2,5,42.14185721,-81.29139323,3177
CB,2020,transect,57850,2,47,41.96189577,-81.21508031,3142
CB,2020,transect,57850,2,3,42.150616,-81.29428744,3083
CB,2020,transect,57850,2,63,41.89322497,-81.18634113,3063
CB,2020,transect,58100,2,60,42.00658873,-80.7624777,3057
CB,2020,transect,57850,2,18,42.08609757,-81.26797357,2906
CB,2020,transect,58100,2,70,41.96464463,-80.74604201,2904
CB,2020,transect,57850,2,64,41.88899268,-81.18446882,2898
CB,2020,transect,58100,2,50,42.04973852,-80.77965007,2816
CB,2020,transect,57600,2,19,41.89281227,-81.66504781,2782
CB,2020,transect,58100,2,53,42.03679303,-80.77448498,2782
CB,2020,transect,57850,2,8,42.12899912,-81.28587889,2707
CB,2020,transect,58100,2,6,42.23966914,-80.85434784,2689
CB,2020,transect,57850,2,17,42.09034857,-81.26982286,2627
CB,2020,transect,58100,2,5,42.24394678,-80.85628243,2605
CB,2020,transect,58100,2,57,42.01953797,-80.76755004,2604
CB,2020,transect,58100,2,49,42.0540725,-80.78124703,2538
CB,2020,transect,57850,2,6,42.13758382,-81.28966391,2521
CB,2020,transect,57850,2,9,42.12472833,-81.28405527,2496
CB,2020,transect,57850,2,45,41.97046305,-81.21877616,2479
CB,2020,transect,57600,2,31,41.84190013,-81.64133774,2466
CB,2020,transect,58100,2,10,42.22236923,-80.84761304,2400
CB,2020,transect,57600,2,32,41.837676,-81.63927081,2374
CB,2020,transect,58100,2,9,42.22672352,-80.84915681,2319
CB,2020,transect,58100,2,54,42.03249122,-80.77271023,2314
CB,2020,transect,57600,2,20,41.88859802,-81.66296408,2289
CB,2020,transect,57600,2,17,41.90136066,-81.66877239,2260
CB,2020,transect,57850,2,10,42.12040179,-81.2823518,2238
CB,2020,transect,58100,2,36,42.11016983,-80.8034316,2234
CB,2020,transect,57600,2,30,41.846124,-81.64327178,2228
CB,2020,transect,57600,2,18,41.89709113,-81.66680437,2226
CB,2020,transect,57850,2,68,41.87182366,-81.17731634,2197
CB,2020,transect,57600,2,33,41.83340626,-81.63733085,2173
CB,2020,transect,57850,2,7,42.13322535,-81.28793234,2119
CB,2020,transect,58100,2,13,42.20940433,-80.84266685,2085
CB,2020,transect,58100,2,52,42.04111689,-80.77623164,2045
CB,2020,transect,57600,2,29,41.85046077,-81.64496436,2040
CB,2020,transect,58100,2,8,42.23105071,-80.85080007,2031
CB,2020,transect,57850,2,4,42.14625124,-81.29277763,2029
CB,2020,transect,58100,2,7,42.23537588,-80.85251089,2026
CB,2020,transect,58100,2,12,42.21373221,-80.84433209,2012
CB,2020,transect,57600,2,16,41.90556843,-81.67084826,1988
CB,2020,transect,57850,2,70,41.86323728,-81.17381289,1954
CB,2020,transect,57600,2,27,41.8588818,-81.64904431,1946
CB,2020,transect,58100,2,14,42.20511358,-80.84095356,1936
CB,2020,transect,57600,2,1,41.96923634,-81.70034192,1905
CB,2020,transect,58100,2,15,42.20077716,-80.83923312,1888
CB,2020,transect,58100,2,11,42.21804274,-80.84604834,1880
CB,2020,transect,57600,2,28,41.85464419,-81.64729055,1848
CB,2020,transect,57850,2,11,42.11612606,-81.28053725,1833
CB,2020,transect,58100,2,48,42.0584026,-80.7829229,1830
CB,2020,transect,57850,2,1,42.15935395,-81.29702974,1776
CB,2020,transect,57600,2,26,41.8631317,-81.65105501,1774
CB,2020,transect,58100,2,35,42.11450182,-80.80511005,1756
CB,2020,transect,58100,2,16,42.19647073,-80.83751438,1690
CB,2020,transect,57600,2,21,41.8843451,-81.66091797,1653
CB,2020,transect,57600,2,12,41.92254595,-81.67868934,1632
CB,2020,transect,57600,2,22,41.88013047,-81.65885846,1619
CB,2020,transect,57600,2,41,41.79945096,-81.62162191,1598
CB,2020,transect,58100,2,67,41.97637674,-80.75056622,1525
CB,2020,transect,57600,2,14,41.91405459,-81.67470384,1521
CB,2020,transect,58100,2,34,42.11881305,-80.80681411,1519
CB,2020,transect,58100,2,56,42.0238611,-80.76930233,1497
CB,2020,transect,57850,2,65,41.88468603,-81.18274252,1496
CB,2020,transect,57600,2,35,41.82489451,-81.63362572,1488
CB,2020,transect,58100,2,37,42.10586404,-80.80172712,1452
CB,2020,transect,57600,2,2,41.96500045,-81.69838,1442
CB,2020,transect,57600,2,36,41.8206315,-81.63161488,1439
CB,2020,transect,58100,2,47,42.06273834,-80.78455911,1424
CB,2020,transect,57850,2,2,42.15500164,-81.29542772,1413
CB,2020,transect,57600,2,23,41.87591648,-81.65681449,1406
CB,2020,transect,57850,2,72,41.8546232,-81.17036787,1406
CB,2020,transect,57600,2,15,41.9097909,-81.67285791,1397
CB,2020,transect,57850,2,67,41.87613165,-81.17911081,1397
CB,2020,transect,58100,2,38,42.10155622,-80.7999968,1392
CB,2020,transect,57600,2,44,41.78672104,-81.61569394,1391
CB,2020,transect,58100,2,46,42.06703979,-80.78624438,1350
CB,2020,transect,57850,2,69,41.86750781,-81.17565037,1331
CB,2020,transect,57600,2,37,41.81649257,-81.62943641,1326
CB,2020,transect,58100,2,33,42.12314427,-80.80846218,1312
CB,2020,transect,57600,2,43,41.79093952,-81.61787887,1306
CB,2020,transect,57600,2,7,41.94377569,-81.68855717,1304
CB,2020,transect,57600,2,24,41.87162948,-81.65496096,1296
CB,2020,transect,58100,2,20,42.17923359,-80.83058758,1257
CB,2020,transect,58100,2,51,42.04542302,-80.77792089,1252
CB,2020,transect,58100,2,69,41.96772201,-80.7472712,1233
CB,2020,transect,57600,2,42,41.79517701,-81.6197721,1232
CB,2020,transect,57600,2,5,41.95225266,-81.69250136,1229
CB,2020,transect,57600,2,38,41.81223466,-81.62738314,1220
CB,2020,transect,57600,2,25,41.8673799,-81.65305702,1217
CB,2020,transect,57600,2,34,41.8291517,-81.6354731,1217
CB,2020,transect,57600,2,13,41.9183053,-81.67671808,1212
CB,2020,transect,58100,2,28,42.14471516,-80.81695178,1208
CB,2020,transect,57850,2,66,41.88039184,-81.18089514,1205
CB,2020,transect,57600,2,6,41.94799597,-81.69048937,1195
CB,2020,transect,57600,2,3,41.96068772,-81.69665176,1194
CB,2020,transect,58100,2,32,42.12743749,-80.81016579,1184
CB,2020,transect,58100,2,31,42.13174698,-80.81191139,1182
CB,2020,transect,58100,2,42,42.08434989,-80.79299245,1157
CB,2020,transect,58100,2,27,42.14903633,-80.81858187,1155
CB,2020,transect,57600,2,40,41.80371648,-81.62353408,1153
CB,2020,transect,58100,2,29,42.14038847,-80.81525726,1148
CB,2020,transect,58100,2,39,42.09725562,-80.79823036,1140
CB,2020,transect,57600,2,11,41.92675692,-81.6808141,1116
CB,2020,transect,58100,2,17,42.19216857,-80.8357375,1110
CB,2020,transect,57850,2,71,41.85893043,-81.17205073,1102
CB,2020,transect,58100,2,44,42.07570071,-80.78961513,1061
CB,2020,transect,57600,2,4,41.95647983,-81.69453028,1057
CB,2020,transect,58100,2,41,42.08864234,-80.79475124,1049
CB,2020,transect,57600,2,45,41.78245467,-81.61372259,1028
CB,2020,transect,57600,2,39,41.80800307,-81.6255002,1007
CB,2020,transect,58100,2,45,42.07139448,-80.78787313,1003
CB,2020,transect,58100,2,43,42.07999268,-80.79133959,995
CB,2020,transect,57600,2,46,41.77819226,-81.6118432,981
CB,2020,transect,58100,2,40,42.09292427,-80.79650275,943
CB,2020,transect,58100,2,18,42.18783733,-80.83413605,891
CB,2020,transect,58100,2,23,42.16628501,-80.82545737,889
CB,2020,transect,57600,2,62,41.71032865,-81.5803432,876
CB,2020,transect,57600,2,8,41.93959025,-81.68636914,813
CB,2020,transect,57600,2,9,41.93527499,-81.684595,775
CB,2020,transect,58100,2,19,42.18350537,-80.83237387,759
CB,2020,transect,58100,2,21,42.17494219,-80.82883868,755
CB,2020,transect,58100,2,58,42.01521822,-80.76584329,733
CB,2020,transect,57850,2,75,41.84184233,-81.16471139,729
CB,2020,transect,57600,2,69,41.68062851,-81.56656012,675
CB,2020,transect,57600,2,10,41.93103293,-81.68265459,663
CB,2020,transect,58100,2,24,42.16195955,-80.82373771,663
CB,2020,transect,58100,2,25,42.1576918,-80.82195385,650
CB,2020,transect,58100,2,68,41.97204709,-80.7489537,619
CB,2020,transect,58100,2,22,42.17053359,-80.82717572,607
CB,2020,transect,57600,2,51,41.75701734,-81.60197592,586
CB,2020,transect,58100,2,30,42.13605092,-80.81355799,521
CB,2020,transect,57600,2,68,41.68482269,-81.56866411,497
CB,2020,transect,57850,2,73,41.85039413,-81.16840518,495
CB,2020,transect,58100,2,26,42.15335783,-80.82028308,491
CB,2020,transect,57600,2,60,41.71877959,-81.58426079,471
CB,2020,transect,57600,2,49,41.76547782,-81.60593748,458
CB,2020,transect,57850,2,74,41.84613097,-81.16650578,423
CB,2020,transect,57600,2,61,41.71453271,-81.58228052,411
CB,2020,transect,57600,2,63,41.70598417,-81.57854505,370
CB,2020,transect,57600,2,48,41.76976462,-81.60770355,355
CB,2020,transect,57600,2,70,41.67635975,-81.56461895,317
CB,2020,transect,57600,2,67,41.68908161,-81.57046963,286
CB,2020,transect,57850,2,76,41.83757621,-81.16288154,243
CB,2020,transect,57600,2,72,41.66782673,-81.56076956,237
CB,2020,transect,57600,2,50,41.7612396,-81.60390648,199
CB,2020,transect,57600,2,76,41.65085873,-81.55289631,194
CB,2020,transect,57600,2,57,41.73148671,-81.59020289,190
CB,2020,transect,57600,2,65,41.69758399,-81.57446315,176
CB,2020,transect,57600,2,54,41.7442939,-81.5960183,170
CB,2020,transect,57600,2,66,41.69336176,-81.57249884,161
CB,2020,transect,57600,2,55,41.74006058,-81.59404906,160
CB,2020,transect,57600,2,59,41.72309508,-81.5861373,139
CB,2020,transect,57600,2,74,41.659381,-81.55678265,139
CB,2020,transect,57600,2,64,41.70181323,-81.57647578,126
CB,2020,transect,57850,2,77,41.83327821,-81.1611336,113
CB,2020,transect,57600,2,71,41.67210977,-81.5626439,112
CB,2020,transect,57600,2,52,41.75272879,-81.59996656,93
CB,2020,transect,57600,2,73,41.66357038,-81.5588458,70
CB,2020,transect,57600,2,75,41.65512037,-81.55487093,40
CB,2020,transect,57600,2,53,41.74851977,-81.59797378,34
CB,2020,transect,57600,2,56,41.73578865,-81.5921053,30
CB,2020,transect,57600,2,58,41.72730545,-81.58821699,17
CB,2020,transect,57600,2,77,41.6466295,-81.55086892,0
CB,2020,grid,58100,2,4,41.94395623,-80.8981323,5722
CB,2020,grid,57850,2,10,42.11339389,-81.04835745,5527
CB,2020,grid,57850,2,1,42.07987857,-81.40897553,5291
CB,2020,grid,57850,2,11,42.11328289,-81.37011714,5205
CB,2020,grid,57850,2,10,42.11020935,-81.37318273,5204
CB,2020,grid,57850,2,5,42.09282873,-81.39226592,4915
CB,2020,grid,57850,2,7,42.09959518,-81.38431576,4878
CB,2020,grid,57850,2,9,42.11005346,-81.05224329,4793
CB,2020,grid,57850,2,6,42.09617244,-81.3882099,4760
CB,2020,grid,57850,2,8,42.10671302,-81.05612913,4707
CB,2020,grid,57850,2,2,42.08302944,-81.40462738,4472
CB,2020,grid,57850,2,8,42.10309619,-81.38052755,4461
CB,2020,grid,57850,2,3,42.08633446,-81.40057684,4343
CB,2020,grid,57850,2,9,42.10662355,-81.37678811,4245
CB,2020,grid,57850,2,4,42.08958224,-81.39648637,4198
CB,2020,grid,58100,2,7,41.94070183,-80.88065079,4080
CB,2020,grid,57850,2,1,42.08333,-81.08333,4049
CB,2020,grid,57850,2,12,42.12007475,-81.04058577,3886
CB,2020,grid,58100,2,5,41.94301336,-80.89224908,3849
CB,2020,grid,57850,2,2,41.90879202,-81.25083925,3010
CB,2020,grid,57850,2,11,42.11673432,-81.04447161,2957
CB,2020,grid,57850,2,7,42.10337259,-81.06001497,2909
CB,2020,grid,57850,2,6,42.10003216,-81.06390081,2532
CB,2020,grid,58100,2,9,41.93832006,-80.8690019,2482
CB,2020,grid,57850,2,6,41.89118085,-81.25521748,2471
CB,2020,grid,57850,2,4,42.0933513,-81.07167248,2400
CB,2020,grid,58100,2,6,41.94195721,-80.88642553,2365
CB,2020,grid,57850,2,1,41.91328487,-81.25059362,2251
CB,2020,grid,58100,2,4,42.23501564,-80.89904068,2103
CB,2020,grid,58100,2,10,42.25647515,-80.87966768,2071
CB,2020,grid,57850,2,5,42.09669173,-81.06778664,2042
CB,2020,grid,58100,2,7,42.24639095,-80.88924116,2008
CB,2020,grid,57850,2,3,41.90429985,-81.25140675,1978
CB,2020,grid,58100,2,8,42.25004488,-80.88573197,1972
CB,2020,grid,58100,2,9,42.25372347,-80.88224689,1861
CB,2020,grid,58100,2,1,42.2244279,-80.91026653,1818
CB,2020,grid,57850,2,2,42.08667043,-81.07944416,1744
CB,2020,grid,58100,2,10,41.93708232,-80.86319844,1731
CB,2020,grid,58100,2,1,41.94681528,-80.9158514,1612
CB,2020,grid,57850,2,4,41.89987726,-81.25243686,1481
CB,2020,grid,58100,2,3,42.23132948,-80.90253552,1448
CB,2020,grid,58100,2,2,42.22781989,-80.90631439,1424
CB,2020,grid,57850,2,5,41.89558991,-81.2539679,1380
CB,2020,grid,58100,2,7,42.10490704,-80.78427154,1379
CB,2020,grid,58100,2,6,42.24262401,-80.89257933,1306
CB,2020,grid,58100,2,2,41.94572441,-80.9099803,1278
CB,2020,grid,57850,2,3,42.09001086,-81.07555832,1245
CB,2020,grid,57850,2,11,41.87056035,-81.25938764,1225
CB,2020,grid,58100,2,5,42.23881257,-80.89578111,1194
CB,2020,grid,58100,2,1,42.08408285,-80.76132811,1185
CB,2020,grid,58100,2,3,41.94480844,-80.90405716,1184
CB,2020,grid,57850,2,7,41.88679226,-81.25636651,1137
CB,2020,grid,58100,2,8,41.93950273,-80.87480787,1068
CB,2020,grid,57600,2,6,41.93373377,-81.61226321,1030
CB,2020,grid,58100,2,11,42.11848557,-80.79931714,1005
CB,2020,grid,58100,2,11,41.93592938,-80.85736967,985
CB,2020,grid,57850,2,9,41.8778927,-81.25807558,879
CB,2020,grid,57600,2,7,41.93636712,-81.61706366,843
CB,2020,grid,58100,2,10,42.11530259,-80.79583828,813
CB,2020,grid,57600,2,2,41.92198701,-81.59403331,803
CB,2020,grid,57850,2,10,41.8734495,-81.2588343,768
CB,2020,grid,57850,2,8,41.88233144,-81.2572936,742
CB,2020,grid,57600,2,10,41.94453294,-81.63152464,670
CB,2020,grid,58100,2,8,42.10839594,-80.7880538,657
CB,2020,grid,58100,2,3,42.09102929,-80.76894096,579
CB,2020,grid,57600,2,5,41.93083128,-81.60763489,542
CB,2020,grid,58100,2,2,42.0875309,-80.76511823,524
CB,2020,grid,58100,2,9,42.11185854,-80.79199121,503
CB,2020,grid,57600,2,4,41.92792879,-81.60303317,453
CB,2020,grid,57600,2,9,41.94179062,-81.62670844,412
CB,2020,grid,57600,2,11,41.94600615,-81.63412437,382
CB,2020,grid,57600,2,3,41.92496802,-81.59849735,378
CB,2020,grid,57600,2,7,41.7349955,-81.78556597,373
CB,2020,grid,57600,2,1,41.7482626,-81.75428979,339
CB,2020,grid,57600,2,1,41.91941266,-81.58904595,295
CB,2020,grid,58100,2,6,42.10146716,-80.78041954,292
CB,2020,grid,58100,2,4,42.09449043,-80.77273365,267
CB,2020,grid,57600,2,2,41.74580625,-81.75928145,251
CB,2020,grid,57600,2,4,41.74132728,-81.76965665,250
CB,2020,grid,58100,2,5,42.09797906,-80.77659395,234
CB,2020,grid,57600,2,8,41.93907484,-81.62190402,228
CB,2020,grid,58100,2,12,41.93511495,-80.8529549,206
CB,2020,grid,57600,2,11,41.7266652,-81.80438531,149
CB,2020,grid,57600,2,5,41.73926929,-81.77502425,148
CB,2020,grid,57600,2,10,41.72811748,-81.8010611,132
CB,2020,grid,57600,2,9,41.73030677,-81.79583139,95
CB,2020,grid,57600,2,6,41.7371768,-81.78032924,89
CB,2020,grid,57600,2,8,41.73269314,-81.79070383,86
CB,2020,grid,57600,2,3,41.74352191,-81.764384,63
CB,2020,transect,57350,1,1,41.5954561,-82.00369245,169.53
CB,2020,transect,57350,1,2,41.59109897,-82.00164801,221.93
CB,2020,transect,57350,1,3,41.58684806,-81.99967464,152.15
CB,2020,transect,57350,1,4,41.58261703,-81.9976734,3758.55
CB,2020,transect,57350,1,5,41.57838498,-81.99560305,443.46
CB,2020,transect,57350,1,6,41.57418175,-81.99354146,922.25
CB,2020,transect,57350,1,7,41.56993692,-81.99159088,819.54
CB,2020,transect,57350,1,8,41.565699,-81.98955569,1514.88
CB,2020,transect,57350,1,9,41.56145818,-81.98756467,2188.93
CB,2020,transect,57350,1,10,41.55721227,-81.98557359,2732.35
CB,2020,transect,57350,1,11,41.55297607,-81.98360383,2073.33
CB,2020,transect,57350,1,12,41.54870289,-81.98169306,1618.96
CB,2020,transect,57350,1,13,41.54448992,-81.97970163,3616.18
CB,2020,transect,57350,1,14,41.54020735,-81.97779036,1857.95
CB,2020,transect,57350,1,15,41.53603303,-81.97570321,1926.31
CB,2020,transect,57350,1,16,41.53175109,-81.97379648,2765.35
CB,2020,transect,57350,1,17,41.52746268,-81.97201,3306.9
CB,2020,transect,57600,1,1,41.62388917,-81.54101393,2346.02
CB,2020,transect,57600,1,2,41.62815956,-81.54290395,9273.39
CB,2020,transect,57600,1,3,41.63242061,-81.54481158,12871.31
CB,2020,transect,57600,1,4,41.63671156,-81.54655828,50317.6
CB,2020,transect,57600,1,5,41.64099327,-81.5484322,38169.62
CB,2020,transect,57600,1,6,41.645147,-81.55063741,7904.5
CB,2020,transect,57600,1,7,41.64934831,-81.55271118,2797.01
CB,2020,transect,57600,1,8,41.65355668,-81.55471539,1052.9
CB,2020,transect,57600,1,9,41.65770181,-81.55696277,2388.65
CB,2020,transect,57600,1,10,41.66185652,-81.55891491,1402.27
CB,2020,transect,57600,1,11,41.66597313,-81.56118007,1698.52
CB,2020,transect,57600,1,12,41.67010087,-81.56346418,2021.68
CB,2020,transect,57600,1,13,41.67431206,-81.56548764,2423.24
CB,2020,transect,57600,1,14,41.67856086,-81.56723256,3255.79
CB,2020,transect,57600,1,15,41.68271272,-81.56921633,2649.71
CB,2020,transect,57600,1,16,41.68630456,-81.56995346,2823.31
CB,2020,transect,57725,1,1,41.76932948,-81.36175664,4105.8
CB,2020,transect,57725,1,2,41.76514823,-81.35948441,985.77
CB,2020,transect,57725,1,3,41.76092943,-81.35757536,694.25
CB,2020,transect,57725,1,4,41.75862589,-81.35641919,1163.29
CB,2020,grid,910,1,1,41.52691421,-81.94605795,930.6
CB,2020,grid,910,1,2,41.53005805,-81.9416847,1209.61
CB,2020,grid,910,1,3,41.53280489,-81.93698666,487.91
CB,2020,grid,910,1,4,41.53551497,-81.9322411,1046.39
CB,2020,grid,910,1,5,41.53817513,-81.9274008,883.95
CB,2020,grid,910,1,6,41.54090574,-81.92269292,1064.4
CB,2020,grid,910,1,7,41.54362377,-81.91794507,1890.58
CB,2020,grid,910,1,8,41.54519385,-81.91501518,3058.65
CB,2020,grid,912,1,1,41.61734597,-81.61187561,1661.02
CB,2020,grid,912,1,2,41.6164947,-81.60599988,1121.03
CB,2020,grid,912,1,3,41.61554638,-81.60016431,1005.23
CB,2020,grid,912,1,4,41.61461773,-81.59431792,3439.56
CB,2020,grid,912,1,5,41.61378379,-81.58844276,1323.87
CB,2020,grid,912,1,6,41.6127856,-81.58260187,5557.59
CB,2020,grid,912,1,7,41.61186684,-81.57690661,5932.19
CB,2020,grid,814,1,1,41.79686576,-81.27810353,148.51
CB,2020,grid,814,1,2,41.79460163,-81.27290535,97.94
CB,2020,grid,814,1,3,41.79234473,-81.2677378,235.06
CB,2020,grid,814,1,4,41.79013393,-81.2625036,306.9
CB,2020,grid,814,1,5,41.78828253,-81.25789266,13647.83
CB,2020,grid,717,1,1,41.94234217,-80.76885268,335.64
CB,2020,grid,717,1,2,41.94014163,-80.76409396,1486.27
CB,2020,grid,717,1,3,41.93773713,-80.75901592,3830.1
CB,2020,grid,717,1,4,41.93519417,-80.75403408,23072.84
CB,2020,grid,717,1,5,41.93384646,-80.75062831,20375.19
CB,2020,transect,57350,2,1,41.5954561,-82.00369245,55.36
CB,2020,transect,57350,2,2,41.59109897,-82.00164801,75.6
CB,2020,transect,57350,2,3,41.58684806,-81.99967464,157.95
CB,2020,transect,57350,2,4,41.58261703,-81.9976734,35.89
CB,2020,transect,57350,2,5,41.57838498,-81.99560305,78.91
CB,2020,transect,57350,2,6,41.57418175,-81.99354146,1355.79
CB,2020,transect,57350,2,7,41.56993692,-81.99159088,84.2
CB,2020,transect,57350,2,8,41.565699,-81.98955569,337.58
CB,2020,transect,57350,2,9,41.56145818,-81.98756467,252.84
CB,2020,transect,57350,2,10,41.55721227,-81.98557359,379.43
CB,2020,transect,57350,2,11,41.55297607,-81.98360383,758.11
CB,2020,transect,57350,2,12,41.54870289,-81.98169306,879.56
CB,2020,transect,57350,2,13,41.54448992,-81.97970163,782.93
CB,2020,transect,57350,2,14,41.54020735,-81.97779036,696.13
CB,2020,transect,57350,2,15,41.53603303,-81.97570321,379.45
CB,2020,transect,57350,2,16,41.53175109,-81.97379648,579.4
CB,2020,transect,57350,2,17,41.52746268,-81.97201,288.77
CB,2020,transect,57600,2,1,41.62388917,-81.54101393,162.51
CB,2020,transect,57600,2,2,41.62815956,-81.54290395,148.75
CB,2020,transect,57600,2,3,41.63242061,-81.54481158,284.88
CB,2020,transect,57600,2,4,41.63671156,-81.54655828,228.89
CB,2020,transect,57600,2,5,41.64099327,-81.5484322,224.01
CB,2020,transect,57600,2,6,41.645147,-81.55063741,265.06
CB,2020,transect,57600,2,7,41.64934831,-81.55271118,113.72
CB,2020,transect,57600,2,8,41.65355668,-81.55471539,152.64
CB,2020,transect,57600,2,9,41.65770181,-81.55696277,393.33
CB,2020,transect,57600,2,10,41.66185652,-81.55891491,223.95
CB,2020,transect,57600,2,11,41.66597313,-81.56118007,227.36
CB,2020,transect,57600,2,12,41.67010087,-81.56346418,614.42
CB,2020,transect,57600,2,13,41.67431206,-81.56548764,269.64
CB,2020,transect,57600,2,14,41.67856086,-81.56723256,306.86
CB,2020,transect,57600,2,15,41.68271272,-81.56921633,799.11
CB,2020,transect,57600,2,16,41.68630456,-81.56995346,714.13
CB,2020,transect,57725,2,1,41.76932948,-81.36175664,300.23
CB,2020,transect,57725,2,2,41.76514823,-81.35948441,208.11
CB,2020,transect,57725,2,3,41.76092943,-81.35757536,343.69
CB,2020,transect,57725,2,4,41.75862589,-81.35641919,417.03
CB,2020,grid,910,2,1,41.52691421,-81.94605795,402.77
CB,2020,grid,910,2,2,41.53005805,-81.9416847,207.09
CB,2020,grid,910,2,3,41.53280489,-81.93698666,200.67
CB,2020,grid,910,2,4,41.53551497,-81.9322411,293.55
CB,2020,grid,910,2,5,41.53817513,-81.9274008,352.25
CB,2020,grid,910,2,6,41.54090574,-81.92269292,314
CB,2020,grid,910,2,7,41.54362377,-81.91794507,411.17
CB,2020,grid,910,2,8,41.54519385,-81.91501518,947.91
CB,2020,grid,912,2,1,41.61734597,-81.61187561,191.13
CB,2020,grid,912,2,2,41.6164947,-81.60599988,199.93
CB,2020,grid,912,2,3,41.61554638,-81.60016431,159.61
CB,2020,grid,912,2,4,41.61461773,-81.59431792,90.59
CB,2020,grid,912,2,5,41.61378379,-81.58844276,88.26
CB,2020,grid,912,2,6,41.6127856,-81.58260187,332.57
CB,2020,grid,912,2,7,41.61186684,-81.57690661,146.71
CB,2020,grid,814,2,1,41.79686576,-81.27810353,124.91
CB,2020,grid,814,2,2,41.79460163,-81.27290535,172.6
CB,2020,grid,814,2,3,41.79234473,-81.2677378,350.73
CB,2020,grid,814,2,4,41.79013393,-81.2625036,536.89
CB,2020,grid,814,2,5,41.78828253,-81.25789266,160.36
CB,2020,grid,717,2,1,41.94234217,-80.76885268,247.87
CB,2020,grid,717,2,2,41.94014163,-80.76409396,87.04
CB,2020,grid,717,2,3,41.93773713,-80.75901592,80.01
CB,2020,grid,717,2,4,41.93519417,-80.75403408,131.34
CB,2020,grid,717,2,5,41.93384646,-80.75062831,1847.31
CB,2021,transect,57850,1,1,42.5616629,-81.46897134,1888.385082
CB,2021,transect,57850,1,2,42.5575855,-81.46669619,385.0437813
CB,2021,transect,57850,1,3,42.55333929,-81.46463522,410.5722298
CB,2021,transect,57850,1,4,42.54907203,-81.46273458,322.4340643
CB,2021,transect,57850,1,5,42.54481908,-81.46082621,89.8525911
CB,2021,transect,57850,1,6,42.54049999,-81.4589913,225.7561857
CB,2021,transect,57850,1,7,42.53622874,-81.4571447,958.6709054
CB,2021,transect,57850,1,8,42.53196504,-81.45532501,444.341706
CB,2021,transect,57850,1,9,42.52766699,-81.45344698,277.1039105
CB,2021,transect,57850,1,10,42.52334053,-81.45168608,478.3432897
CB,2021,transect,57850,1,11,42.5190522,-81.44995671,1972.181459
CB,2021,transect,57850,1,12,42.51475729,-81.44811346,1387.984975
CB,2021,transect,57850,1,13,42.51044965,-81.44629233,1288.182087
CB,2021,transect,57850,1,14,42.50618708,-81.44441807,791.3519037
CB,2021,transect,57850,1,15,42.50186784,-81.44264004,3066.824477
CB,2021,transect,57850,1,16,42.49754682,-81.44101444,8581.096992
CB,2021,transect,57850,1,17,42.49321694,-81.4394181,5123.907196
CB,2021,transect,57850,1,18,42.48894463,-81.43754512,4208.209155
CB,2021,transect,57850,1,19,42.48461077,-81.43598212,4812.721372
CB,2021,transect,57850,1,20,42.48030812,-81.43416023,9517.515687
CB,2021,transect,57850,1,21,42.47602616,-81.4326652,7140.97859
CB,2021,transect,57850,1,22,42.47174278,-81.43067684,13141.57681
CB,2021,transect,57850,1,23,42.46742459,-81.42895644,11891.59251
CB,2021,transect,57850,1,24,42.46314772,-81.42717493,11145.74275
CB,2021,transect,57850,1,25,42.45889251,-81.42519604,5079.632183
CB,2021,transect,57850,1,26,42.45461132,-81.42338876,10829.55516
CB,2021,transect,57850,1,27,42.45031337,-81.42152721,10813.66176
CB,2021,transect,57850,1,28,42.44601413,-81.41982211,8636.106901
CB,2021,transect,57850,1,29,42.4417487,-81.41810263,9508.0789
CB,2021,transect,57850,1,30,42.4374317,-81.41624723,8632.37249
CB,2021,transect,57850,1,31,42.43315129,-81.41441429,8979.506495
CB,2021,transect,57850,1,32,42.42886632,-81.41255213,8930.867846
CB,2021,transect,57850,1,33,42.42459859,-81.41082846,5283.055215
CB,2021,transect,57850,1,34,42.42033578,-81.40876231,5099.480273
CB,2021,transect,57850,1,35,42.41607282,-81.40683371,1512.690683
CB,2021,transect,57850,1,36,42.41177822,-81.40502785,7284.400903
CB,2021,transect,57850,1,37,42.40749212,-81.40323825,11780.81602
CB,2021,transect,57850,1,38,42.40319281,-81.40147233,12725.87031
CB,2021,transect,57850,1,39,42.39890393,-81.39962884,12381.59375
CB,2021,transect,57850,1,40,42.39461118,-81.39788624,15686.46723
CB,2021,transect,57850,1,41,42.39034086,-81.39599217,12247.97424
CB,2021,transect,57850,1,42,42.38603434,-81.39418589,7809.358492
CB,2021,transect,57850,1,43,42.38173926,-81.39233881,7679.802383
CB,2021,transect,57850,1,44,42.3774732,-81.39055553,5254.660622
CB,2021,transect,57850,1,45,42.37314637,-81.3888351,9457.4238
CB,2021,transect,57850,1,46,42.36884308,-81.38706436,10941.85983
CB,2021,transect,57850,1,47,42.36456313,-81.38521396,24423.16221
CB,2021,transect,57850,1,48,42.36027,-81.38345227,23756.52185
CB,2021,transect,57850,1,49,42.35599349,-81.38158119,7274.31789
CB,2021,transect,57850,1,50,42.35169564,-81.37973224,24476.46461
CB,2021,transect,57850,1,51,42.34741753,-81.37781323,10673.49204
CB,2021,transect,57850,1,52,42.34314022,-81.37605686,8046.144121
CB,2021,transect,57850,1,53,42.33884008,-81.37430761,25807.23108
CB,2021,transect,57850,1,54,42.33452962,-81.37257246,12248.80144
CB,2021,transect,57850,1,55,42.33024671,-81.37077643,8629.27397
CB,2021,transect,57850,1,56,42.32595378,-81.36895081,7725.6396
CB,2021,transect,57850,1,57,42.32167078,-81.36704606,6176.665638
CB,2021,transect,57850,1,58,42.31742115,-81.36520773,5239.030791
CB,2021,transect,57850,1,59,42.31311551,-81.36343956,4811.54183
CB,2021,transect,57850,1,60,42.3088284,-81.36158902,4903.165379
CB,2021,transect,57850,1,61,42.30452628,-81.3597839,3363.067778
CB,2021,transect,57850,1,62,42.30024458,-81.35797648,4214.449093
CB,2021,transect,57850,1,63,42.29597563,-81.35601523,7903.317922
CB,2021,transect,57850,1,64,42.29167494,-81.35420114,6343.978751
CB,2021,transect,57850,1,65,42.28741327,-81.35229481,6151.277801
CB,2021,transect,57850,1,66,42.28309288,-81.35058336,13775.54784
CB,2021,transect,57850,1,67,42.27878062,-81.34883695,10588.29889
CB,2021,transect,57850,1,68,42.27452029,-81.34697197,2251.179824
CB,2021,transect,57850,1,69,42.27021699,-81.34513715,5657.540786
CB,2021,transect,57850,1,70,42.26595024,-81.34325612,5999.884929
CB,2021,transect,57850,1,71,42.261646,-81.34140146,3949.979181
CB,2021,transect,57850,1,72,42.2573857,-81.339548,5631.638061
CB,2021,transect,57850,1,73,42.25308645,-81.33776358,10338.28488
CB,2021,transect,57850,1,74,42.24878755,-81.33595843,7928.185488
CB,2021,transect,57850,1,75,42.2445032,-81.33416827,4349.146334
CB,2021,transect,57850,1,76,42.2402286,-81.33248269,9725.202159
CB,2021,transect,57850,1,77,42.23590426,-81.33060464,14822.08351
CB,2021,transect,57850,1,78,42.23162114,-81.32868434,22790.01982
CB,2021,transect,57850,1,79,42.22735602,-81.32702182,12607.50934
CB,2021,transect,57850,1,80,42.22308182,-81.32518798,9560.854775
CB,2021,transect,57850,1,81,42.21879627,-81.32329293,5643.282359
CB,2021,transect,57850,1,82,42.21454788,-81.32147285,11802.86277
CB,2021,transect,57850,1,83,42.21022388,-81.31948142,9517.729746
CB,2021,transect,57850,1,84,42.2059739,-81.31783445,13162.12899
CB,2021,transect,57850,1,85,42.20169342,-81.31611968,26455.92011
CB,2021,transect,57850,1,86,42.19735674,-81.31431094,29052.629
CB,2021,transect,57850,1,87,42.19301171,-81.31304949,18443.796
CB,2021,transect,57850,1,88,42.18874605,-81.31143232,16327.99272
CB,2021,transect,57850,1,89,42.18448482,-81.30953171,18891.08004
CB,2021,transect,57850,1,90,42.18017906,-81.30774195,14930.95382
CB,2021,transect,57850,1,91,42.17589132,-81.3058536,17607.7143
CB,2021,transect,57850,1,92,42.17165484,-81.30418287,21761.94306
CB,2021,transect,57850,1,93,42.16738672,-81.30204524,29311.96707
CB,2021,transect,57850,1,94,42.16315642,-81.30022791,26156.72952
CB,2021,transect,57850,1,95,42.15887292,-81.2983889,49791.95984
CB,2021,transect,57850,1,96,42.15457491,-81.29647708,57651.88534
CB,2021,transect,57850,1,97,42.15027491,-81.29468288,41343.16129
CB,2021,transect,57850,1,98,42.145996,-81.2927585,44686.89262
CB,2021,transect,57850,1,99,42.14176208,-81.29103687,43522.35427
CB,2021,transect,57850,1,100,42.13747094,-81.28924405,35512.56594
CB,2021,transect,57850,1,101,42.13322155,-81.28737248,25552.16166
CB,2021,transect,57850,1,102,42.12893021,-81.2855838,40994.5032
CB,2021,transect,57850,1,103,42.12465743,-81.28368166,38878.22239
CB,2021,transect,57850,1,104,42.12036792,-81.28176345,49365.00528
CB,2021,transect,57850,1,105,42.11610434,-81.27990489,61333.70907
CB,2021,transect,57850,1,106,42.11183129,-81.27793844,52650.90121
CB,2021,transect,57850,1,107,42.1075431,-81.27612994,46198.13075
CB,2021,transect,57850,1,108,42.10326095,-81.27419675,55571.54867
CB,2021,transect,57850,1,109,42.09899381,-81.27231688,41838.09685
CB,2021,transect,57850,1,110,42.09476136,-81.27039959,7243.251937
CB,2021,transect,57850,1,111,42.09042969,-81.2686069,37375.12803
CB,2021,transect,57850,1,112,42.08611948,-81.2666139,61056.9785
CB,2021,transect,57850,1,113,42.08188784,-81.26499192,39201.06571
CB,2021,transect,57850,1,114,42.07757853,-81.2632666,18206.09365
CB,2021,transect,57850,1,115,42.07329933,-81.26132766,39972.33858
CB,2021,transect,57850,1,116,42.06904896,-81.25928021,20024.5214
CB,2021,transect,57850,1,117,42.06482477,-81.25734361,13251.93524
CB,2021,transect,57850,1,118,42.06050537,-81.25562596,16275.832
CB,2021,transect,57850,1,119,42.05624617,-81.25381876,19181.57629
CB,2021,transect,57850,1,120,42.05193138,-81.25209476,9323.034069
CB,2021,transect,57850,1,121,42.04758105,-81.25038438,20071.03582
CB,2021,transect,57850,1,122,42.0432963,-81.24861977,29613.54444
CB,2021,transect,57850,1,123,42.03900341,-81.24680977,32710.81469
CB,2021,transect,57850,1,124,42.03470711,-81.24505684,33905.91135
CB,2021,transect,57850,1,125,42.03039655,-81.24333717,41597.72825
CB,2021,transect,57850,1,126,42.02612669,-81.24145742,52514.85962
CB,2021,transect,57850,1,127,42.02180108,-81.23982276,40231.17287
CB,2021,transect,57850,1,128,42.01742835,-81.23837301,37121.55454
CB,2021,transect,57850,1,129,42.01309121,-81.2367925,25165.10326
CB,2021,transect,57850,1,130,42.00876448,-81.23514326,20098.65928
CB,2021,transect,57850,1,131,42.00447963,-81.23342218,6636.991342
CB,2021,transect,57850,1,132,42.00021414,-81.23137738,15344.03675
CB,2021,transect,57850,1,133,41.99595374,-81.22943976,10200.16258
CB,2021,transect,57850,1,134,41.99170986,-81.22748774,10279.58021
CB,2021,transect,57850,1,135,41.98744241,-81.22570897,16464.82184
CB,2021,transect,57850,1,136,41.98315406,-81.22398716,22297.29591
CB,2021,transect,57850,1,137,41.97882265,-81.22224086,28816.41619
CB,2021,transect,57850,1,138,41.97452588,-81.2204802,17496.73743
CB,2021,transect,57850,1,139,41.97024609,-81.21871291,25847.59364
CB,2021,transect,57850,1,140,41.96595432,-81.21699421,31300.51104
CB,2021,transect,57850,1,141,41.96165954,-81.21528255,78418.84335
CB,2021,transect,57850,1,142,41.95740704,-81.21342202,25139.50546
CB,2021,transect,57850,1,143,41.95315003,-81.21145744,144044.4499
CB,2021,transect,57850,1,144,41.948839,-81.20973943,136841.4576
CB,2021,transect,57850,1,145,41.94454435,-81.20797417,146094.9464
CB,2021,transect,57850,1,146,41.94028436,-81.20603804,35021.47162
CB,2021,transect,57850,1,147,41.93601977,-81.20412262,86410.09381
CB,2021,transect,57850,1,148,41.93179994,-81.2022991,60761.93424
CB,2021,transect,57850,1,149,41.92760707,-81.19988288,47538.89608
CB,2021,transect,57850,1,150,41.92338611,-81.19795017,31034.58624
CB,2021,transect,57850,1,151,41.91913596,-81.19579972,24699.80852
CB,2021,transect,57850,1,152,41.9149007,-81.19390765,4396.379123
CB,2021,transect,57850,1,153,41.91060365,-81.1920656,1635.768821
CB,2021,transect,57850,1,154,41.9063132,-81.19032952,16736.21684
CB,2021,transect,57850,1,155,41.90204397,-81.18851282,26198.32227
CB,2021,transect,57850,1,156,41.89775367,-81.18657699,15317.5579
CB,2021,transect,57850,1,157,41.8934959,-81.18472554,1281.528337
CB,2021,transect,57850,1,158,41.88927008,-81.1827928,5364.843445
CB,2021,transect,57850,1,159,41.88504922,-81.18061427,2861.789061
CB,2021,transect,57850,1,160,41.88077005,-81.1787149,17904.02322
CB,2021,transect,57850,1,161,41.87648334,-81.17716529,41836.68623
CB,2021,transect,57850,1,162,41.87221798,-81.17519598,36044.11358
CB,2021,transect,57850,1,163,41.86803405,-81.17328374,56500.37018
CB,2021,transect,57850,1,164,41.86384857,-81.17069616,45137.44339
CB,2021,transect,57850,1,165,41.85959388,-81.16990593,55775.79618
CB,2021,transect,57850,1,166,41.85516231,-81.16937886,128333.7426
CB,2021,transect,57850,1,167,41.85080711,-81.16864367,144681.8819
CB,2021,transect,57850,1,168,41.84646107,-81.16702109,110223.7445
CB,2021,transect,57850,1,169,41.84224545,-81.16508126,68023.13287
CB,2021,transect,57850,1,170,41.83792817,-81.16303175,148363.6474
CB,2021,transect,57850,1,171,41.83361218,-81.16167771,50911.44976
CB,2021,transect,57850,1,172,41.82925978,-81.16033013,25355.86994
CB,2021,transect,57850,1,173,41.82492277,-81.15851761,2626.60787
CB,2021,transect,57850,1,174,41.82184271,-81.1572613,15946.86614
CB,2021,transect,57850,2,1,42.5616629,-81.46897134,1989.293821
CB,2021,transect,57850,2,2,42.5575855,-81.46669619,1433.016016
CB,2021,transect,57850,2,3,42.55333929,-81.46463522,1638.072521
CB,2021,transect,57850,2,4,42.54907203,-81.46273458,3022.390096
CB,2021,transect,57850,2,5,42.54481908,-81.46082621,3607.2957
CB,2021,transect,57850,2,6,42.54049999,-81.4589913,653.2181815
CB,2021,transect,57850,2,7,42.53622874,-81.4571447,101.7709901
CB,2021,transect,57850,2,8,42.53196504,-81.45532501,425.9666058
CB,2021,transect,57850,2,9,42.52766699,-81.45344698,155.9544091
CB,2021,transect,57850,2,10,42.52334053,-81.45168608,160.9623183
CB,2021,transect,57850,2,11,42.5190522,-81.44995671,86.9084435
CB,2021,transect,57850,2,12,42.51475729,-81.44811346,159.3291452
CB,2021,transect,57850,2,13,42.51044965,-81.44629233,546.5064173
CB,2021,transect,57850,2,14,42.50618708,-81.44441807,383.2680896
CB,2021,transect,57850,2,15,42.50186784,-81.44264004,231.8198181
CB,2021,transect,57850,2,16,42.49754682,-81.44101444,169.7207404
CB,2021,transect,57850,2,17,42.49321694,-81.4394181,503.586338
CB,2021,transect,57850,2,18,42.48894463,-81.43754512,183.1525881
CB,2021,transect,57850,2,19,42.48461077,-81.43598212,242.7172161
CB,2021,transect,57850,2,20,42.48030812,-81.43416023,366.0641895
CB,2021,transect,57850,2,21,42.47602616,-81.4326652,690.2158874
CB,2021,transect,57850,2,22,42.47174278,-81.43067684,697.3829514
CB,2021,transect,57850,2,23,42.46742459,-81.42895644,883.3898562
CB,2021,transect,57850,2,24,42.46314772,-81.42717493,815.575879
CB,2021,transect,57850,2,25,42.45889251,-81.42519604,865.3725104
CB,2021,transect,57850,2,26,42.45461132,-81.42338876,588.1977349
CB,2021,transect,57850,2,27,42.45031337,-81.42152721,991.1203451
CB,2021,transect,57850,2,28,42.44601413,-81.41982211,919.9062283
CB,2021,transect,57850,2,29,42.4417487,-81.41810263,1164.653931
CB,2021,transect,57850,2,30,42.4374317,-81.41624723,1122.996724
CB,2021,transect,57850,2,31,42.43315129,-81.41441429,1283.204806
CB,2021,transect,57850,2,32,42.42886632,-81.41255213,1034.370475
CB,2021,transect,57850,2,33,42.42459859,-81.41082846,1049.416007
CB,2021,transect,57850,2,34,42.42033578,-81.40876231,1217.225772
CB,2021,transect,57850,2,35,42.41607282,-81.40683371,1960.757518
CB,2021,transect,57850,2,36,42.41177822,-81.40502785,1782.119824
CB,2021,transect,57850,2,37,42.40749212,-81.40323825,1215.824638
CB,2021,transect,57850,2,38,42.40319281,-81.40147233,1818.286002
CB,2021,transect,57850,2,39,42.39890393,-81.39962884,2100.593081
CB,2021,transect,57850,2,40,42.39461118,-81.39788624,3270.270707
CB,2021,transect,57850,2,41,42.39034086,-81.39599217,3129.665654
CB,2021,transect,57850,2,42,42.38603434,-81.39418589,2437.779443
CB,2021,transect,57850,2,43,42.38173926,-81.39233881,1638.573142
CB,2021,transect,57850,2,44,42.3774732,-81.39055553,992.4454632
CB,2021,transect,57850,2,45,42.37314637,-81.3888351,905.8245434
CB,2021,transect,57850,2,46,42.36884308,-81.38706436,822.2338494
CB,2021,transect,57850,2,47,42.36456313,-81.38521396,801.4689085
CB,2021,transect,57850,2,48,42.36027,-81.38345227,758.0269371
CB,2021,transect,57850,2,49,42.35599349,-81.38158119,601.7019896
CB,2021,transect,57850,2,50,42.35169564,-81.37973224,719.6267412
CB,2021,transect,57850,2,51,42.34741753,-81.37781323,548.7184386
CB,2021,transect,57850,2,52,42.34314022,-81.37605686,494.3957462
CB,2021,transect,57850,2,53,42.33884008,-81.37430761,541.9648965
CB,2021,transect,57850,2,54,42.33452962,-81.37257246,516.8707887
CB,2021,transect,57850,2,55,42.33024671,-81.37077643,548.6038882
CB,2021,transect,57850,2,56,42.32595378,-81.36895081,764.9278036
CB,2021,transect,57850,2,57,42.32167078,-81.36704606,763.4976411
CB,2021,transect,57850,2,58,42.31742115,-81.36520773,754.405467
CB,2021,transect,57850,2,59,42.31311551,-81.36343956,888.5513036
CB,2021,transect,57850,2,60,42.3088284,-81.36158902,694.1193152
CB,2021,transect,57850,2,61,42.30452628,-81.3597839,604.6715051
CB,2021,transect,57850,2,62,42.30024458,-81.35797648,462.963482
CB,2021,transect,57850,2,63,42.29597563,-81.35601523,590.21121
CB,2021,transect,57850,2,64,42.29167494,-81.35420114,547.6592049
CB,2021,transect,57850,2,65,42.28741327,-81.35229481,375.4420955
CB,2021,transect,57850,2,66,42.28309288,-81.35058336,312.294523
CB,2021,transect,57850,2,67,42.27878062,-81.34883695,307.0642116
CB,2021,transect,57850,2,68,42.27452029,-81.34697197,452.3584211
CB,2021,transect,57850,2,69,42.27021699,-81.34513715,439.8950428
CB,2021,transect,57850,2,70,42.26595024,-81.34325612,678.0012114
CB,2021,transect,57850,2,71,42.261646,-81.34140146,561.6313777
CB,2021,transect,57850,2,72,42.2573857,-81.339548,347.9487074
CB,2021,transect,57850,2,73,42.25308645,-81.33776358,262.8660947
CB,2021,transect,57850,2,74,42.24878755,-81.33595843,199.999072
CB,2021,transect,57850,2,75,42.2445032,-81.33416827,271.6132613
CB,2021,transect,57850,2,76,42.2402286,-81.33248269,265.649042
CB,2021,transect,57850,2,77,42.23590426,-81.33060464,322.3425542
CB,2021,transect,57850,2,78,42.23162114,-81.32868434,548.8709882
CB,2021,transect,57850,2,79,42.22735602,-81.32702182,1130.505357
CB,2021,transect,57850,2,80,42.22308182,-81.32518798,1001.983367
CB,2021,transect,57850,2,81,42.21879627,-81.32329293,767.8965579
CB,2021,transect,57850,2,82,42.21454788,-81.32147285,560.7652217
CB,2021,transect,57850,2,83,42.21022388,-81.31948142,413.165562
CB,2021,transect,57850,2,84,42.2059739,-81.31783445,511.3541717
CB,2021,transect,57850,2,85,42.20169342,-81.31611968,402.8624065
CB,2021,transect,57850,2,86,42.19735674,-81.31431094,321.8963857
CB,2021,transect,57850,2,87,42.19301171,-81.31304949,376.4302298
CB,2021,transect,57850,2,88,42.18874605,-81.31143232,225.357443
CB,2021,transect,57850,2,89,42.18448482,-81.30953171,257.7913854
CB,2021,transect,57850,2,90,42.18017906,-81.30774195,159.4125246
CB,2021,transect,57850,2,91,42.17589132,-81.3058536,120.4055856
CB,2021,transect,57850,2,92,42.17165484,-81.30418287,149.7051285
CB,2021,transect,57850,2,93,42.16738672,-81.30204524,163.5175307
CB,2021,transect,57850,2,94,42.16315642,-81.30022791,142.9733074
CB,2021,transect,57850,2,95,42.15887292,-81.2983889,287.4237226
CB,2021,transect,57850,2,96,42.15457491,-81.29647708,317.1652937
CB,2021,transect,57850,2,97,42.15027491,-81.29468288,341.1360169
CB,2021,transect,57850,2,98,42.145996,-81.2927585,265.8917307
CB,2021,transect,57850,2,99,42.14176208,-81.29103687,337.3119758
CB,2021,transect,57850,2,100,42.13747094,-81.28924405,307.0767138
CB,2021,transect,57850,2,101,42.13322155,-81.28737248,423.5874484
CB,2021,transect,57850,2,102,42.12893021,-81.2855838,469.3536541
CB,2021,transect,57850,2,103,42.12465743,-81.28368166,651.7729403
CB,2021,transect,57850,2,104,42.12036792,-81.28176345,623.1434023
CB,2021,transect,57850,2,105,42.11610434,-81.27990489,544.0381304
CB,2021,transect,57850,2,106,42.11183129,-81.27793844,253.9402224
CB,2021,transect,57850,2,107,42.1075431,-81.27612994,329.3760121
CB,2021,transect,57850,2,108,42.10326095,-81.27419675,387.9044902
CB,2021,transect,57850,2,109,42.09899381,-81.27231688,448.687443
CB,2021,transect,57850,2,110,42.09476136,-81.27039959,780.8509403
CB,2021,transect,57850,2,111,42.09042969,-81.2686069,641.3952757
CB,2021,transect,57850,2,112,42.08611948,-81.2666139,433.1419978
CB,2021,transect,57850,2,113,42.08188784,-81.26499192,481.150435
CB,2021,transect,57850,2,114,42.07757853,-81.2632666,608.9995417
CB,2021,transect,57850,2,115,42.07329933,-81.26132766,677.1140446
CB,2021,transect,57850,2,116,42.06904896,-81.25928021,274.5921883
CB,2021,transect,57850,2,117,42.06482477,-81.25734361,399.1097449
CB,2021,transect,57850,2,118,42.06050537,-81.25562596,411.2846425
CB,2021,transect,57850,2,119,42.05624617,-81.25381876,355.4882206
CB,2021,transect,57850,2,120,42.05193138,-81.25209476,153.1325441
CB,2021,transect,57850,2,121,42.04758105,-81.25038438,120.1270431
CB,2021,transect,57850,2,122,42.0432963,-81.24861977,105.9140329
CB,2021,transect,57850,2,123,42.03900341,-81.24680977,84.80528252
CB,2021,transect,57850,2,124,42.03470711,-81.24505684,111.1940872
CB,2021,transect,57850,2,125,42.03039655,-81.24333717,87.70097972
CB,2021,transect,57850,2,126,42.02612669,-81.24145742,194.9085561
CB,2021,transect,57850,2,127,42.02180108,-81.23982276,210.5803902
CB,2021,transect,57850,2,128,42.01742835,-81.23837301,406.5335936
CB,2021,transect,57850,2,129,42.01309121,-81.2367925,382.3917768
CB,2021,transect,57850,2,130,42.00876448,-81.23514326,605.2990356
CB,2021,transect,57850,2,131,42.00447963,-81.23342218,368.2647194
CB,2021,transect,57850,2,132,42.00021414,-81.23137738,395.7505257
CB,2021,transect,57850,2,133,41.99595374,-81.22943976,530.3539304
CB,2021,transect,57850,2,134,41.99170986,-81.22748774,543.8350243
CB,2021,transect,57850,2,135,41.98744241,-81.22570897,462.1596963
CB,2021,transect,57850,2,136,41.98315406,-81.22398716,314.9527557
CB,2021,transect,57850,2,137,41.97882265,-81.22224086,347.3737795
CB,2021,transect,57850,2,138,41.97452588,-81.2204802,269.8459379
CB,2021,transect,57850,2,139,41.97024609,-81.21871291,351.5012205
CB,2021,transect,57850,2,140,41.96595432,-81.21699421,301.586033
CB,2021,transect,57850,2,141,41.96165954,-81.21528255,207.3240921
CB,2021,transect,57850,2,142,41.95740704,-81.21342202,273.8309535
CB,2021,transect,57850,2,143,41.95315003,-81.21145744,217.4664759
CB,2021,transect,57850,2,144,41.948839,-81.20973943,224.692527
CB,2021,transect,57850,2,145,41.94454435,-81.20797417,148.2734204
CB,2021,transect,57850,2,146,41.94028436,-81.20603804,161.2095611
CB,2021,transect,57850,2,147,41.93601977,-81.20412262,208.3750433
CB,2021,transect,57850,2,148,41.93179994,-81.2022991,155.2714494
CB,2021,transect,57850,2,149,41.92760707,-81.19988288,323.7473364
CB,2021,transect,57850,2,150,41.92338611,-81.19795017,241.5278212
CB,2021,transect,57850,2,151,41.91913596,-81.19579972,273.2034568
CB,2021,transect,57850,2,152,41.9149007,-81.19390765,318.0333984
CB,2021,transect,57850,2,153,41.91060365,-81.1920656,222.2296567
CB,2021,transect,57850,2,154,41.9063132,-81.19032952,271.5644906
CB,2021,transect,57850,2,155,41.90204397,-81.18851282,149.3158141
CB,2021,transect,57850,2,156,41.89775367,-81.18657699,181.1057493
CB,2021,transect,57850,2,157,41.8934959,-81.18472554,163.5303474
CB,2021,transect,57850,2,158,41.88927008,-81.1827928,138.0419658
CB,2021,transect,57850,2,159,41.88504922,-81.18061427,165.0897619
CB,2021,transect,57850,2,160,41.88077005,-81.1787149,210.8245407
CB,2021,transect,57850,2,161,41.87648334,-81.17716529,300.4855727
CB,2021,transect,57850,2,162,41.87221798,-81.17519598,388.951627
CB,2021,transect,57850,2,163,41.86803405,-81.17328374,126.84412
CB,2021,transect,57850,2,164,41.86384857,-81.17069616,99.19023902
CB,2021,transect,57850,2,165,41.85959388,-81.16990593,52.98686509
CB,2021,transect,57850,2,166,41.85516231,-81.16937886,152.0272373
CB,2021,transect,57850,2,167,41.85080711,-81.16864367,187.7676935
CB,2021,transect,57850,2,168,41.84646107,-81.16702109,64.11494507
CB,2021,transect,57850,2,169,41.84224545,-81.16508126,23.36983067
CB,2021,transect,57850,2,170,41.83792817,-81.16303175,3.598043039
CB,2021,transect,58100,1,1,42.62818358,-81.01279503,683.059115
CB,2021,transect,58100,1,2,42.62398209,-81.01049505,179.7180778
CB,2021,transect,58100,1,3,42.61978104,-81.00841212,309.0923597
CB,2021,transect,58100,1,4,42.61547064,-81.00664401,300.0011
CB,2021,transect,58100,1,5,42.61104908,-81.00561327,1783.282171
CB,2021,transect,58100,1,6,42.60658333,-81.0044251,2548.09186
CB,2021,transect,58100,1,7,42.60232176,-81.00298753,4425.569868
CB,2021,transect,58100,1,8,42.59793308,-81.00139515,2681.434446
CB,2021,transect,58100,1,9,42.59364348,-80.99960292,4905.621889
CB,2021,transect,58100,1,10,42.58942334,-80.99762084,2108.639534
CB,2021,transect,58100,1,11,42.58515828,-80.99568718,1687.343471
CB,2021,transect,58100,1,12,42.58082495,-80.99394868,1385.048746
CB,2021,transect,58100,1,13,42.57655379,-80.99218123,994.313511
CB,2021,transect,58100,1,14,42.57218835,-80.99058554,1020.062483
CB,2021,transect,58100,1,15,42.56791519,-80.9887957,1384.538263
CB,2021,transect,58100,1,16,42.56356268,-80.98718341,1250.768373
CB,2021,transect,58100,1,17,42.55924092,-80.9854153,909.3433627
CB,2021,transect,58100,1,18,42.55494893,-80.98363385,1927.591985
CB,2021,transect,58100,1,19,42.55064736,-80.98193568,2240.791349
CB,2021,transect,58100,1,20,42.54635667,-80.980135,3239.662756
CB,2021,transect,58100,1,21,42.54205587,-80.97826833,4240.16742
CB,2021,transect,58100,1,22,42.53779235,-80.97651895,6197.058069
CB,2021,transect,58100,1,23,42.53351043,-80.97476,2445.441966
CB,2021,transect,58100,1,24,42.52918398,-80.97314047,1297.770221
CB,2021,transect,58100,1,25,42.5248655,-80.97142438,2475.622099
CB,2021,transect,58100,1,26,42.52052664,-80.96975263,4127.931502
CB,2021,transect,58100,1,27,42.5162012,-80.96810239,5497.765624
CB,2021,transect,58100,1,28,42.51192871,-80.96625405,8886.073918
CB,2021,transect,58100,1,29,42.50763417,-80.96450547,8388.541025
CB,2021,transect,58100,1,30,42.50330605,-80.96278729,14953.80691
CB,2021,transect,58100,1,31,42.49901014,-80.96106432,9098.815428
CB,2021,transect,58100,1,32,42.49470243,-80.95931921,11602.71874
CB,2021,transect,58100,1,33,42.4903812,-80.95757035,10445.40585
CB,2021,transect,58100,1,34,42.48609807,-80.95585682,11270.05022
CB,2021,transect,58100,1,35,42.48179194,-80.95406305,14247.73559
CB,2021,transect,58100,1,36,42.47747908,-80.95231461,15389.96997
CB,2021,transect,58100,1,37,42.47315239,-80.95061026,20063.49922
CB,2021,transect,58100,1,38,42.46884204,-80.94889363,44336.08875
CB,2021,transect,58100,1,39,42.46453455,-80.94717885,52417.52623
CB,2021,transect,58100,1,40,42.46020598,-80.94544408,21341.28575
CB,2021,transect,58100,1,41,42.45592692,-80.94362901,54762.75193
CB,2021,transect,58100,1,42,42.4516407,-80.9418811,30257.08496
CB,2021,transect,58100,1,43,42.4473277,-80.94011082,67531.28417
CB,2021,transect,58100,1,44,42.44302087,-80.93832347,28988.26806
CB,2021,transect,58100,1,45,42.43871483,-80.9365727,22081.94129
CB,2021,transect,58100,1,46,42.43440585,-80.93481255,27633.60569
CB,2021,transect,58100,1,47,42.43011087,-80.93304774,35381.46751
CB,2021,transect,58100,1,48,42.42580199,-80.93129846,61262.7877
CB,2021,transect,58100,1,49,42.42145816,-80.92962588,30967.46046
CB,2021,transect,58100,1,50,42.41718634,-80.92788821,34692.6893
CB,2021,transect,58100,1,51,42.41286445,-80.92619576,55312.32445
CB,2021,transect,58100,1,52,42.40857748,-80.92448784,27335.75957
CB,2021,transect,58100,1,53,42.40424978,-80.92266191,29229.59905
CB,2021,transect,58100,1,54,42.39996268,-80.92079215,21947.08874
CB,2021,transect,58100,1,55,42.39568685,-80.91905456,15688.21523
CB,2021,transect,58100,1,56,42.39140952,-80.91727357,24449.99913
CB,2021,transect,58100,1,57,42.38706712,-80.9155791,16869.52535
CB,2021,transect,58100,1,58,42.38276081,-80.91384883,11506.31828
CB,2021,transect,58100,1,59,42.37843644,-80.91209286,16772.59919
CB,2021,transect,58100,1,60,42.37415083,-80.91040956,10953.84146
CB,2021,transect,58100,1,61,42.36982386,-80.90870407,7744.632622
CB,2021,transect,58100,1,62,42.365493,-80.90693983,13666.99735
CB,2021,transect,58100,1,63,42.36120709,-80.90520636,7268.227469
CB,2021,transect,58100,1,64,42.3568898,-80.90340039,11072.06231
CB,2021,transect,58100,1,65,42.35260404,-80.90168399,18693.50628
CB,2021,transect,58100,1,66,42.34830889,-80.89991381,19077.75306
CB,2021,transect,58100,1,67,42.34397237,-80.89823181,28027.13597
CB,2021,transect,58100,1,68,42.3396744,-80.89646358,27667.98706
CB,2021,transect,58100,1,69,42.33536402,-80.89474817,22527.14381
CB,2021,transect,58100,1,70,42.33105115,-80.89303012,14351.27144
CB,2021,transect,58100,1,71,42.32672025,-80.89143138,24380.20558
CB,2021,transect,58100,1,72,42.32242046,-80.88969478,17559.50887
CB,2021,transect,58100,1,73,42.31812113,-80.88787778,11230.98934
CB,2021,transect,58100,1,74,42.31380437,-80.88616679,17484.58745
CB,2021,transect,58100,1,75,42.3095071,-80.8844304,28911.74215
CB,2021,transect,58100,1,76,42.30517599,-80.88276276,33240.67156
CB,2021,transect,58100,1,77,42.30087912,-80.8810599,35475.10226
CB,2021,transect,58100,1,78,42.2965877,-80.87924602,37963.06747
CB,2021,transect,58100,1,79,42.29227771,-80.8774954,36842.44547
CB,2021,transect,58100,1,80,42.28799095,-80.87566734,40464.92727
CB,2021,transect,58100,1,81,42.28369989,-80.87394401,49898.3504
CB,2021,transect,58100,1,82,42.27939558,-80.87208886,52834.82135
CB,2021,transect,58100,1,83,42.27507443,-80.87042809,64366.38329
CB,2021,transect,58100,1,84,42.27075227,-80.86870512,71250.58751
CB,2021,transect,58100,1,85,42.26644243,-80.86695923,52941.55001
CB,2021,transect,58100,1,86,42.26212365,-80.86517027,9132.213698
CB,2021,transect,58100,1,87,42.25782195,-80.86351292,13628.93024
CB,2021,transect,58100,1,88,42.25348807,-80.86182134,12506.69126
CB,2021,transect,58100,1,89,42.24918713,-80.86012091,12454.33553
CB,2021,transect,58100,1,90,42.24492354,-80.85813292,4335.586011
CB,2021,transect,58100,1,91,42.24077561,-80.85583018,25729.7993
CB,2021,transect,58100,1,92,42.23667393,-80.85343947,33555.19727
CB,2021,transect,58100,1,93,42.23260423,-80.85087192,28575.28881
CB,2021,transect,58100,1,94,42.22858672,-80.8481175,14799.77841
CB,2021,transect,58100,1,95,42.22453877,-80.8453321,39530.3736
CB,2021,transect,58100,1,96,42.22026601,-80.84406124,19508.04641
CB,2021,transect,58100,1,97,42.2161144,-80.84174839,99039.72021
CB,2021,transect,58100,1,98,42.21186869,-80.83957971,6826.413358
CB,2021,transect,58100,1,99,42.20757077,-80.83786267,7952.026234
CB,2021,transect,58100,1,100,42.20315691,-80.83683412,23763.94873
CB,2021,transect,58100,1,101,42.19873307,-80.83565523,50961.05494
CB,2021,transect,58100,1,102,42.19436227,-80.83421539,12493.76153
CB,2021,transect,58100,1,103,42.19004488,-80.83250397,58456.07625
CB,2021,transect,58100,1,104,42.18575529,-80.83071737,28636.75222
CB,2021,transect,58100,1,105,42.18145593,-80.82898442,9965.735602
CB,2021,transect,58100,1,106,42.17716067,-80.82712691,30191.26997
CB,2021,transect,58100,1,107,42.17281246,-80.82554076,29471.03391
CB,2021,transect,58100,1,108,42.16849461,-80.82390917,14450.57383
CB,2021,transect,58100,1,109,42.16416198,-80.82223381,17081.63808
CB,2021,transect,58100,1,110,42.15980525,-80.82052169,38062.30201
CB,2021,transect,58100,1,111,42.15551713,-80.81901444,14062.80818
CB,2021,transect,58100,1,112,42.15115569,-80.8174253,13318.78753
CB,2021,transect,58100,1,113,42.14682457,-80.81571538,21707.63307
CB,2021,transect,58100,1,114,42.14252567,-80.81404921,14042.03778
CB,2021,transect,58100,1,115,42.13817346,-80.8122938,33302.58646
CB,2021,transect,58100,1,116,42.13385334,-80.81067567,39539.11591
CB,2021,transect,58100,1,117,42.12954973,-80.80896272,22921.51531
CB,2021,transect,58100,1,118,42.12524449,-80.80730743,51882.51456
CB,2021,transect,58100,1,119,42.12089143,-80.80563963,57511.9962
CB,2021,transect,58100,1,120,42.11655472,-80.80396386,21050.03491
CB,2021,transect,58100,1,121,42.11224789,-80.8023205,49468.58759
CB,2021,transect,58100,1,122,42.10796474,-80.80064043,45636.27415
CB,2021,transect,58100,1,123,42.10360094,-80.79901221,3558.387802
CB,2021,transect,58100,1,124,42.09927876,-80.79729306,54390.48093
CB,2021,transect,58100,1,125,42.09495544,-80.79556902,64432.24888
CB,2021,transect,58100,1,126,42.09068286,-80.79377839,64159.27176
CB,2021,transect,58100,1,127,42.08637098,-80.79200304,62818.55524
CB,2021,transect,58100,1,128,42.0820632,-80.79038381,73438.5709
CB,2021,transect,58100,1,129,42.07774841,-80.78874165,63848.00781
CB,2021,transect,58100,1,130,42.07337947,-80.78716505,7943.121975
CB,2021,transect,58100,1,131,42.06904355,-80.7854853,62642.68735
CB,2021,transect,58100,1,132,42.06472035,-80.78387044,54967.31247
CB,2021,transect,58100,1,133,42.0604119,-80.78224229,17842.37669
CB,2021,transect,58100,1,134,42.05607705,-80.78056985,54021.25494
CB,2021,transect,58100,1,135,42.05174555,-80.77901443,65311.73096
CB,2021,transect,58100,1,136,42.04743133,-80.77731525,51978.50838
CB,2021,transect,58100,1,137,42.0431035,-80.7756112,10927.35453
CB,2021,transect,58100,1,138,42.03878145,-80.7739613,16291.70256
CB,2021,transect,58100,1,139,42.03445048,-80.77232851,36165.68501
CB,2021,transect,58100,1,140,42.0301271,-80.77064263,50788.06542
CB,2021,transect,58100,1,141,42.02579423,-80.76898247,20334.43799
CB,2021,transect,58100,1,142,42.02149064,-80.76728454,5388.246893
CB,2021,transect,58100,1,143,42.01716793,-80.76562065,16642.18103
CB,2021,transect,58100,1,144,42.01285954,-80.7638265,23613.28161
CB,2021,transect,58100,1,145,42.00858123,-80.76212239,53832.38528
CB,2021,transect,58100,1,146,42.00427294,-80.76033795,44142.09763
CB,2021,transect,58100,1,147,41.99998621,-80.75853334,70725.68249
CB,2021,transect,58100,1,148,41.99566564,-80.7567204,22218.45902
CB,2021,transect,58100,1,149,41.99135426,-80.75515019,6602.626164
CB,2021,transect,58100,1,150,41.98697774,-80.75371288,37758.21658
CB,2021,transect,58100,1,151,41.98262132,-80.75223074,25230.4765
CB,2021,transect,58100,1,152,41.97828514,-80.75059863,50076.27355
CB,2021,transect,58100,1,153,41.97397973,-80.74904302,4553.924725
CB,2021,transect,58100,1,154,41.96965305,-80.74730422,54807.07291
CB,2021,transect,58100,1,155,41.96558948,-80.74580625,61752.06347
CB,2021,transect,58100,2,1,42.62818358,-81.01279503,3149.521506
CB,2021,transect,58100,2,2,42.62398209,-81.01049505,2042.411386
CB,2021,transect,58100,2,3,42.61978104,-81.00841212,2746.862217
CB,2021,transect,58100,2,4,42.61547064,-81.00664401,1085.856443
CB,2021,transect,58100,2,5,42.61104908,-81.00561327,3637.362495
CB,2021,transect,58100,2,6,42.60658333,-81.0044251,4063.2133
CB,2021,transect,58100,2,7,42.60232176,-81.00298753,2719.066426
CB,2021,transect,58100,2,8,42.59793308,-81.00139515,3711.358642
CB,2021,transect,58100,2,9,42.59364348,-80.99960292,3776.827686
CB,2021,transect,58100,2,10,42.58942334,-80.99762084,4123.850737
CB,2021,transect,58100,2,11,42.58515828,-80.99568718,2044.639721
CB,2021,transect,58100,2,12,42.58082495,-80.99394868,2125.643498
CB,2021,transect,58100,2,13,42.57655379,-80.99218123,2749.709185
CB,2021,transect,58100,2,14,42.57218835,-80.99058554,3052.625464
CB,2021,transect,58100,2,15,42.56791519,-80.9887957,2646.657401
CB,2021,transect,58100,2,16,42.56356268,-80.98718341,1747.49165
CB,2021,transect,58100,2,17,42.55924092,-80.9854153,1355.984184
CB,2021,transect,58100,2,18,42.55494893,-80.98363385,2016.265574
CB,2021,transect,58100,2,19,42.55064736,-80.98193568,2253.065935
CB,2021,transect,58100,2,20,42.54635667,-80.980135,1863.8316
CB,2021,transect,58100,2,21,42.54205587,-80.97826833,1625.554929
CB,2021,transect,58100,2,22,42.53779235,-80.97651895,1072.826618
CB,2021,transect,58100,2,23,42.53351043,-80.97476,1960.981192
CB,2021,transect,58100,2,24,42.52918398,-80.97314047,1102.043968
CB,2021,transect,58100,2,25,42.5248655,-80.97142438,1540.965161
CB,2021,transect,58100,2,26,42.52052664,-80.96975263,1972.353388
CB,2021,transect,58100,2,27,42.5162012,-80.96810239,1565.504885
CB,2021,transect,58100,2,28,42.51192871,-80.96625405,1179.007928
CB,2021,transect,58100,2,29,42.50763417,-80.96450547,1192.495333
CB,2021,transect,58100,2,30,42.50330605,-80.96278729,906.6114319
CB,2021,transect,58100,2,31,42.49901014,-80.96106432,1220.104791
CB,2021,transect,58100,2,32,42.49470243,-80.95931921,1228.856418
CB,2021,transect,58100,2,33,42.4903812,-80.95757035,1103.97227
CB,2021,transect,58100,2,34,42.48609807,-80.95585682,764.0777592
CB,2021,transect,58100,2,35,42.48179194,-80.95406305,847.4341684
CB,2021,transect,58100,2,36,42.47747908,-80.95231461,906.4124967
CB,2021,transect,58100,2,37,42.47315239,-80.95061026,722.9528915
CB,2021,transect,58100,2,38,42.46884204,-80.94889363,746.4702458
CB,2021,transect,58100,2,39,42.46453455,-80.94717885,685.4112968
CB,2021,transect,58100,2,40,42.46020598,-80.94544408,1021.342022
CB,2021,transect,58100,2,41,42.45592692,-80.94362901,940.0823612
CB,2021,transect,58100,2,42,42.4516407,-80.9418811,1139.621652
CB,2021,transect,58100,2,43,42.4473277,-80.94011082,1248.398009
CB,2021,transect,58100,2,44,42.44302087,-80.93832347,1607.103172
CB,2021,transect,58100,2,45,42.43871483,-80.9365727,983.587295
CB,2021,transect,58100,2,46,42.43440585,-80.93481255,1144.634781
CB,2021,transect,58100,2,47,42.43011087,-80.93304774,1150.793075
CB,2021,transect,58100,2,48,42.42580199,-80.93129846,1902.120549
CB,2021,transect,58100,2,49,42.42145816,-80.92962588,1443.590445
CB,2021,transect,58100,2,50,42.41718634,-80.92788821,724.5065295
CB,2021,transect,58100,2,51,42.41286445,-80.92619576,591.3662358
CB,2021,transect,58100,2,52,42.40857748,-80.92448784,505.1978669
CB,2021,transect,58100,2,53,42.40424978,-80.92266191,534.5659008
CB,2021,transect,58100,2,54,42.39996268,-80.92079215,823.8476047
CB,2021,transect,58100,2,55,42.39568685,-80.91905456,1086.933111
CB,2021,transect,58100,2,56,42.39140952,-80.91727357,1402.929585
CB,2021,transect,58100,2,57,42.38706712,-80.9155791,1128.864713
CB,2021,transect,58100,2,58,42.38276081,-80.91384883,918.378223
CB,2021,transect,58100,2,59,42.37843644,-80.91209286,870.1950936
CB,2021,transect,58100,2,60,42.37415083,-80.91040956,1184.08965
CB,2021,transect,58100,2,61,42.36982386,-80.90870407,767.9721692
CB,2021,transect,58100,2,62,42.365493,-80.90693983,930.6601537
CB,2021,transect,58100,2,63,42.36120709,-80.90520636,1234.206458
CB,2021,transect,58100,2,64,42.3568898,-80.90340039,1148.773204
CB,2021,transect,58100,2,65,42.35260404,-80.90168399,1434.284852
CB,2021,transect,58100,2,66,42.34830889,-80.89991381,1656.900479
CB,2021,transect,58100,2,67,42.34397237,-80.89823181,1162.900381
CB,2021,transect,58100,2,68,42.3396744,-80.89646358,862.3271011
CB,2021,transect,58100,2,69,42.33536402,-80.89474817,897.7778636
CB,2021,transect,58100,2,70,42.33105115,-80.89303012,557.9866318
CB,2021,transect,58100,2,71,42.32672025,-80.89143138,319.4836805
CB,2021,transect,58100,2,72,42.32242046,-80.88969478,424.3761392
CB,2021,transect,58100,2,73,42.31812113,-80.88787778,374.9037887
CB,2021,transect,58100,2,74,42.31380437,-80.88616679,223.7609632
CB,2021,transect,58100,2,75,42.3095071,-80.8844304,257.1072507
CB,2021,transect,58100,2,76,42.30517599,-80.88276276,327.5699468
CB,2021,transect,58100,2,77,42.30087912,-80.8810599,299.8423131
CB,2021,transect,58100,2,78,42.2965877,-80.87924602,328.552356
CB,2021,transect,58100,2,79,42.29227771,-80.8774954,257.0375108
CB,2021,transect,58100,2,80,42.28799095,-80.87566734,389.2381063
CB,2021,transect,58100,2,81,42.28369989,-80.87394401,418.5277583
CB,2021,transect,58100,2,82,42.27939558,-80.87208886,400.4692493
CB,2021,transect,58100,2,83,42.27507443,-80.87042809,487.6619833
CB,2021,transect,58100,2,84,42.27075227,-80.86870512,448.8954384
CB,2021,transect,58100,2,85,42.26644243,-80.86695923,411.3904225
CB,2021,transect,58100,2,86,42.26212365,-80.86517027,481.77527
CB,2021,transect,58100,2,87,42.25782195,-80.86351292,592.7747736
CB,2021,transect,58100,2,88,42.25348807,-80.86182134,749.7932649
CB,2021,transect,58100,2,89,42.24918713,-80.86012091,398.1881147
CB,2021,transect,58100,2,90,42.24492354,-80.85813292,421.178112
CB,2021,transect,58100,2,91,42.24077561,-80.85583018,550.3925856
CB,2021,transect,58100,2,92,42.23667393,-80.85343947,568.5552704
CB,2021,transect,58100,2,93,42.23260423,-80.85087192,427.0576873
CB,2021,transect,58100,2,94,42.22858672,-80.8481175,672.7396959
CB,2021,transect,58100,2,95,42.22453877,-80.8453321,503.0705403
CB,2021,transect,58100,2,96,42.22026601,-80.84406124,310.9201286
CB,2021,transect,58100,2,97,42.2161144,-80.84174839,417.093015
CB,2021,transect,58100,2,98,42.21186869,-80.83957971,372.1036161
CB,2021,transect,58100,2,99,42.20757077,-80.83786267,424.2079849
CB,2021,transect,58100,2,100,42.20315691,-80.83683412,365.1931325
CB,2021,transect,58100,2,101,42.19873307,-80.83565523,386.8525745
CB,2021,transect,58100,2,102,42.19436227,-80.83421539,448.7466614
CB,2021,transect,58100,2,103,42.19004488,-80.83250397,274.3392987
CB,2021,transect,58100,2,104,42.18575529,-80.83071737,375.3954667
CB,2021,transect,58100,2,105,42.18145593,-80.82898442,408.3131387
CB,2021,transect,58100,2,106,42.17716067,-80.82712691,297.2664657
CB,2021,transect,58100,2,107,42.17281246,-80.82554076,222.5996533
CB,2021,transect,58100,2,108,42.16849461,-80.82390917,250.01432
CB,2021,transect,58100,2,109,42.16416198,-80.82223381,261.3668697
CB,2021,transect,58100,2,110,42.15980525,-80.82052169,277.0838176
CB,2021,transect,58100,2,111,42.15551713,-80.81901444,110.4389547
CB,2021,transect,58100,2,112,42.15115569,-80.8174253,59.47445357
CB,2021,transect,58100,2,113,42.14682457,-80.81571538,58.40188021
CB,2021,transect,58100,2,114,42.14252567,-80.81404921,201.6849822
CB,2021,transect,58100,2,115,42.13817346,-80.8122938,98.92009004
CB,2021,transect,58100,2,116,42.13385334,-80.81067567,203.3744864
CB,2021,transect,58100,2,117,42.12954973,-80.80896272,197.7033815
CB,2021,transect,58100,2,118,42.12524449,-80.80730743,146.3556525
CB,2021,transect,58100,2,119,42.12089143,-80.80563963,133.8526493
CB,2021,transect,58100,2,120,42.11655472,-80.80396386,305.1756366
CB,2021,transect,58100,2,121,42.11224789,-80.8023205,164.2479453
CB,2021,transect,58100,2,122,42.10796474,-80.80064043,117.3684874
CB,2021,transect,58100,2,123,42.10360094,-80.79901221,138.2926557
CB,2021,transect,58100,2,124,42.09927876,-80.79729306,128.1105106
CB,2021,transect,58100,2,125,42.09495544,-80.79556902,158.6394162
CB,2021,transect,58100,2,126,42.09068286,-80.79377839,157.9564728
CB,2021,transect,58100,2,127,42.08637098,-80.79200304,301.8960909
CB,2021,transect,58100,2,128,42.0820632,-80.79038381,156.0477324
CB,2021,transect,58100,2,129,42.07774841,-80.78874165,139.6823971
CB,2021,transect,58100,2,130,42.07337947,-80.78716505,192.7515731
CB,2021,transect,58100,2,131,42.06904355,-80.7854853,213.4598572
CB,2021,transect,58100,2,132,42.06472035,-80.78387044,209.880183
CB,2021,transect,58100,2,133,42.0604119,-80.78224229,268.7089531
CB,2021,transect,58100,2,134,42.05607705,-80.78056985,206.8068698
CB,2021,transect,58100,2,135,42.05174555,-80.77901443,186.011851
CB,2021,transect,58100,2,136,42.04743133,-80.77731525,285.7321826
CB,2021,transect,58100,2,137,42.0431035,-80.7756112,230.3374425
CB,2021,transect,58100,2,138,42.03878145,-80.7739613,298.1559865
CB,2021,transect,58100,2,139,42.03445048,-80.77232851,236.6609814
CB,2021,transect,58100,2,140,42.0301271,-80.77064263,210.8838339
CB,2021,transect,58100,2,141,42.02579423,-80.76898247,323.677176
CB,2021,transect,58100,2,142,42.02149064,-80.76728454,215.4677822
CB,2021,transect,58100,2,143,42.01716793,-80.76562065,195.1646741
CB,2021,transect,58100,2,144,42.01285954,-80.7638265,214.029602
CB,2021,transect,58100,2,145,42.00858123,-80.76212239,153.3218126
CB,2021,transect,58100,2,146,42.00427294,-80.76033795,239.975008
CB,2021,transect,58100,2,147,41.99998621,-80.75853334,151.4788199
CB,2021,transect,58100,2,148,41.99566564,-80.7567204,156.0114687
CB,2021,transect,58100,2,149,41.99135426,-80.75515019,97.54907544
CB,2021,transect,58100,2,150,41.98697774,-80.75371288,1.41E-93
